mechanism,XH2_fuel,P_atm,T_K,1000/T,phi,diluent,label,IDT_s,IDT_ms
Full,0.0,1.2,1050.0,0.9523809523809523,1.0,N2,,4.692866458873257,4692.866458873257
Full,0.0,1.2,1100.0,0.9090909090909091,1.0,N2,,1.6891553463999058,1689.1553463999057
Full,0.0,1.2,1150.0,0.8695652173913043,1.0,N2,,0.6477628919501475,647.7628919501475
Full,0.0,1.2,1200.0,0.8333333333333334,1.0,N2,,0.2625766334134182,262.57663341341816
Full,0.0,1.2,1250.0,0.8,1.0,N2,,0.11199776675660035,111.99776675660036
Full,0.0,1.2,1300.0,0.7692307692307693,1.0,N2,,0.05020698227343433,50.20698227343433
Full,0.0,1.2,1350.0,0.7407407407407407,1.0,N2,,0.031908738753300296,31.908738753300295
Full,0.0,1.2,1400.0,0.7142857142857143,1.0,N2,,0.018971378425987732,18.97137842598773
Full,0.0,1.2,1450.0,0.6896551724137931,1.0,N2,,0.01658493074040868,16.58493074040868
Full,0.0,1.2,1500.0,0.6666666666666666,1.0,N2,,0.013720682756345306,13.720682756345305
Full,0.0,1.2,1550.0,0.6451612903225806,1.0,N2,,0.007200763014036934,7.200763014036934
Full,0.0,1.2,1600.0,0.625,1.0,N2,,0.009432506320663787,9.432506320663787
Full,0.0,1.2,1650.0,0.6060606060606061,1.0,N2,,0.005893172032664652,5.893172032664651
Full,0.0,1.2,1700.0,0.5882352941176471,1.0,N2,,0.006269353446677254,6.269353446677254
Full,0.0,1.2,1750.0,0.5714285714285714,1.0,N2,,0.005578452583398741,5.578452583398741
Full,0.0,1.2,1800.0,0.5555555555555556,1.0,N2,,0.004171237825018576,4.171237825018577
Full,0.0,1.2,1850.0,0.5405405405405406,1.0,N2,,0.0038279784805832218,3.827978480583222
Full,0.0,1.2,1900.0,0.5263157894736842,1.0,N2,,0.007208631850551172,7.208631850551172
Full,0.0,1.2,1950.0,0.5128205128205128,1.0,N2,,0.004915874661833073,4.915874661833073
Full,0.0,1.2,2000.0,0.5,1.0,N2,,0.003305384628256949,3.305384628256949
Full,0.0,10.0,1050.0,0.9523809523809523,1.0,N2,,0.20286831687730977,202.86831687730978
Full,0.0,10.0,1100.0,0.9090909090909091,1.0,N2,,0.10845981929283662,108.45981929283661
Full,0.0,10.0,1150.0,0.8695652173913043,1.0,N2,,0.05421424175959119,54.21424175959119
Full,0.0,10.0,1200.0,0.8333333333333334,1.0,N2,,0.026670945971277765,26.670945971277764
Full,0.0,10.0,1250.0,0.8,1.0,N2,,0.013330994369915198,13.330994369915198
Full,0.0,10.0,1300.0,0.7692307692307693,1.0,N2,,0.006828214601477977,6.828214601477977
Full,0.0,10.0,1350.0,0.7407407407407407,1.0,N2,,0.0035909419605921955,3.5909419605921955
Full,0.0,10.0,1400.0,0.7142857142857143,1.0,N2,,0.001940380521532913,1.940380521532913
Full,0.0,10.0,1450.0,0.6896551724137931,1.0,N2,,0.001078757255271297,1.078757255271297
Full,0.0,10.0,1500.0,0.6666666666666666,1.0,N2,,0.000618562899142848,0.618562899142848
Full,0.0,10.0,1550.0,0.6451612903225806,1.0,N2,,0.0003664942477562289,0.3664942477562289
Full,0.0,10.0,1600.0,0.625,1.0,N2,,0.0010065322264463576,1.0065322264463576
Full,0.0,10.0,1650.0,0.6060606060606061,1.0,N2,,0.0007445360700525911,0.744536070052591
Full,0.0,10.0,1700.0,0.5882352941176471,1.0,N2,,0.000700681076663451,0.7006810766634509
Full,0.0,10.0,1750.0,0.5714285714285714,1.0,N2,,0.0005877421362073433,0.5877421362073433
Full,0.0,10.0,1800.0,0.5555555555555556,1.0,N2,,0.0006292562028681178,0.6292562028681178
Full,0.0,10.0,1850.0,0.5405405405405406,1.0,N2,,0.00037660369361122346,0.3766036936112235
Full,0.0,10.0,1900.0,0.5263157894736842,1.0,N2,,0.0005153734601493264,0.5153734601493264
Full,0.0,10.0,1950.0,0.5128205128205128,1.0,N2,,0.00048701106370464223,0.48701106370464226
Full,0.0,10.0,2000.0,0.5,1.0,N2,,0.00029283173256877644,0.2928317325687764
Full,0.05,1.2,1050.0,0.9523809523809523,1.0,N2,,0.2910999563409797,291.0999563409797
Full,0.05,1.2,1100.0,0.9090909090909091,1.0,N2,,0.12724178323315827,127.24178323315827
Full,0.05,1.2,1150.0,0.8695652173913043,1.0,N2,,0.04995389338511041,49.953893385110405
Full,0.05,1.2,1200.0,0.8333333333333334,1.0,N2,,0.019852251026393566,19.852251026393567
Full,0.05,1.2,1250.0,0.8,1.0,N2,,0.008890936521904133,8.890936521904132
Full,0.05,1.2,1300.0,0.7692307692307693,1.0,N2,,0.004555986266708399,4.555986266708399
Full,0.05,1.2,1350.0,0.7407407407407407,1.0,N2,,0.011609698496860683,11.609698496860682
Full,0.05,1.2,1400.0,0.7142857142857143,1.0,N2,,0.009046374780767336,9.046374780767335
Full,0.05,1.2,1450.0,0.6896551724137931,1.0,N2,,0.01109501434926086,11.09501434926086
Full,0.05,1.2,1500.0,0.6666666666666666,1.0,N2,,0.008214713771794403,8.214713771794402
Full,0.05,1.2,1550.0,0.6451612903225806,1.0,N2,,0.009060178714626282,9.060178714626282
Full,0.05,1.2,1600.0,0.625,1.0,N2,,0.0057505762489459085,5.750576248945908
Full,0.05,1.2,1650.0,0.6060606060606061,1.0,N2,,0.008196905129755832,8.196905129755832
Full,0.05,1.2,1700.0,0.5882352941176471,1.0,N2,,0.01995626378124144,19.956263781241443
Full,0.05,1.2,1750.0,0.5714285714285714,1.0,N2,,0.008760424261207912,8.760424261207913
Full,0.05,1.2,1800.0,0.5555555555555556,1.0,N2,,0.004200940066894828,4.200940066894828
Full,0.05,1.2,1850.0,0.5405405405405406,1.0,N2,,0.003764682372601816,3.7646823726018157
Full,0.05,1.2,1900.0,0.5263157894736842,1.0,N2,,0.004864177658832156,4.864177658832157
Full,0.05,1.2,1950.0,0.5128205128205128,1.0,N2,,0.0038755301763558738,3.875530176355874
Full,0.05,1.2,2000.0,0.5,1.0,N2,,0.003253452685725686,3.253452685725686
Full,0.05,10.0,1050.0,0.9523809523809523,1.0,N2,,0.026683152656186523,26.68315265618652
Full,0.05,10.0,1100.0,0.9090909090909091,1.0,N2,,0.015402564814239817,15.402564814239817
Full,0.05,10.0,1150.0,0.8695652173913043,1.0,N2,,0.009240315756272018,9.240315756272018
Full,0.05,10.0,1200.0,0.8333333333333334,1.0,N2,,0.005636609062000907,5.636609062000907
Full,0.05,10.0,1250.0,0.8,1.0,N2,,0.0034225749298164646,3.4225749298164647
Full,0.05,10.0,1300.0,0.7692307692307693,1.0,N2,,0.002040852897959666,2.040852897959666
Full,0.05,10.0,1350.0,0.7407407407407407,1.0,N2,,0.0011945299017367815,1.1945299017367816
Full,0.05,10.0,1400.0,0.7142857142857143,1.0,N2,,0.0006938287736815946,0.6938287736815946
Full,0.05,10.0,1450.0,0.6896551724137931,1.0,N2,,0.00040715239462087795,0.40715239462087793
Full,0.05,10.0,1500.0,0.6666666666666666,1.0,N2,,0.0002460672794193795,0.2460672794193795
Full,0.05,10.0,1550.0,0.6451612903225806,1.0,N2,,0.00015488880513578245,0.15488880513578246
Full,0.05,10.0,1600.0,0.625,1.0,N2,,0.0008490536777270712,0.8490536777270712
Full,0.05,10.0,1650.0,0.6060606060606061,1.0,N2,,0.0012430113523045616,1.2430113523045616
Full,0.05,10.0,1700.0,0.5882352941176471,1.0,N2,,0.0005026273990006212,0.5026273990006213
Full,0.05,10.0,1750.0,0.5714285714285714,1.0,N2,,0.00045430517132861867,0.4543051713286187
Full,0.05,10.0,1800.0,0.5555555555555556,1.0,N2,,0.000542454973282176,0.5424549732821761
Full,0.05,10.0,1850.0,0.5405405405405406,1.0,N2,,0.0003754816334228337,0.3754816334228337
Full,0.05,10.0,1900.0,0.5263157894736842,1.0,N2,,0.0006596948033250056,0.6596948033250056
Full,0.05,10.0,1950.0,0.5128205128205128,1.0,N2,,0.00029936149338492357,0.29936149338492357
Full,0.05,10.0,2000.0,0.5,1.0,N2,,0.0002837682460477787,0.2837682460477787
Full,0.3,1.2,1000.0,1.0,1.0,N2,,0.02867038316548925,28.670383165489252
Full,0.3,1.2,1052.6315789473683,0.9500000000000001,1.0,N2,,0.005836970635568156,5.836970635568155
Full,0.3,1.2,1105.2631578947369,0.9047619047619048,1.0,N2,,0.001698370456773231,1.698370456773231
Full,0.3,1.2,1157.8947368421052,0.8636363636363636,1.0,N2,,0.0008138343315975906,0.8138343315975906
Full,0.3,1.2,1210.5263157894738,0.8260869565217391,1.0,N2,,0.0004848832251401136,0.4848832251401136
Full,0.3,1.2,1263.157894736842,0.7916666666666666,1.0,N2,,0.0003247710934479723,0.3247710934479723
Full,0.3,1.2,1315.7894736842104,0.7600000000000001,1.0,N2,,0.00023206696967622488,0.23206696967622487
Full,0.3,1.2,1368.421052631579,0.7307692307692307,1.0,N2,,0.0004903221903727657,0.4903221903727657
Full,0.3,1.2,1421.0526315789473,0.7037037037037037,1.0,N2,,0.0072152254670599875,7.215225467059987
Full,0.3,1.2,1473.6842105263158,0.6785714285714286,1.0,N2,,0.008409268659191763,8.409268659191763
Full,0.3,1.2,1526.3157894736842,0.6551724137931034,1.0,N2,,0.020424784970976783,20.424784970976784
Full,0.3,1.2,1578.9473684210525,0.6333333333333334,1.0,N2,,0.004939652823070039,4.939652823070039
Full,0.3,1.2,1631.578947368421,0.6129032258064516,1.0,N2,,0.004348590546142714,4.348590546142714
Full,0.3,1.2,1684.2105263157896,0.59375,1.0,N2,,0.004077314133005287,4.077314133005287
Full,0.3,1.2,1736.842105263158,0.5757575757575758,1.0,N2,,0.005205290873880406,5.205290873880406
Full,0.3,1.2,1789.4736842105262,0.5588235294117647,1.0,N2,,0.005332382781735534,5.332382781735534
Full,0.3,1.2,1842.1052631578946,0.5428571428571429,1.0,N2,,0.007273744949741225,7.273744949741225
Full,0.3,1.2,1894.7368421052631,0.5277777777777778,1.0,N2,,0.004597487677177312,4.5974876771773125
Full,0.3,1.2,1947.3684210526317,0.5135135135135135,1.0,N2,,0.0037453106942714185,3.7453106942714185
Full,0.3,1.2,2000.0,0.5,1.0,N2,,0.002914401049582009,2.914401049582009
Full,0.3,10.0,1000.0,1.0,1.0,N2,,0.013648757408424287,13.648757408424286
Full,0.3,10.0,1052.6315789473683,0.9500000000000001,1.0,N2,,0.005612109730221757,5.612109730221757
Full,0.3,10.0,1105.2631578947369,0.9047619047619048,1.0,N2,,0.0024846127209804977,2.484612720980498
Full,0.3,10.0,1157.8947368421052,0.8636363636363636,1.0,N2,,0.0011529003903988054,1.1529003903988053
Full,0.3,10.0,1210.5263157894738,0.8260869565217391,1.0,N2,,0.0005504318224840026,0.5504318224840026
Full,0.3,10.0,1263.157894736842,0.7916666666666666,1.0,N2,,0.00026761186568450315,0.2676118656845031
Full,0.3,10.0,1315.7894736842104,0.7600000000000001,1.0,N2,,0.00013376854858102526,0.13376854858102527
Full,0.3,10.0,1368.421052631579,0.7307692307692307,1.0,N2,,7.142568211864357e-05,0.07142568211864357
Full,0.3,10.0,1421.0526315789473,0.7037037037037037,1.0,N2,,4.2416331916139534e-05,0.042416331916139534
Full,0.3,10.0,1473.6842105263158,0.6785714285714286,1.0,N2,,2.790696557088046e-05,0.02790696557088046
Full,0.3,10.0,1526.3157894736842,0.6551724137931034,1.0,N2,,1.9857534287548218e-05,0.019857534287548217
Full,0.3,10.0,1578.9473684210525,0.6333333333333334,1.0,N2,,1.4989838666175312e-05,0.014989838666175311
Full,0.3,10.0,1631.578947368421,0.6129032258064516,1.0,N2,,2.6198448932180424e-05,0.026198448932180422
Full,0.3,10.0,1684.2105263157896,0.59375,1.0,N2,,0.0005724367262354732,0.5724367262354731
Full,0.3,10.0,1736.842105263158,0.5757575757575758,1.0,N2,,0.0004887478798998964,0.48874787989989643
Full,0.3,10.0,1789.4736842105262,0.5588235294117647,1.0,N2,,0.0004604768328807615,0.4604768328807615
Full,0.3,10.0,1842.1052631578946,0.5428571428571429,1.0,N2,,0.0004385529460676445,0.4385529460676445
Full,0.3,10.0,1894.7368421052631,0.5277777777777778,1.0,N2,,0.00033042976966540886,0.3304297696654089
Full,0.3,10.0,1947.3684210526317,0.5135135135135135,1.0,N2,,0.0003443579595205234,0.3443579595205234
Full,0.3,10.0,2000.0,0.5,1.0,N2,,0.0006736097769257257,0.6736097769257258
Full,0.7,1.2,900.0,1.1111111111111112,1.0,N2,,0.2393617444938938,239.3617444938938
Full,0.7,1.2,947.3684210526316,1.0555555555555556,1.0,N2,,0.0346295121670579,34.629512167057904
Full,0.7,1.2,994.7368421052631,1.0052910052910053,1.0,N2,,0.0017727617059906096,1.7727617059906096
Full,0.7,1.2,1042.1052631578948,0.9595959595959596,1.0,N2,,0.0003820299730499867,0.3820299730499867
Full,0.7,1.2,1089.4736842105262,0.9178743961352658,1.0,N2,,0.00020095930608113197,0.20095930608113197
Full,0.7,1.2,1136.842105263158,0.8796296296296297,1.0,N2,,0.00012993242460678745,0.12993242460678744
Full,0.7,1.2,1184.2105263157896,0.8444444444444443,1.0,N2,,9.286146145512296e-05,0.09286146145512296
Full,0.7,1.2,1231.578947368421,0.811965811965812,1.0,N2,,7.061996456170019e-05,0.0706199645617002
Full,0.7,1.2,1278.9473684210527,0.7818930041152263,1.0,N2,,5.609244689146907e-05,0.05609244689146907
Full,0.7,1.2,1326.3157894736842,0.753968253968254,1.0,N2,,4.604017994384548e-05,0.04604017994384548
Full,0.7,1.2,1373.6842105263158,0.7279693486590038,1.0,N2,,3.886938130251415e-05,0.03886938130251415
Full,0.7,1.2,1421.0526315789475,0.7037037037037036,1.0,N2,,3.349808899227585e-05,0.033498088992275854
Full,0.7,1.2,1468.421052631579,0.6810035842293907,1.0,N2,,2.9487685034476343e-05,0.02948768503447634
Full,0.7,1.2,1515.7894736842104,0.6597222222222223,1.0,N2,,0.00405310428065907,4.05310428065907
Full,0.7,1.2,1563.157894736842,0.6397306397306397,1.0,N2,,0.005187472371114888,5.187472371114888
Full,0.7,1.2,1610.5263157894738,0.6209150326797386,1.0,N2,,0.003803602852222304,3.803602852222304
Full,0.7,1.2,1657.8947368421054,0.6031746031746031,1.0,N2,,0.0034800756522563483,3.4800756522563483
Full,0.7,1.2,1705.2631578947369,0.5864197530864197,1.0,N2,,0.004286572089583794,4.286572089583794
Full,0.7,1.2,1752.6315789473683,0.5705705705705706,1.0,N2,,0.004270764111451323,4.270764111451323
Full,0.7,1.2,1800.0,0.5555555555555556,1.0,N2,,0.0029268548629639594,2.9268548629639595
Full,0.7,10.0,900.0,1.1111111111111112,1.0,N2,,0.08895250417257194,88.95250417257195
Full,0.7,10.0,947.3684210526316,1.0555555555555556,1.0,N2,,0.026717557215541803,26.717557215541802
Full,0.7,10.0,994.7368421052631,1.0052910052910053,1.0,N2,,0.008980308359896542,8.980308359896542
Full,0.7,10.0,1042.1052631578948,0.9595959595959596,1.0,N2,,0.0032894196433624883,3.2894196433624883
Full,0.7,10.0,1089.4736842105262,0.9178743961352658,1.0,N2,,0.0012718445188072381,1.271844518807238
Full,0.7,10.0,1136.842105263158,0.8796296296296297,1.0,N2,,0.0004958820067318368,0.4958820067318368
Full,0.7,10.0,1184.2105263157896,0.8444444444444443,1.0,N2,,0.00018001665488387637,0.18001665488387636
Full,0.7,10.0,1231.578947368421,0.811965811965812,1.0,N2,,5.415300300806717e-05,0.05415300300806717
Full,0.7,10.0,1278.9473684210527,0.7818930041152263,1.0,N2,,1.9246801857298854e-05,0.019246801857298854
Full,0.7,10.0,1326.3157894736842,0.753968253968254,1.0,N2,,1.065541674512373e-05,0.01065541674512373
Full,0.7,10.0,1373.6842105263158,0.7279693486590038,1.0,N2,,7.16518272450797e-06,0.00716518272450797
Full,0.7,10.0,1421.0526315789475,0.7037037037037036,1.0,N2,,5.284292547776926e-06,0.005284292547776927
Full,0.7,10.0,1468.421052631579,0.6810035842293907,1.0,N2,,4.124183612876923e-06,0.004124183612876923
Full,0.7,10.0,1515.7894736842104,0.6597222222222223,1.0,N2,,3.3434631562678026e-06,0.0033434631562678026
Full,0.7,10.0,1563.157894736842,0.6397306397306397,1.0,N2,,2.7861833869779213e-06,0.0027861833869779213
Full,0.7,10.0,1610.5263157894738,0.6209150326797386,1.0,N2,,2.3710429308793256e-06,0.0023710429308793257
Full,0.7,10.0,1657.8947368421054,0.6031746031746031,1.0,N2,,2.0530502024982454e-06,0.0020530502024982454
Full,0.7,10.0,1705.2631578947369,0.5864197530864197,1.0,N2,,1.8017422855353543e-06,0.0018017422855353543
Full,0.7,10.0,1752.6315789473683,0.5705705705705706,1.0,N2,,1.5992264782085666e-06,0.0015992264782085665
Full,0.7,10.0,1800.0,0.5555555555555556,1.0,N2,,1.4330617980870464e-06,0.0014330617980870463
Full,0.0,20.0,1050.0,0.9523809523809523,1.0,N2,,0.07679171427108655,76.79171427108655
Full,0.0,20.0,1100.0,0.9090909090909091,1.0,N2,,0.04004716078483597,40.047160784835974
Full,0.0,20.0,1150.0,0.8695652173913043,1.0,N2,,0.021316102368408772,21.31610236840877
Full,0.0,20.0,1200.0,0.8333333333333334,1.0,N2,,0.011258098991024791,11.258098991024792
Full,0.0,20.0,1250.0,0.8,1.0,N2,,0.005962897745205509,5.96289774520551
Full,0.0,20.0,1300.0,0.7692307692307693,1.0,N2,,0.0032090878325308943,3.2090878325308942
Full,0.0,20.0,1350.0,0.7407407407407407,1.0,N2,,0.0017648914931547794,1.7648914931547794
Full,0.0,20.0,1400.0,0.7142857142857143,1.0,N2,,0.0009936853847506133,0.9936853847506133
Full,0.0,20.0,1450.0,0.6896551724137931,1.0,N2,,0.0005731365875811016,0.5731365875811016
Full,0.0,20.0,1500.0,0.6666666666666666,1.0,N2,,0.0003388970779559501,0.3388970779559501
Full,0.0,20.0,1550.0,0.6451612903225806,1.0,N2,,0.00020569014762418495,0.20569014762418494
Full,0.0,20.0,1600.0,0.625,1.0,N2,,0.00012838941185653102,0.12838941185653102
Full,0.0,20.0,1650.0,0.6060606060606061,1.0,N2,,8.239107295428436e-05,0.08239107295428436
Full,0.0,20.0,1700.0,0.5882352941176471,1.0,N2,,0.00037513416051637504,0.37513416051637505
Full,0.0,20.0,1750.0,0.5714285714285714,1.0,N2,,0.0002446400791137649,0.24464007911376492
Full,0.0,20.0,1800.0,0.5555555555555556,1.0,N2,,0.00031241574521644424,0.3124157452164442
Full,0.0,20.0,1850.0,0.5405405405405406,1.0,N2,,0.00022206470326806825,0.22206470326806824
Full,0.0,20.0,1900.0,0.5263157894736842,1.0,N2,,0.00016254026284066836,0.16254026284066836
Full,0.0,20.0,1950.0,0.5128205128205128,1.0,N2,,0.00022381546737304886,0.22381546737304886
Full,0.0,20.0,2000.0,0.5,1.0,N2,,0.00014230529915150775,0.14230529915150775
Full,0.0,40.0,1050.0,0.9523809523809523,1.0,N2,,0.03323083570819977,33.23083570819977
Full,0.0,40.0,1100.0,0.9090909090909091,1.0,N2,,0.016829372252909956,16.829372252909955
Full,0.0,40.0,1150.0,0.8695652173913043,1.0,N2,,0.008921495608551353,8.921495608551353
Full,0.0,40.0,1200.0,0.8333333333333334,1.0,N2,,0.004834617970954577,4.834617970954578
Full,0.0,40.0,1250.0,0.8,1.0,N2,,0.002653927367162722,2.653927367162722
Full,0.0,40.0,1300.0,0.7692307692307693,1.0,N2,,0.001479955527889702,1.479955527889702
Full,0.0,40.0,1350.0,0.7407407407407407,1.0,N2,,0.0008419351636500937,0.8419351636500937
Full,0.0,40.0,1400.0,0.7142857142857143,1.0,N2,,0.0004896751972005373,0.4896751972005373
Full,0.0,40.0,1450.0,0.6896551724137931,1.0,N2,,0.0002913351936904355,0.2913351936904355
Full,0.0,40.0,1500.0,0.6666666666666666,1.0,N2,,0.00017731393324430257,0.17731393324430256
Full,0.0,40.0,1550.0,0.6451612903225806,1.0,N2,,0.00011040633615633575,0.11040633615633574
Full,0.0,40.0,1600.0,0.625,1.0,N2,,7.035328088865006e-05,0.07035328088865006
Full,0.0,40.0,1650.0,0.6060606060606061,1.0,N2,,4.5907597280570285e-05,0.045907597280570284
Full,0.0,40.0,1700.0,0.5882352941176471,1.0,N2,,3.071919482293267e-05,0.03071919482293267
Full,0.0,40.0,1750.0,0.5714285714285714,1.0,N2,,2.2480392906760287e-05,0.022480392906760287
Full,0.0,40.0,1800.0,0.5555555555555556,1.0,N2,,0.00010528685725941751,0.10528685725941751
Full,0.0,40.0,1850.0,0.5405405405405406,1.0,N2,,0.00010420659072375723,0.10420659072375724
Full,0.0,40.0,1900.0,0.5263157894736842,1.0,N2,,0.00012491146419257154,0.12491146419257154
Full,0.0,40.0,1950.0,0.5128205128205128,1.0,N2,,0.00011303467785418273,0.11303467785418272
Full,0.0,40.0,2000.0,0.5,1.0,N2,,7.859676503620731e-05,0.07859676503620731
Full,0.0,1.4,1050.0,0.9523809523809523,0.5,AR,,10.07156023748373,10071.56023748373
Full,0.0,1.4,1100.0,0.9090909090909091,0.5,AR,,10.025358266539273,10025.358266539273
Full,0.0,1.4,1150.0,0.8695652173913043,0.5,AR,,10.01427946869964,10014.279468699639
Full,0.0,1.4,1200.0,0.8333333333333334,0.5,AR,,1.0089517862678263,1008.9517862678264
Full,0.0,1.4,1250.0,0.8,0.5,AR,,1.0000932755852272,1000.0932755852272
Full,0.0,1.4,1300.0,0.7692307692307693,0.5,AR,,0.46143244946595985,461.43244946595985
Full,0.0,1.4,1350.0,0.7407407407407407,0.5,AR,,0.17948885381819685,179.48885381819684
Full,0.0,1.4,1400.0,0.7142857142857143,0.5,AR,,0.08351211277985143,83.51211277985144
Full,0.0,1.4,1450.0,0.6896551724137931,0.5,AR,,0.04394861973235351,43.948619732353514
Full,0.0,1.4,1500.0,0.6666666666666666,0.5,AR,,0.025261301843458497,25.261301843458497
Full,0.0,1.4,1550.0,0.6451612903225806,0.5,AR,,0.015509480286429678,15.509480286429678
Full,0.0,1.4,1600.0,0.625,0.5,AR,,0.010024586510547603,10.024586510547604
Full,0.0,1.4,1650.0,0.6060606060606061,0.5,AR,,0.006751486955077513,6.751486955077513
Full,0.0,1.4,1700.0,0.5882352941176471,0.5,AR,,0.004702975308225775,4.702975308225775
Full,0.0,1.4,1750.0,0.5714285714285714,0.5,AR,,0.003369105885216888,3.369105885216888
Full,0.0,1.4,1800.0,0.5555555555555556,0.5,AR,,0.0024726477860955247,2.472647786095525
Full,0.0,1.4,1850.0,0.5405405405405406,0.5,AR,,0.0018531028687451623,1.8531028687451623
Full,0.0,1.4,1900.0,0.5263157894736842,0.5,AR,,0.001414955870931326,1.4149558709313261
Full,0.0,1.4,1950.0,0.5128205128205128,0.5,AR,,0.001098948497796318,1.098948497796318
Full,0.0,1.4,2000.0,0.5,0.5,AR,,0.0008668091995057659,0.866809199505766
Full,0.0,1.4,1050.0,0.9523809523809523,1.0,AR,,10.388002906544724,10388.002906544723
Full,0.0,1.4,1100.0,0.9090909090909091,1.0,AR,,10.129379074614523,10129.379074614522
Full,0.0,1.4,1150.0,0.8695652173913043,1.0,AR,,10.097948573407303,10097.948573407302
Full,0.0,1.4,1200.0,0.8333333333333334,1.0,AR,,1.00737522575893,1007.3752257589299
Full,0.0,1.4,1250.0,0.8,1.0,AR,,1.001106324234015,1001.106324234015
Full,0.0,1.4,1300.0,0.7692307692307693,1.0,AR,,0.5303832861968595,530.3832861968594
Full,0.0,1.4,1350.0,0.7407407407407407,1.0,AR,,0.21552239292973538,215.5223929297354
Full,0.0,1.4,1400.0,0.7142857142857143,1.0,AR,,0.10182175615105568,101.82175615105568
Full,0.0,1.4,1450.0,0.6896551724137931,1.0,AR,,0.05379578244267235,53.79578244267235
Full,0.0,1.4,1500.0,0.6666666666666666,1.0,AR,,0.03089832559201057,30.89832559201057
Full,0.0,1.4,1550.0,0.6451612903225806,1.0,AR,,0.018917987132571208,18.91798713257121
Full,0.0,1.4,1600.0,0.625,1.0,AR,,0.012181964046748551,12.18196404674855
Full,0.0,1.4,1650.0,0.6060606060606061,1.0,AR,,0.008170753688698528,8.170753688698529
Full,0.0,1.4,1700.0,0.5882352941176471,1.0,AR,,0.005668625885519566,5.668625885519566
Full,0.0,1.4,1750.0,0.5714285714285714,1.0,AR,,0.0040452024861879245,4.045202486187924
Full,0.0,1.4,1800.0,0.5555555555555556,1.0,AR,,0.002958464615620051,2.958464615620051
Full,0.0,1.4,1850.0,0.5405405405405406,1.0,AR,,0.002210328085413422,2.210328085413422
Full,0.0,1.4,1900.0,0.5263157894736842,1.0,AR,,0.0016820779217304254,1.6820779217304254
Full,0.0,1.4,1950.0,0.5128205128205128,1.0,AR,,0.0013020139531083439,1.302013953108344
Full,0.0,1.4,2000.0,0.5,1.0,AR,,0.0010233831257787213,1.0233831257787214
Full,0.0,1.4,1050.0,0.9523809523809523,2.0,AR,,10.424629860233088,10424.629860233088
Full,0.0,1.4,1100.0,0.9090909090909091,2.0,AR,,10.125109598411592,10125.109598411593
Full,0.0,1.4,1150.0,0.8695652173913043,2.0,AR,,10.07890112565069,10078.90112565069
Full,0.0,1.4,1200.0,0.8333333333333334,2.0,AR,,1.001683433721466,1001.6834337214659
Full,0.0,1.4,1250.0,0.8,2.0,AR,,1.0009768854574024,1000.9768854574024
Full,0.0,1.4,1300.0,0.7692307692307693,2.0,AR,,0.6333015594351574,633.3015594351574
Full,0.0,1.4,1350.0,0.7407407407407407,2.0,AR,,0.26949482062741914,269.49482062741913
Full,0.0,1.4,1400.0,0.7142857142857143,2.0,AR,,0.1300259874969781,130.0259874969781
Full,0.0,1.4,1450.0,0.6896551724137931,2.0,AR,,0.0691891179795514,69.18911797955141
Full,0.0,1.4,1500.0,0.6666666666666666,2.0,AR,,0.039776694166302015,39.776694166302015
Full,0.0,1.4,1550.0,0.6451612903225806,2.0,AR,,0.024266660503847685,24.266660503847685
Full,0.0,1.4,1600.0,0.625,2.0,AR,,0.01556225558413328,15.56225558413328
Full,0.0,1.4,1650.0,0.6060606060606061,2.0,AR,,0.010375864791395078,10.375864791395077
Full,0.0,1.4,1700.0,0.5882352941176471,2.0,AR,,0.007150624435480536,7.150624435480536
Full,0.0,1.4,1750.0,0.5714285714285714,2.0,AR,,0.00506382785663515,5.06382785663515
Full,0.0,1.4,1800.0,0.5555555555555556,2.0,AR,,0.0036709554029336557,3.6709554029336555
Full,0.0,1.4,1850.0,0.5405405405405406,2.0,AR,,0.10037371946223556,100.37371946223556
Full,0.0,1.4,1900.0,0.5263157894736842,2.0,AR,,0.10068597923695681,100.68597923695681
Full,0.0,1.4,1950.0,0.5128205128205128,2.0,AR,,0.10016627143888304,100.16627143888304
Full,0.0,1.4,2000.0,0.5,2.0,AR,,0.101210914491805,101.210914491805
Full,0.0,1.4,1500.0,0.6666666666666666,1.0,AR,FigS1_1.4atm,0.03089832559201057,30.89832559201057
Full,0.0,1.4,1552.6315789473683,0.6440677966101696,1.0,AR,FigS1_1.4atm,0.018463443859398156,18.463443859398158
Full,0.0,1.4,1605.2631578947369,0.6229508196721312,1.0,AR,FigS1_1.4atm,0.01165918267994919,11.65918267994919
Full,0.0,1.4,1657.8947368421052,0.6031746031746031,1.0,AR,FigS1_1.4atm,0.007696244907293987,7.696244907293987
Full,0.0,1.4,1710.5263157894738,0.5846153846153845,1.0,AR,FigS1_1.4atm,0.005267827386072869,5.267827386072869
Full,0.0,1.4,1763.157894736842,0.5671641791044776,1.0,AR,FigS1_1.4atm,0.0037181384370003558,3.7181384370003556
Full,0.0,1.4,1815.7894736842104,0.5507246376811594,1.0,AR,FigS1_1.4atm,0.0026926996304352064,2.6926996304352064
Full,0.0,1.4,1868.421052631579,0.5352112676056338,1.0,AR,FigS1_1.4atm,0.00199499467372167,1.99499467372167
Full,0.0,1.4,1921.0526315789473,0.5205479452054794,1.0,AR,FigS1_1.4atm,0.0015073634426124116,1.5073634426124116
Full,0.0,1.4,1973.6842105263158,0.5066666666666667,1.0,AR,FigS1_1.4atm,0.0011594522596262795,1.1594522596262795
Full,0.0,1.4,2026.3157894736842,0.4935064935064935,1.0,AR,FigS1_1.4atm,0.0009070901857782986,0.9070901857782986
Full,0.0,1.4,2078.9473684210525,0.4810126582278481,1.0,AR,FigS1_1.4atm,0.0007202082218371955,0.7202082218371955
Full,0.0,1.4,2131.578947368421,0.46913580246913583,1.0,AR,FigS1_1.4atm,0.0005802305644443111,0.5802305644443111
Full,0.0,1.4,2184.2105263157896,0.4578313253012048,1.0,AR,FigS1_1.4atm,0.00047390427425229804,0.47390427425229803
Full,0.0,1.4,2236.842105263158,0.4470588235294118,1.0,AR,FigS1_1.4atm,0.0003921891642741216,0.3921891642741216
Full,0.0,1.4,2289.4736842105262,0.4367816091954023,1.0,AR,FigS1_1.4atm,0.00032899328443015063,0.32899328443015063
Full,0.0,1.4,2342.1052631578946,0.4269662921348315,1.0,AR,FigS1_1.4atm,0.00028045314271280756,0.2804531427128076
Full,0.0,1.4,2394.7368421052633,0.41758241758241754,1.0,AR,FigS1_1.4atm,0.10127532078670845,101.27532078670845
Full,0.0,1.4,2447.3684210526317,0.4086021505376344,1.0,AR,FigS1_1.4atm,0.10107038688081238,101.07038688081238
Full,0.0,1.4,2500.0,0.4,1.0,AR,FigS1_1.4atm,0.10050682280371455,100.50682280371456
Full,0.0,11.0,1500.0,0.6666666666666666,1.0,AR,FigS1_11atm,0.006646407090022205,6.646407090022205
Full,0.0,11.0,1552.6315789473683,0.6440677966101696,1.0,AR,FigS1_11atm,0.0035050932857317854,3.5050932857317854
Full,0.0,11.0,1605.2631578947369,0.6229508196721312,1.0,AR,FigS1_11atm,0.0020272252865615754,2.0272252865615754
Full,0.0,11.0,1657.8947368421052,0.6031746031746031,1.0,AR,FigS1_11atm,0.0012563646358118102,1.2563646358118101
Full,0.0,11.0,1710.5263157894738,0.5846153846153845,1.0,AR,FigS1_11atm,0.0008212130667132075,0.8212130667132076
Full,0.0,11.0,1763.157894736842,0.5671641791044776,1.0,AR,FigS1_11atm,0.0005597438175711532,0.5597438175711532
Full,0.0,11.0,1815.7894736842104,0.5507246376811594,1.0,AR,FigS1_11atm,0.0003946154362103311,0.3946154362103311
Full,0.0,11.0,1868.421052631579,0.5352112676056338,1.0,AR,FigS1_11atm,0.0002861282046068192,0.2861282046068192
Full,0.0,11.0,1921.0526315789473,0.5205479452054794,1.0,AR,FigS1_11atm,0.0002124890216899983,0.2124890216899983
Full,0.0,11.0,1973.6842105263158,0.5066666666666667,1.0,AR,FigS1_11atm,0.00016103267446600458,0.16103267446600458
Full,0.0,11.0,2026.3157894736842,0.4935064935064935,1.0,AR,FigS1_11atm,0.00012425035862551767,0.12425035862551767
Full,0.0,11.0,2078.9473684210525,0.4810126582278481,1.0,AR,FigS1_11atm,9.744181972600656e-05,0.09744181972600656
Full,0.0,11.0,2131.578947368421,0.46913580246913583,1.0,AR,FigS1_11atm,7.758058333096216e-05,0.07758058333096216
Full,0.0,11.0,2184.2105263157896,0.4578313253012048,1.0,AR,FigS1_11atm,6.253599159389293e-05,0.06253599159389293
Full,0.0,11.0,2236.842105263158,0.4470588235294118,1.0,AR,FigS1_11atm,5.107731992552662e-05,0.051077319925526624
Full,0.0,11.0,2289.4736842105262,0.4367816091954023,1.0,AR,FigS1_11atm,4.223458064519867e-05,0.04223458064519867
Full,0.0,11.0,2342.1052631578946,0.4269662921348315,1.0,AR,FigS1_11atm,3.5301397852319516e-05,0.03530139785231952
Full,0.0,11.0,2394.7368421052633,0.41758241758241754,1.0,AR,FigS1_11atm,2.9833316493201727e-05,0.029833316493201728
Full,0.0,11.0,2447.3684210526317,0.4086021505376344,1.0,AR,FigS1_11atm,2.5473881123970246e-05,0.025473881123970248
Full,0.0,11.0,2500.0,0.4,1.0,AR,FigS1_11atm,2.193327673663307e-05,0.021933276736633072
Full,0.0,43.4,900.0,1.1111111111111112,0.35,N2,FigS2a,0.29554986764894225,295.54986764894227
Full,0.0,43.4,921.0526315789474,1.0857142857142856,0.35,N2,FigS2a,0.19695731053415488,196.95731053415489
Full,0.0,43.4,942.1052631578948,1.0614525139664803,0.35,N2,FigS2a,0.13443103451145325,134.43103451145325
Full,0.0,43.4,963.1578947368421,1.0382513661202186,0.35,N2,FigS2a,0.09372271475371606,93.72271475371606
Full,0.0,43.4,984.2105263157895,1.0160427807486632,0.35,N2,FigS2a,0.06659091274364083,66.59091274364083
Full,0.0,43.4,1005.2631578947369,0.9947643979057591,0.35,N2,FigS2a,0.04812473264386001,48.12473264386001
Full,0.0,43.4,1026.3157894736842,0.9743589743589745,0.35,N2,FigS2a,0.03531639314792595,35.31639314792595
Full,0.0,43.4,1047.3684210526317,0.9547738693467336,0.35,N2,FigS2a,0.02627839607687601,26.27839607687601
Full,0.0,43.4,1068.421052631579,0.9359605911330049,0.35,N2,FigS2a,0.019800273900347085,19.800273900347086
Full,0.0,43.4,1089.4736842105262,0.9178743961352658,0.35,N2,FigS2a,0.015089638430150083,15.089638430150083
Full,0.0,43.4,1110.5263157894738,0.9004739336492891,0.35,N2,FigS2a,0.011618298597205446,11.618298597205445
Full,0.0,43.4,1131.578947368421,0.8837209302325582,0.35,N2,FigS2a,0.009028352367235275,9.028352367235275
Full,0.0,43.4,1152.6315789473683,0.8675799086757991,0.35,N2,FigS2a,0.0070736155572737845,7.073615557273785
Full,0.0,43.4,1173.6842105263158,0.852017937219731,0.35,N2,FigS2a,0.005582397897120995,5.582397897120995
Full,0.0,43.4,1194.7368421052631,0.8370044052863437,0.35,N2,FigS2a,0.004433398078070374,4.433398078070374
Full,0.0,43.4,1215.7894736842104,0.8225108225108226,0.35,N2,FigS2a,0.0035398844206239195,3.5398844206239195
Full,0.0,43.4,1236.842105263158,0.8085106382978723,0.35,N2,FigS2a,0.0028391511717624765,2.8391511717624764
Full,0.0,43.4,1257.8947368421054,0.7949790794979078,0.35,N2,FigS2a,0.0022853821847699414,2.2853821847699414
Full,0.0,43.4,1278.9473684210527,0.7818930041152263,0.35,N2,FigS2a,0.0018447954996503684,1.8447954996503684
Full,0.0,43.4,1300.0,0.7692307692307693,0.35,N2,FigS2a,0.00149223810979182,1.49223810979182
Full,0.1,43.4,900.0,1.1111111111111112,0.35,N2,FigS2a,0.06633016777079515,66.33016777079514
Full,0.1,43.4,921.0526315789474,1.0857142857142856,0.35,N2,FigS2a,0.0441842510290064,44.184251029006404
Full,0.1,43.4,942.1052631578948,1.0614525139664803,0.35,N2,FigS2a,0.03040332754245355,30.403327542453553
Full,0.1,43.4,963.1578947368421,1.0382513661202186,0.35,N2,FigS2a,0.021528480916255168,21.52848091625517
Full,0.1,43.4,984.2105263157895,1.0160427807486632,0.35,N2,FigS2a,0.015630769928159496,15.630769928159497
Full,0.1,43.4,1005.2631578947369,0.9947643979057591,0.35,N2,FigS2a,0.011597766288883047,11.597766288883047
Full,0.1,43.4,1026.3157894736842,0.9743589743589745,0.35,N2,FigS2a,0.008767464485659729,8.767464485659728
Full,0.1,43.4,1047.3684210526317,0.9547738693467336,0.35,N2,FigS2a,0.006734441672936105,6.734441672936105
Full,0.1,43.4,1068.421052631579,0.9359605911330049,0.35,N2,FigS2a,0.005243727976735087,5.243727976735087
Full,0.1,43.4,1089.4736842105262,0.9178743961352658,0.35,N2,FigS2a,0.004130761453662958,4.130761453662958
Full,0.1,43.4,1110.5263157894738,0.9004739336492891,0.35,N2,FigS2a,0.003286571936812945,3.2865719368129453
Full,0.1,43.4,1131.578947368421,0.8837209302325582,0.35,N2,FigS2a,0.0026373942167093743,2.6373942167093745
Full,0.1,43.4,1152.6315789473683,0.8675799086757991,0.35,N2,FigS2a,0.0021320960263610765,2.1320960263610766
Full,0.1,43.4,1173.6842105263158,0.852017937219731,0.35,N2,FigS2a,0.0017345902726062224,1.7345902726062223
Full,0.1,43.4,1194.7368421052631,0.8370044052863437,0.35,N2,FigS2a,0.0014189006702848414,1.4189006702848415
Full,0.1,43.4,1215.7894736842104,0.8225108225108226,0.35,N2,FigS2a,0.0011660337152329826,1.1660337152329825
Full,0.1,43.4,1236.842105263158,0.8085106382978723,0.35,N2,FigS2a,0.0009619034260041338,0.9619034260041338
Full,0.1,43.4,1257.8947368421054,0.7949790794979078,0.35,N2,FigS2a,0.0007959454622838997,0.7959454622838997
Full,0.1,43.4,1278.9473684210527,0.7818930041152263,0.35,N2,FigS2a,0.000660164111911504,0.660164111911504
Full,0.1,43.4,1300.0,0.7692307692307693,0.35,N2,FigS2a,0.00054842615305764,0.54842615305764
Full,0.25,43.4,900.0,1.1111111111111112,0.35,N2,FigS2a,0.053632569898449806,53.63256989844981
Full,0.25,43.4,921.0526315789474,1.0857142857142856,0.35,N2,FigS2a,0.03391475255184407,33.91475255184407
Full,0.25,43.4,942.1052631578948,1.0614525139664803,0.35,N2,FigS2a,0.022219942582715136,22.219942582715134
Full,0.25,43.4,963.1578947368421,1.0382513661202186,0.35,N2,FigS2a,0.015036297738638836,15.036297738638837
Full,0.25,43.4,984.2105263157895,1.0160427807486632,0.35,N2,FigS2a,0.01047544873937526,10.475448739375262
Full,0.25,43.4,1005.2631578947369,0.9947643979057591,0.35,N2,FigS2a,0.007488552647704352,7.488552647704352
Full,0.25,43.4,1026.3157894736842,0.9743589743589745,0.35,N2,FigS2a,0.0054748033848795825,5.474803384879582
Full,0.25,43.4,1047.3684210526317,0.9547738693467336,0.35,N2,FigS2a,0.004080215680546332,4.080215680546332
Full,0.25,43.4,1068.421052631579,0.9359605911330049,0.35,N2,FigS2a,0.003090604544217948,3.090604544217948
Full,0.25,43.4,1089.4736842105262,0.9178743961352658,0.35,N2,FigS2a,0.0023729517722694137,2.372951772269414
Full,0.25,43.4,1110.5263157894738,0.9004739336492891,0.35,N2,FigS2a,0.001842518332966128,1.842518332966128
Full,0.25,43.4,1131.578947368421,0.8837209302325582,0.35,N2,FigS2a,0.0014439771246439969,1.443977124643997
Full,0.25,43.4,1152.6315789473683,0.8675799086757991,0.35,N2,FigS2a,0.0011402881917624123,1.1402881917624124
Full,0.25,43.4,1173.6842105263158,0.852017937219731,0.35,N2,FigS2a,0.0009061076833742285,0.9061076833742285
Full,0.25,43.4,1194.7368421052631,0.8370044052863437,0.35,N2,FigS2a,0.0007237033127589984,0.7237033127589985
Full,0.25,43.4,1215.7894736842104,0.8225108225108226,0.35,N2,FigS2a,0.0005804111438284954,0.5804111438284955
Full,0.25,43.4,1236.842105263158,0.8085106382978723,0.35,N2,FigS2a,0.00046703879082400976,0.4670387908240098
Full,0.25,43.4,1257.8947368421054,0.7949790794979078,0.35,N2,FigS2a,0.00037679652130365827,0.37679652130365826
Full,0.25,43.4,1278.9473684210527,0.7818930041152263,0.35,N2,FigS2a,0.0003046056550726389,0.30460565507263887
Full,0.25,43.4,1300.0,0.7692307692307693,0.35,N2,FigS2a,0.0002466147949565065,0.24661479495650648
Full,0.0,20.0,900.0,1.1111111111111112,1.0,N2,FigS2b,0.9170890199560361,917.089019956036
Full,0.0,20.0,926.3157894736842,1.0795454545454546,1.0,N2,FigS2b,0.5490258768527648,549.0258768527648
Full,0.0,20.0,952.6315789473684,1.0497237569060773,1.0,N2,FigS2b,0.3413339081152188,341.3339081152188
Full,0.0,20.0,978.9473684210526,1.021505376344086,1.0,N2,FigS2b,0.21952289889659068,219.52289889659068
Full,0.0,20.0,1005.2631578947369,0.9947643979057591,1.0,N2,FigS2b,0.14553268392377136,145.53268392377137
Full,0.0,20.0,1031.578947368421,0.9693877551020408,1.0,N2,FigS2b,0.09910544941731625,99.10544941731625
Full,0.0,20.0,1057.8947368421052,0.945273631840796,1.0,N2,FigS2b,0.06904771849630752,69.04771849630751
Full,0.0,20.0,1084.2105263157894,0.9223300970873788,1.0,N2,FigS2b,0.04895662725862274,48.95662725862274
Full,0.0,20.0,1110.5263157894738,0.9004739336492891,1.0,N2,FigS2b,0.035068204221048054,35.068204221048056
Full,0.0,20.0,1136.842105263158,0.8796296296296297,1.0,N2,FigS2b,0.0251776216742723,25.1776216742723
Full,0.0,20.0,1163.157894736842,0.8597285067873304,1.0,N2,FigS2b,0.018032221300596354,18.032221300596355
Full,0.0,20.0,1189.4736842105262,0.84070796460177,1.0,N2,FigS2b,0.012881942217425,12.881942217425001
Full,0.0,20.0,1215.7894736842104,0.8225108225108226,1.0,N2,FigS2b,0.009200881000312102,9.200881000312101
Full,0.0,20.0,1242.1052631578948,0.8050847457627118,1.0,N2,FigS2b,0.006586872437913242,6.586872437913242
Full,0.0,20.0,1268.421052631579,0.7883817427385892,1.0,N2,FigS2b,0.004735109457360234,4.735109457360235
Full,0.0,20.0,1294.7368421052631,0.7723577235772358,1.0,N2,FigS2b,0.0034220444172218083,3.4220444172218083
Full,0.0,20.0,1321.0526315789473,0.7569721115537849,1.0,N2,FigS2b,0.0024879169038256625,2.4879169038256626
Full,0.0,20.0,1347.3684210526317,0.7421875,1.0,N2,FigS2b,0.0018202612483981335,1.8202612483981335
Full,0.0,20.0,1373.6842105263158,0.7279693486590038,1.0,N2,FigS2b,0.00134047044732736,1.3404704473273599
Full,0.0,20.0,1400.0,0.7142857142857143,1.0,N2,FigS2b,0.0009936853847506133,0.9936853847506133
Full,0.1,20.0,900.0,1.1111111111111112,1.0,N2,FigS2b,0.07859655683403588,78.59655683403588
Full,0.1,20.0,926.3157894736842,1.0795454545454546,1.0,N2,FigS2b,0.047701032061165265,47.701032061165265
Full,0.1,20.0,952.6315789473684,1.0497237569060773,1.0,N2,FigS2b,0.03036727156678717,30.36727156678717
Full,0.1,20.0,978.9473684210526,1.021505376344086,1.0,N2,FigS2b,0.020130147229707768,20.130147229707767
Full,0.1,20.0,1005.2631578947369,0.9947643979057591,1.0,N2,FigS2b,0.013801949342777581,13.801949342777581
Full,0.1,20.0,1031.578947368421,0.9693877551020408,1.0,N2,FigS2b,0.009729297174321817,9.729297174321816
Full,0.1,20.0,1057.8947368421052,0.945273631840796,1.0,N2,FigS2b,0.007014870575735778,7.014870575735778
Full,0.1,20.0,1084.2105263157894,0.9223300970873788,1.0,N2,FigS2b,0.005150943527373,5.150943527373
Full,0.1,20.0,1110.5263157894738,0.9004739336492891,1.0,N2,FigS2b,0.003838449215601848,3.8384492156018477
Full,0.1,20.0,1136.842105263158,0.8796296296296297,1.0,N2,FigS2b,0.0028945623392795015,2.8945623392795015
Full,0.1,20.0,1163.157894736842,0.8597285067873304,1.0,N2,FigS2b,0.002203629123019376,2.203629123019376
Full,0.1,20.0,1189.4736842105262,0.84070796460177,1.0,N2,FigS2b,0.0016902415637419918,1.6902415637419919
Full,0.1,20.0,1215.7894736842104,0.8225108225108226,1.0,N2,FigS2b,0.0013039330121845643,1.3039330121845643
Full,0.1,20.0,1242.1052631578948,0.8050847457627118,1.0,N2,FigS2b,0.0010101790816409114,1.0101790816409115
Full,0.1,20.0,1268.421052631579,0.7883817427385892,1.0,N2,FigS2b,0.000784919206317281,0.784919206317281
Full,0.1,20.0,1294.7368421052631,0.7723577235772358,1.0,N2,FigS2b,0.0006110695239943682,0.6110695239943682
Full,0.1,20.0,1321.0526315789473,0.7569721115537849,1.0,N2,FigS2b,0.0004763049497602929,0.4763049497602929
Full,0.1,20.0,1347.3684210526317,0.7421875,1.0,N2,FigS2b,0.00037156009247133506,0.37156009247133504
Full,0.1,20.0,1373.6842105263158,0.7279693486590038,1.0,N2,FigS2b,0.0002900637599180724,0.2900637599180724
Full,0.1,20.0,1400.0,0.7142857142857143,1.0,N2,FigS2b,0.00022666693012800322,0.22666693012800324
Full,0.25,20.0,900.0,1.1111111111111112,1.0,N2,FigS2b,0.06067749865637822,60.67749865637822
Full,0.25,20.0,926.3157894736842,1.0795454545454546,1.0,N2,FigS2b,0.033824190483935195,33.8241904839352
Full,0.25,20.0,952.6315789473684,1.0497237569060773,1.0,N2,FigS2b,0.019841002416279077,19.84100241627908
Full,0.25,20.0,978.9473684210526,1.021505376344086,1.0,N2,FigS2b,0.012175589922898083,12.175589922898084
Full,0.25,20.0,1005.2631578947369,0.9947643979057591,1.0,N2,FigS2b,0.007768733325675801,7.768733325675801
Full,0.25,20.0,1031.578947368421,0.9693877551020408,1.0,N2,FigS2b,0.005122282043058105,5.122282043058106
Full,0.25,20.0,1057.8947368421052,0.945273631840796,1.0,N2,FigS2b,0.0034697567334161595,3.4697567334161596
Full,0.25,20.0,1084.2105263157894,0.9223300970873788,1.0,N2,FigS2b,0.0024024638806438062,2.4024638806438063
Full,0.25,20.0,1110.5263157894738,0.9004739336492891,1.0,N2,FigS2b,0.0016932812594248944,1.6932812594248943
Full,0.25,20.0,1136.842105263158,0.8796296296296297,1.0,N2,FigS2b,0.0012108605012551626,1.2108605012551625
Full,0.25,20.0,1163.157894736842,0.8597285067873304,1.0,N2,FigS2b,0.0008763195866404537,0.8763195866404537
Full,0.25,20.0,1189.4736842105262,0.84070796460177,1.0,N2,FigS2b,0.0006406088060614845,0.6406088060614845
Full,0.25,20.0,1215.7894736842104,0.8225108225108226,1.0,N2,FigS2b,0.0004723198969299199,0.4723198969299199
Full,0.25,20.0,1242.1052631578948,0.8050847457627118,1.0,N2,FigS2b,0.0003508056154968905,0.3508056154968905
Full,0.25,20.0,1268.421052631579,0.7883817427385892,1.0,N2,FigS2b,0.00026222558811985316,0.26222558811985314
Full,0.25,20.0,1294.7368421052631,0.7723577235772358,1.0,N2,FigS2b,0.00019712674286016877,0.19712674286016876
Full,0.25,20.0,1321.0526315789473,0.7569721115537849,1.0,N2,FigS2b,0.00014896204464549362,0.14896204464549362
Full,0.25,20.0,1347.3684210526317,0.7421875,1.0,N2,FigS2b,0.00011313670569523248,0.11313670569523249
Full,0.25,20.0,1373.6842105263158,0.7279693486590038,1.0,N2,FigS2b,8.638405898560037e-05,0.08638405898560036
Full,0.25,20.0,1400.0,0.7142857142857143,1.0,N2,FigS2b,6.635816398394036e-05,0.06635816398394036
Reduced,0.0,1.2,1050.0,0.9523809523809523,1.0,N2,,3.852031157568637,3852.031157568637
Reduced,0.0,1.2,1100.0,0.9090909090909091,1.0,N2,,1.1411114368089164,1141.1114368089163
Reduced,0.0,1.2,1150.0,0.8695652173913043,1.0,N2,,0.3652068205442083,365.20682054420826
Reduced,0.0,1.2,1200.0,0.8333333333333334,1.0,N2,,0.1265204064054818,126.5204064054818
Reduced,0.0,1.2,1250.0,0.8,1.0,N2,,0.048368380585149924,48.36838058514992
Reduced,0.0,1.2,1300.0,0.7692307692307693,1.0,N2,,0.02068901375677512,20.689013756775122
Reduced,0.0,1.2,1350.0,0.7407407407407407,1.0,N2,,0.030951036697525115,30.951036697525115
Reduced,0.0,1.2,1400.0,0.7142857142857143,1.0,N2,,0.010970782121964244,10.970782121964245
Reduced,0.0,1.2,1450.0,0.6896551724137931,1.0,N2,,0.007962355608925198,7.962355608925198
Reduced,0.0,1.2,1500.0,0.6666666666666666,1.0,N2,,0.0023239297922284198,2.32392979222842
Reduced,0.0,1.2,1550.0,0.6451612903225806,1.0,N2,,0.0016044423363067613,1.6044423363067613
Reduced,0.0,1.2,1600.0,0.625,1.0,N2,,0.0011998688221634291,1.199868822163429
Reduced,0.0,1.2,1650.0,0.6060606060606061,1.0,N2,,0.0009510085193436362,0.9510085193436362
Reduced,0.0,1.2,1700.0,0.5882352941176471,1.0,N2,,0.0007960826611178665,0.7960826611178665
Reduced,0.0,1.2,1750.0,0.5714285714285714,1.0,N2,,0.0007116057017184186,0.7116057017184186
Reduced,0.0,1.2,1800.0,0.5555555555555556,1.0,N2,,0.0006813852454263952,0.6813852454263952
Reduced,0.0,1.2,1850.0,0.5405405405405406,1.0,N2,,0.003620558720614517,3.6205587206145173
Reduced,0.0,1.2,1900.0,0.5263157894736842,1.0,N2,,0.0037299454964961312,3.729945496496131
Reduced,0.0,1.2,1950.0,0.5128205128205128,1.0,N2,,0.006192502432834154,6.192502432834154
Reduced,0.0,1.2,2000.0,0.5,1.0,N2,,0.003983872366820532,3.9838723668205316
Reduced,0.0,10.0,1050.0,0.9523809523809523,1.0,N2,,0.5260441861280041,526.0441861280041
Reduced,0.0,10.0,1100.0,0.9090909090909091,1.0,N2,,0.16702319158636855,167.02319158636854
Reduced,0.0,10.0,1150.0,0.8695652173913043,1.0,N2,,0.05889499948129871,58.89499948129871
Reduced,0.0,10.0,1200.0,0.8333333333333334,1.0,N2,,0.02277827651617156,22.77827651617156
Reduced,0.0,10.0,1250.0,0.8,1.0,N2,,0.009564542060253528,9.564542060253528
Reduced,0.0,10.0,1300.0,0.7692307692307693,1.0,N2,,0.004325470883998752,4.325470883998753
Reduced,0.0,10.0,1350.0,0.7407407407407407,1.0,N2,,0.0020941491437047773,2.0941491437047772
Reduced,0.0,10.0,1400.0,0.7142857142857143,1.0,N2,,0.0010803883499822242,1.0803883499822242
Reduced,0.0,10.0,1450.0,0.6896551724137931,1.0,N2,,0.0005915907473857271,0.5915907473857271
Reduced,0.0,10.0,1500.0,0.6666666666666666,1.0,N2,,0.00034269306710655147,0.34269306710655145
Reduced,0.0,10.0,1550.0,0.6451612903225806,1.0,N2,,0.00020870947162654588,0.20870947162654588
Reduced,0.0,10.0,1600.0,0.625,1.0,N2,,0.00013303649689851618,0.13303649689851618
Reduced,0.0,10.0,1650.0,0.6060606060606061,1.0,N2,,8.828715095769101e-05,0.08828715095769102
Reduced,0.0,10.0,1700.0,0.5882352941176471,1.0,N2,,6.06932012050794e-05,0.0606932012050794
Reduced,0.0,10.0,1750.0,0.5714285714285714,1.0,N2,,4.303007655438704e-05,0.043030076554387044
Reduced,0.0,10.0,1800.0,0.5555555555555556,1.0,N2,,3.1342961051939174e-05,0.03134296105193917
Reduced,0.0,10.0,1850.0,0.5405405405405406,1.0,N2,,2.338560092423193e-05,0.02338560092423193
Reduced,0.0,10.0,1900.0,0.5263157894736842,1.0,N2,,1.7843562230115483e-05,0.017843562230115483
Reduced,0.0,10.0,1950.0,0.5128205128205128,1.0,N2,,1.4463434341785793e-05,0.014463434341785793
Reduced,0.0,10.0,2000.0,0.5,1.0,N2,,1.3725907279737877e-05,0.013725907279737876
Reduced,0.05,1.2,1050.0,0.9523809523809523,1.0,N2,,0.1060176933691936,106.01769336919361
Reduced,0.05,1.2,1100.0,0.9090909090909091,1.0,N2,,0.03777851496664038,37.77851496664038
Reduced,0.05,1.2,1150.0,0.8695652173913043,1.0,N2,,0.016195078187915747,16.195078187915747
Reduced,0.05,1.2,1200.0,0.8333333333333334,1.0,N2,,0.008077768679497397,8.077768679497396
Reduced,0.05,1.2,1250.0,0.8,1.0,N2,,0.004551060655877383,4.551060655877383
Reduced,0.05,1.2,1300.0,0.7692307692307693,1.0,N2,,0.0028234367106738517,2.823436710673852
Reduced,0.05,1.2,1350.0,0.7407407407407407,1.0,N2,,0.009763200370549117,9.763200370549118
Reduced,0.05,1.2,1400.0,0.7142857142857143,1.0,N2,,0.008224509478066265,8.224509478066265
Reduced,0.05,1.2,1450.0,0.6896551724137931,1.0,N2,,0.00721020513781497,7.21020513781497
Reduced,0.05,1.2,1500.0,0.6666666666666666,1.0,N2,,0.0013333805182749604,1.3333805182749603
Reduced,0.05,1.2,1550.0,0.6451612903225806,1.0,N2,,0.0010348269792832666,1.0348269792832667
Reduced,0.05,1.2,1600.0,0.625,1.0,N2,,0.0008779140790698345,0.8779140790698345
Reduced,0.05,1.2,1650.0,0.6060606060606061,1.0,N2,,0.0007682860820828589,0.768286082082859
Reduced,0.05,1.2,1700.0,0.5882352941176471,1.0,N2,,0.0007044187581923975,0.7044187581923975
Reduced,0.05,1.2,1750.0,0.5714285714285714,1.0,N2,,0.0006795804770330653,0.6795804770330653
Reduced,0.05,1.2,1800.0,0.5555555555555556,1.0,N2,,0.0008424181551926211,0.8424181551926211
Reduced,0.05,1.2,1850.0,0.5405405405405406,1.0,N2,,0.003199237353503524,3.199237353503524
Reduced,0.05,1.2,1900.0,0.5263157894736842,1.0,N2,,0.011919684961228897,11.919684961228898
Reduced,0.05,1.2,1950.0,0.5128205128205128,1.0,N2,,0.002985881174326928,2.985881174326928
Reduced,0.05,1.2,2000.0,0.5,1.0,N2,,0.0031885134854252577,3.1885134854252577
Reduced,0.05,10.0,1050.0,0.9523809523809523,1.0,N2,,0.05220783132412095,52.207831324120946
Reduced,0.05,10.0,1100.0,0.9090909090909091,1.0,N2,,0.022231356434013944,22.231356434013943
Reduced,0.05,10.0,1150.0,0.8695652173913043,1.0,N2,,0.010166434690382026,10.166434690382026
Reduced,0.05,10.0,1200.0,0.8333333333333334,1.0,N2,,0.004885504590685831,4.885504590685831
Reduced,0.05,10.0,1250.0,0.8,1.0,N2,,0.0024421173905148845,2.4421173905148845
Reduced,0.05,10.0,1300.0,0.7692307692307693,1.0,N2,,0.0012767348107425279,1.2767348107425278
Reduced,0.05,10.0,1350.0,0.7407407407407407,1.0,N2,,0.000705919836118397,0.705919836118397
Reduced,0.05,10.0,1400.0,0.7142857142857143,1.0,N2,,0.0004148493479470675,0.4148493479470675
Reduced,0.05,10.0,1450.0,0.6896551724137931,1.0,N2,,0.00025826149704961406,0.25826149704961404
Reduced,0.05,10.0,1500.0,0.6666666666666666,1.0,N2,,0.0001690303761795569,0.1690303761795569
Reduced,0.05,10.0,1550.0,0.6451612903225806,1.0,N2,,0.00011526127548331858,0.11526127548331858
Reduced,0.05,10.0,1600.0,0.625,1.0,N2,,8.09619402630159e-05,0.0809619402630159
Reduced,0.05,10.0,1650.0,0.6060606060606061,1.0,N2,,5.826656046555585e-05,0.05826656046555585
Reduced,0.05,10.0,1700.0,0.5882352941176471,1.0,N2,,4.2769736108042966e-05,0.042769736108042966
Reduced,0.05,10.0,1750.0,0.5714285714285714,1.0,N2,,3.194461393655546e-05,0.03194461393655546
Reduced,0.05,10.0,1800.0,0.5555555555555556,1.0,N2,,2.4245655142571347e-05,0.024245655142571345
Reduced,0.05,10.0,1850.0,0.5405405405405406,1.0,N2,,1.869588600760396e-05,0.01869588600760396
Reduced,0.05,10.0,1900.0,0.5263157894736842,1.0,N2,,1.4656548012495324e-05,0.014656548012495324
Reduced,0.05,10.0,1950.0,0.5128205128205128,1.0,N2,,1.2827649116158402e-05,0.012827649116158402
Reduced,0.05,10.0,2000.0,0.5,1.0,N2,,1.228500820242894e-05,0.01228500820242894
Reduced,0.3,1.2,1000.0,1.0,1.0,N2,,0.0037780469081663726,3.7780469081663726
Reduced,0.3,1.2,1052.6315789473683,0.9500000000000001,1.0,N2,,0.0016256119965274251,1.6256119965274252
Reduced,0.3,1.2,1105.2631578947369,0.9047619047619048,1.0,N2,,0.0009016555644207488,0.9016555644207488
Reduced,0.3,1.2,1157.8947368421052,0.8636363636363636,1.0,N2,,0.0005657054601624949,0.5657054601624949
Reduced,0.3,1.2,1210.5263157894738,0.8260869565217391,1.0,N2,,0.0003839759177503437,0.38397591775034373
Reduced,0.3,1.2,1263.157894736842,0.7916666666666666,1.0,N2,,0.0002756026691520459,0.2756026691520459
Reduced,0.3,1.2,1315.7894736842104,0.7600000000000001,1.0,N2,,0.00020636705258001193,0.20636705258001192
Reduced,0.3,1.2,1368.421052631579,0.7307692307692307,1.0,N2,,0.00016395615275913806,0.16395615275913805
Reduced,0.3,1.2,1421.0526315789473,0.7037037037037037,1.0,N2,,0.005203844842849516,5.203844842849516
Reduced,0.3,1.2,1473.6842105263158,0.6785714285714286,1.0,N2,,0.005790029482746302,5.790029482746301
Reduced,0.3,1.2,1526.3157894736842,0.6551724137931034,1.0,N2,,0.0058153007080561,5.8153007080561
Reduced,0.3,1.2,1578.9473684210525,0.6333333333333334,1.0,N2,,0.004130854535230862,4.130854535230862
Reduced,0.3,1.2,1631.578947368421,0.6129032258064516,1.0,N2,,0.0038192444529792317,3.8192444529792318
Reduced,0.3,1.2,1684.2105263157896,0.59375,1.0,N2,,0.004593300975568268,4.593300975568268
Reduced,0.3,1.2,1736.842105263158,0.5757575757575758,1.0,N2,,0.011845496160152484,11.845496160152484
Reduced,0.3,1.2,1789.4736842105262,0.5588235294117647,1.0,N2,,0.003055672458948087,3.055672458948087
Reduced,0.3,1.2,1842.1052631578946,0.5428571428571429,1.0,N2,,0.0067041448917476935,6.704144891747694
Reduced,0.3,1.2,1894.7368421052631,0.5277777777777778,1.0,N2,,0.002811009371010005,2.811009371010005
Reduced,0.3,1.2,1947.3684210526317,0.5135135135135135,1.0,N2,,0.0038480930312963014,3.8480930312963015
Reduced,0.3,1.2,2000.0,0.5,1.0,N2,,0.0025230272028096672,2.523027202809667
Reduced,0.3,10.0,1000.0,1.0,1.0,N2,,0.01331922454575072,13.31922454575072
Reduced,0.3,10.0,1052.6315789473683,0.9500000000000001,1.0,N2,,0.004162966633631606,4.162966633631606
Reduced,0.3,10.0,1105.2631578947369,0.9047619047619048,1.0,N2,,0.0013654348006228755,1.3654348006228756
Reduced,0.3,10.0,1157.8947368421052,0.8636363636363636,1.0,N2,,0.0004649630399083471,0.46496303990834714
Reduced,0.3,10.0,1210.5263157894738,0.8260869565217391,1.0,N2,,0.00018003095036881278,0.18003095036881278
Reduced,0.3,10.0,1263.157894736842,0.7916666666666666,1.0,N2,,9.088277898935111e-05,0.09088277898935111
Reduced,0.3,10.0,1315.7894736842104,0.7600000000000001,1.0,N2,,5.475978042488894e-05,0.05475978042488894
Reduced,0.3,10.0,1368.421052631579,0.7307692307692307,1.0,N2,,3.641038762263697e-05,0.03641038762263697
Reduced,0.3,10.0,1421.0526315789473,0.7037037037037037,1.0,N2,,2.5810518977254294e-05,0.025810518977254292
Reduced,0.3,10.0,1473.6842105263158,0.6785714285714286,1.0,N2,,1.916992695198624e-05,0.01916992695198624
Reduced,0.3,10.0,1526.3157894736842,0.6551724137931034,1.0,N2,,1.4781653877478589e-05,0.014781653877478589
Reduced,0.3,10.0,1578.9473684210525,0.6333333333333334,1.0,N2,,1.2025130815980753e-05,0.012025130815980754
Reduced,0.3,10.0,1631.578947368421,0.6129032258064516,1.0,N2,,9.79222764304147e-06,0.00979222764304147
Reduced,0.3,10.0,1684.2105263157896,0.59375,1.0,N2,,8.130500160952865e-06,0.008130500160952864
Reduced,0.3,10.0,1736.842105263158,0.5757575757575758,1.0,N2,,6.8627013934543e-06,0.0068627013934543
Reduced,0.3,10.0,1789.4736842105262,0.5588235294117647,1.0,N2,,5.874087122837238e-06,0.005874087122837238
Reduced,0.3,10.0,1842.1052631578946,0.5428571428571429,1.0,N2,,5.086902973835203e-06,0.005086902973835203
Reduced,0.3,10.0,1894.7368421052631,0.5277777777777778,1.0,N2,,4.453823556152522e-06,0.004453823556152522
Reduced,0.3,10.0,1947.3684210526317,0.5135135135135135,1.0,N2,,3.9448432975259445e-06,0.003944843297525945
Reduced,0.3,10.0,2000.0,0.5,1.0,N2,,3.7111319013015356e-06,0.0037111319013015355
Reduced,0.7,1.2,900.0,1.1111111111111112,1.0,N2,,0.1624740530964199,162.4740530964199
Reduced,0.7,1.2,947.3684210526316,1.0555555555555556,1.0,N2,,0.0035140992117510023,3.5140992117510024
Reduced,0.7,1.2,994.7368421052631,1.0052910052910053,1.0,N2,,0.0005965961897438174,0.5965961897438173
Reduced,0.7,1.2,1042.1052631578948,0.9595959595959596,1.0,N2,,0.00029785115298657883,0.2978511529865788
Reduced,0.7,1.2,1089.4736842105262,0.9178743961352658,1.0,N2,,0.00018592465623877956,0.18592465623877957
Reduced,0.7,1.2,1136.842105263158,0.8796296296296297,1.0,N2,,0.0001298257569074921,0.12982575690749212
Reduced,0.7,1.2,1184.2105263157896,0.8444444444444443,1.0,N2,,9.733339837198583e-05,0.09733339837198583
Reduced,0.7,1.2,1231.578947368421,0.811965811965812,1.0,N2,,7.688314417906219e-05,0.0768831441790622
Reduced,0.7,1.2,1278.9473684210527,0.7818930041152263,1.0,N2,,6.327303028336483e-05,0.06327303028336484
Reduced,0.7,1.2,1326.3157894736842,0.753968253968254,1.0,N2,,5.37509988595075e-05,0.0537509988595075
Reduced,0.7,1.2,1373.6842105263158,0.7279693486590038,1.0,N2,,4.689420271784064e-05,0.04689420271784064
Reduced,0.7,1.2,1421.0526315789475,0.7037037037037036,1.0,N2,,4.182908733738022e-05,0.04182908733738022
Reduced,0.7,1.2,1468.421052631579,0.6810035842293907,1.0,N2,,3.810546146055693e-05,0.038105461460556926
Reduced,0.7,1.2,1515.7894736842104,0.6597222222222223,1.0,N2,,3.541281150875195e-05,0.03541281150875195
Reduced,0.7,1.2,1563.157894736842,0.6397306397306397,1.0,N2,,3.3209854596889206e-05,0.03320985459688921
Reduced,0.7,1.2,1610.5263157894738,0.6209150326797386,1.0,N2,,3.134372355838531e-05,0.03134372355838531
Reduced,0.7,1.2,1657.8947368421054,0.6031746031746031,1.0,N2,,2.997564464361389e-05,0.02997564464361389
Reduced,0.7,1.2,1705.2631578947369,0.5864197530864197,1.0,N2,,2.8558769475188282e-05,0.028558769475188282
Reduced,0.7,1.2,1752.6315789473683,0.5705705705705706,1.0,N2,,2.771085651142303e-05,0.027710856511423028
Reduced,0.7,1.2,1800.0,0.5555555555555556,1.0,N2,,2.7078078046088253e-05,0.027078078046088253
Reduced,0.7,10.0,900.0,1.1111111111111112,1.0,N2,,0.0881904577662769,88.19045776627691
Reduced,0.7,10.0,947.3684210526316,1.0555555555555556,1.0,N2,,0.024825234476001812,24.825234476001814
Reduced,0.7,10.0,994.7368421052631,1.0052910052910053,1.0,N2,,0.007679396803735889,7.679396803735889
Reduced,0.7,10.0,1042.1052631578948,0.9595959595959596,1.0,N2,,0.002512774966521974,2.5127749665219743
Reduced,0.7,10.0,1089.4736842105262,0.9178743961352658,1.0,N2,,0.0008166777273019106,0.8166777273019106
Reduced,0.7,10.0,1136.842105263158,0.8796296296296297,1.0,N2,,0.00022685683842429603,0.22685683842429602
Reduced,0.7,10.0,1184.2105263157896,0.8444444444444443,1.0,N2,,4.609585381903239e-05,0.04609585381903239
Reduced,0.7,10.0,1231.578947368421,0.811965811965812,1.0,N2,,1.8513537863180905e-05,0.018513537863180905
Reduced,0.7,10.0,1278.9473684210527,0.7818930041152263,1.0,N2,,1.1159658639882972e-05,0.011159658639882972
Reduced,0.7,10.0,1326.3157894736842,0.753968253968254,1.0,N2,,7.791192490880454e-06,0.007791192490880454
Reduced,0.7,10.0,1373.6842105263158,0.7279693486590038,1.0,N2,,5.840208839694382e-06,0.005840208839694382
Reduced,0.7,10.0,1421.0526315789475,0.7037037037037036,1.0,N2,,4.595545284002806e-06,0.004595545284002806
Reduced,0.7,10.0,1468.421052631579,0.6810035842293907,1.0,N2,,3.7420256565170592e-06,0.0037420256565170594
Reduced,0.7,10.0,1515.7894736842104,0.6597222222222223,1.0,N2,,3.1247777087111995e-06,0.0031247777087111996
Reduced,0.7,10.0,1563.157894736842,0.6397306397306397,1.0,N2,,2.663311744343336e-06,0.0026633117443433363
Reduced,0.7,10.0,1610.5263157894738,0.6209150326797386,1.0,N2,,2.3067850047209202e-06,0.0023067850047209203
Reduced,0.7,10.0,1657.8947368421054,0.6031746031746031,1.0,N2,,2.024439030926111e-06,0.002024439030926111
Reduced,0.7,10.0,1705.2631578947369,0.5864197530864197,1.0,N2,,1.7986281704449457e-06,0.0017986281704449457
Reduced,0.7,10.0,1752.6315789473683,0.5705705705705706,1.0,N2,,1.6127887467977148e-06,0.0016127887467977148
Reduced,0.7,10.0,1800.0,0.5555555555555556,1.0,N2,,1.4587306056156575e-06,0.0014587306056156575
Reduced,0.0,20.0,1050.0,0.9523809523809523,1.0,N2,,0.2673751177326481,267.3751177326481
Reduced,0.0,20.0,1100.0,0.9090909090909091,1.0,N2,,0.08479433192438737,84.79433192438738
Reduced,0.0,20.0,1150.0,0.8695652173913043,1.0,N2,,0.02995665943811052,29.95665943811052
Reduced,0.0,20.0,1200.0,0.8333333333333334,1.0,N2,,0.011652145462356796,11.652145462356795
Reduced,0.0,20.0,1250.0,0.8,1.0,N2,,0.004938613105227781,4.938613105227781
Reduced,0.0,20.0,1300.0,0.7692307692307693,1.0,N2,,0.0022604647493885276,2.2604647493885275
Reduced,0.0,20.0,1350.0,0.7407407407407407,1.0,N2,,0.0011088298166786754,1.1088298166786754
Reduced,0.0,20.0,1400.0,0.7142857142857143,1.0,N2,,0.0005791471074300714,0.5791471074300714
Reduced,0.0,20.0,1450.0,0.6896551724137931,1.0,N2,,0.0003202808005929248,0.3202808005929248
Reduced,0.0,20.0,1500.0,0.6666666666666666,1.0,N2,,0.00018659392306852763,0.18659392306852762
Reduced,0.0,20.0,1550.0,0.6451612903225806,1.0,N2,,0.0001139947423997172,0.1139947423997172
Reduced,0.0,20.0,1600.0,0.625,1.0,N2,,7.279291708825942e-05,0.07279291708825943
Reduced,0.0,20.0,1650.0,0.6060606060606061,1.0,N2,,4.822601837033281e-05,0.04822601837033281
Reduced,0.0,20.0,1700.0,0.5882352941176471,1.0,N2,,3.304912580412701e-05,0.033049125804127014
Reduced,0.0,20.0,1750.0,0.5714285714285714,1.0,N2,,2.3335310531380147e-05,0.023335310531380146
Reduced,0.0,20.0,1800.0,0.5555555555555556,1.0,N2,,1.691814016292141e-05,0.01691814016292141
Reduced,0.0,20.0,1850.0,0.5405405405405406,1.0,N2,,1.2555628565679167e-05,0.012555628565679168
Reduced,0.0,20.0,1900.0,0.5263157894736842,1.0,N2,,9.51568284331246e-06,0.00951568284331246
Reduced,0.0,20.0,1950.0,0.5128205128205128,1.0,N2,,7.3491486754299625e-06,0.007349148675429963
Reduced,0.0,20.0,2000.0,0.5,1.0,N2,,5.7758154887622484e-06,0.005775815488762249
Reduced,0.0,40.0,1050.0,0.9523809523809523,1.0,N2,,0.1373585159538999,137.35851595389988
Reduced,0.0,40.0,1100.0,0.9090909090909091,1.0,N2,,0.04339265939519531,43.39265939519531
Reduced,0.0,40.0,1150.0,0.8695652173913043,1.0,N2,,0.01528630635939704,15.28630635939704
Reduced,0.0,40.0,1200.0,0.8333333333333334,1.0,N2,,0.00594136901421011,5.941369014210109
Reduced,0.0,40.0,1250.0,0.8,1.0,N2,,0.002523202468133698,2.523202468133698
Reduced,0.0,40.0,1300.0,0.7692307692307693,1.0,N2,,0.0011604286257100957,1.1604286257100958
Reduced,0.0,40.0,1350.0,0.7407407407407407,1.0,N2,,0.0005731986780054403,0.5731986780054403
Reduced,0.0,40.0,1400.0,0.7142857142857143,1.0,N2,,0.00030181157460553766,0.30181157460553765
Reduced,0.0,40.0,1450.0,0.6896551724137931,1.0,N2,,0.00016825066632024488,0.16825066632024488
Reduced,0.0,40.0,1500.0,0.6666666666666666,1.0,N2,,9.870193286081133e-05,0.09870193286081133
Reduced,0.0,40.0,1550.0,0.6451612903225806,1.0,N2,,6.060253222230703e-05,0.060602532222307035
Reduced,0.0,40.0,1600.0,0.625,1.0,N2,,3.875905175413583e-05,0.038759051754135826
Reduced,0.0,40.0,1650.0,0.6060606060606061,1.0,N2,,2.57192127640523e-05,0.0257192127640523
Reduced,0.0,40.0,1700.0,0.5882352941176471,1.0,N2,,1.7677874731316633e-05,0.017677874731316632
Reduced,0.0,40.0,1750.0,0.5714285714285714,1.0,N2,,1.2471681179469e-05,0.012471681179468999
Reduced,0.0,40.0,1800.0,0.5555555555555556,1.0,N2,,9.027058327400662e-06,0.009027058327400663
Reduced,0.0,40.0,1850.0,0.5405405405405406,1.0,N2,,6.684632231233029e-06,0.006684632231233029
Reduced,0.0,40.0,1900.0,0.5263157894736842,1.0,N2,,5.051931036307393e-06,0.005051931036307393
Reduced,0.0,40.0,1950.0,0.5128205128205128,1.0,N2,,3.888812877404871e-06,0.0038888128774048707
Reduced,0.0,40.0,2000.0,0.5,1.0,N2,,3.0447744528707513e-06,0.0030447744528707514
Reduced,0.0,1.4,1050.0,0.9523809523809523,0.5,AR,,10.020425292259274,10020.425292259273
Reduced,0.0,1.4,1100.0,0.9090909090909091,0.5,AR,,10.000497041808146,10000.497041808145
Reduced,0.0,1.4,1150.0,0.8695652173913043,0.5,AR,,3.1981655163308536,3198.1655163308537
Reduced,0.0,1.4,1200.0,0.8333333333333334,0.5,AR,,0.8483554236754322,848.3554236754321
Reduced,0.0,1.4,1250.0,0.8,0.5,AR,,0.2944021151707252,294.40211517072515
Reduced,0.0,1.4,1300.0,0.7692307692307693,0.5,AR,,0.12567169663189506,125.67169663189506
Reduced,0.0,1.4,1350.0,0.7407407407407407,0.5,AR,,0.062073487107943054,62.07348710794305
Reduced,0.0,1.4,1400.0,0.7142857142857143,0.5,AR,,0.03399204156690922,33.99204156690922
Reduced,0.0,1.4,1450.0,0.6896551724137931,0.5,AR,,0.020078022382005453,20.078022382005454
Reduced,0.0,1.4,1500.0,0.6666666666666666,0.5,AR,,0.012570551448136687,12.570551448136687
Reduced,0.0,1.4,1550.0,0.6451612903225806,0.5,AR,,0.008245433345782996,8.245433345782995
Reduced,0.0,1.4,1600.0,0.625,0.5,AR,,0.005616452298603243,5.616452298603243
Reduced,0.0,1.4,1650.0,0.6060606060606061,0.5,AR,,0.003950883666094476,3.950883666094476
Reduced,0.0,1.4,1700.0,0.5882352941176471,0.5,AR,,0.002856387516259467,2.8563875162594674
Reduced,0.0,1.4,1750.0,0.5714285714285714,0.5,AR,,0.002116334565570485,2.1163345655704853
Reduced,0.0,1.4,1800.0,0.5555555555555556,0.5,AR,,0.0016011082989357813,1.6011082989357812
Reduced,0.0,1.4,1850.0,0.5405405405405406,0.5,AR,,0.00123495453782276,1.23495453782276
Reduced,0.0,1.4,1900.0,0.5263157894736842,0.5,AR,,0.0009691037326338852,0.9691037326338853
Reduced,0.0,1.4,1950.0,0.5128205128205128,0.5,AR,,0.000773204611382467,0.773204611382467
Reduced,0.0,1.4,2000.0,0.5,0.5,AR,,0.0006262717563593411,0.6262717563593411
Reduced,0.0,1.4,1050.0,0.9523809523809523,1.0,AR,,10.057127453828082,10057.127453828081
Reduced,0.0,1.4,1100.0,0.9090909090909091,1.0,AR,,10.000169834973939,10000.169834973938
Reduced,0.0,1.4,1150.0,0.8695652173913043,1.0,AR,,2.6166666308558604,2616.6666308558606
Reduced,0.0,1.4,1200.0,0.8333333333333334,1.0,AR,,0.7958230479077453,795.8230479077453
Reduced,0.0,1.4,1250.0,0.8,1.0,AR,,0.30582438621961844,305.8243862196184
Reduced,0.0,1.4,1300.0,0.7692307692307693,1.0,AR,,0.13844924734371686,138.44924734371685
Reduced,0.0,1.4,1350.0,0.7407407407407407,1.0,AR,,0.07055914821503932,70.55914821503931
Reduced,0.0,1.4,1400.0,0.7142857142857143,1.0,AR,,0.0392808082283824,39.2808082283824
Reduced,0.0,1.4,1450.0,0.6896551724137931,1.0,AR,,0.023406151567594256,23.406151567594257
Reduced,0.0,1.4,1500.0,0.6666666666666666,1.0,AR,,0.01471604682194259,14.71604682194259
Reduced,0.0,1.4,1550.0,0.6451612903225806,1.0,AR,,0.009668994816843473,9.668994816843473
Reduced,0.0,1.4,1600.0,0.625,1.0,AR,,0.006588547634219961,6.588547634219961
Reduced,0.0,1.4,1650.0,0.6060606060606061,1.0,AR,,0.004633249453134601,4.633249453134601
Reduced,0.0,1.4,1700.0,0.5882352941176471,1.0,AR,,0.0033465610495642885,3.3465610495642886
Reduced,0.0,1.4,1750.0,0.5714285714285714,1.0,AR,,0.00247573684255718,2.47573684255718
Reduced,0.0,1.4,1800.0,0.5555555555555556,1.0,AR,,0.001870420402981996,1.8704204029819962
Reduced,0.0,1.4,1850.0,0.5405405405405406,1.0,AR,,0.0014399509186870366,1.4399509186870365
Reduced,0.0,1.4,1900.0,0.5263157894736842,1.0,AR,,0.0011279725668620563,1.1279725668620564
Reduced,0.0,1.4,1950.0,0.5128205128205128,1.0,AR,,0.000896688073929418,0.896688073929418
Reduced,0.0,1.4,2000.0,0.5,1.0,AR,,0.0007233514570603784,0.7233514570603784
Reduced,0.0,1.4,1050.0,0.9523809523809523,2.0,AR,,10.03566522978362,10035.665229783619
Reduced,0.0,1.4,1100.0,0.9090909090909091,2.0,AR,,10.004994669036316,10004.994669036316
Reduced,0.0,1.4,1150.0,0.8695652173913043,2.0,AR,,2.482505054013903,2482.5050540139027
Reduced,0.0,1.4,1200.0,0.8333333333333334,2.0,AR,,0.7935455674871161,793.5455674871162
Reduced,0.0,1.4,1250.0,0.8,2.0,AR,,0.3162161176016583,316.2161176016583
Reduced,0.0,1.4,1300.0,0.7692307692307693,2.0,AR,,0.1465371828097523,146.5371828097523
Reduced,0.0,1.4,1350.0,0.7407407407407407,2.0,AR,,0.07584776695769768,75.84776695769769
Reduced,0.0,1.4,1400.0,0.7142857142857143,2.0,AR,,0.0426610444849257,42.6610444849257
Reduced,0.0,1.4,1450.0,0.6896551724137931,2.0,AR,,0.02560601357680865,25.60601357680865
Reduced,0.0,1.4,1500.0,0.6666666666666666,2.0,AR,,0.0161509824503373,16.1509824503373
Reduced,0.0,1.4,1550.0,0.6451612903225806,2.0,AR,,0.010637599773563057,10.637599773563057
Reduced,0.0,1.4,1600.0,0.625,2.0,AR,,0.007253772078875266,7.253772078875266
Reduced,0.0,1.4,1650.0,0.6060606060606061,2.0,AR,,0.005097177300749611,5.09717730074961
Reduced,0.0,1.4,1700.0,0.5882352941176471,2.0,AR,,0.0036840605814123977,3.684060581412398
Reduced,0.0,1.4,1750.0,0.5714285714285714,2.0,AR,,0.0027201561062590606,2.7201561062590605
Reduced,0.0,1.4,1800.0,0.5555555555555556,2.0,AR,,0.0020542374035656076,2.0542374035656077
Reduced,0.0,1.4,1850.0,0.5405405405405406,2.0,AR,,0.0015751027305941025,1.5751027305941026
Reduced,0.0,1.4,1900.0,0.5263157894736842,2.0,AR,,0.10058591456160036,100.58591456160036
Reduced,0.0,1.4,1950.0,0.5128205128205128,2.0,AR,,0.10117622726964484,101.17622726964484
Reduced,0.0,1.4,2000.0,0.5,2.0,AR,,0.10125420972639938,101.25420972639938
Reduced,0.0,1.4,1500.0,0.6666666666666666,1.0,AR,FigS1_1.4atm,0.01471604682194259,14.71604682194259
Reduced,0.0,1.4,1552.6315789473683,0.6440677966101696,1.0,AR,FigS1_1.4atm,0.009467971745220898,9.467971745220897
Reduced,0.0,1.4,1605.2631578947369,0.6229508196721312,1.0,AR,FigS1_1.4atm,0.006340817467838876,6.340817467838876
Reduced,0.0,1.4,1657.8947368421052,0.6031746031746031,1.0,AR,FigS1_1.4atm,0.00439349732632696,4.39349732632696
Reduced,0.0,1.4,1710.5263157894738,0.5846153846153845,1.0,AR,FigS1_1.4atm,0.003135738552614474,3.135738552614474
Reduced,0.0,1.4,1763.157894736842,0.5671641791044776,1.0,AR,FigS1_1.4atm,0.002295168971084328,2.2951689710843284
Reduced,0.0,1.4,1815.7894736842104,0.5507246376811594,1.0,AR,FigS1_1.4atm,0.0017193276866647304,1.7193276866647305
Reduced,0.0,1.4,1868.421052631579,0.5352112676056338,1.0,AR,FigS1_1.4atm,0.0013132406851764605,1.3132406851764604
Reduced,0.0,1.4,1921.0526315789473,0.5205479452054794,1.0,AR,FigS1_1.4atm,0.0010220499758885635,1.0220499758885635
Reduced,0.0,1.4,1973.6842105263158,0.5066666666666667,1.0,AR,FigS1_1.4atm,0.0008081943319659832,0.8081943319659831
Reduced,0.0,1.4,2026.3157894736842,0.4935064935064935,1.0,AR,FigS1_1.4atm,0.0006487716870546862,0.6487716870546861
Reduced,0.0,1.4,2078.9473684210525,0.4810126582278481,1.0,AR,FigS1_1.4atm,0.0005283338911139909,0.528333891113991
Reduced,0.0,1.4,2131.578947368421,0.46913580246913583,1.0,AR,FigS1_1.4atm,0.0004353956771473284,0.43539567714732835
Reduced,0.0,1.4,2184.2105263157896,0.4578313253012048,1.0,AR,FigS1_1.4atm,0.0003632196790617639,0.36321967906176394
Reduced,0.0,1.4,2236.842105263158,0.4470588235294118,1.0,AR,FigS1_1.4atm,0.0003062852953540462,0.3062852953540462
Reduced,0.0,1.4,2289.4736842105262,0.4367816091954023,1.0,AR,FigS1_1.4atm,0.00026086417267585037,0.2608641726758504
Reduced,0.0,1.4,2342.1052631578946,0.4269662921348315,1.0,AR,FigS1_1.4atm,0.00022485132215001294,0.22485132215001294
Reduced,0.0,1.4,2394.7368421052633,0.41758241758241754,1.0,AR,FigS1_1.4atm,0.00019593448844075395,0.19593448844075395
Reduced,0.0,1.4,2447.3684210526317,0.4086021505376344,1.0,AR,FigS1_1.4atm,0.00017376699158799217,0.17376699158799216
Reduced,0.0,1.4,2500.0,0.4,1.0,AR,FigS1_1.4atm,0.10098450409022335,100.98450409022334
Reduced,0.0,11.0,1500.0,0.6666666666666666,1.0,AR,FigS1_11atm,0.0035074168763415416,3.5074168763415416
Reduced,0.0,11.0,1552.6315789473683,0.6440677966101696,1.0,AR,FigS1_11atm,0.00196893124476938,1.9689312447693799
Reduced,0.0,11.0,1605.2631578947369,0.6229508196721312,1.0,AR,FigS1_11atm,0.0011869113425645266,1.1869113425645266
Reduced,0.0,11.0,1657.8947368421052,0.6031746031746031,1.0,AR,FigS1_11atm,0.0007583201061188211,0.7583201061188212
Reduced,0.0,11.0,1710.5263157894738,0.5846153846153845,1.0,AR,FigS1_11atm,0.0005082307087127835,0.5082307087127835
Reduced,0.0,11.0,1763.157894736842,0.5671641791044776,1.0,AR,FigS1_11atm,0.0003541675815210691,0.3541675815210691
Reduced,0.0,11.0,1815.7894736842104,0.5507246376811594,1.0,AR,FigS1_11atm,0.00025514345303395653,0.2551434530339565
Reduced,0.0,11.0,1868.421052631579,0.5352112676056338,1.0,AR,FigS1_11atm,0.00018893475389712981,0.18893475389712983
Reduced,0.0,11.0,1921.0526315789473,0.5205479452054794,1.0,AR,FigS1_11atm,0.00014318588734762611,0.1431858873476261
Reduced,0.0,11.0,1973.6842105263158,0.5066666666666667,1.0,AR,FigS1_11atm,0.00011084141070178258,0.11084141070178258
Reduced,0.0,11.0,2026.3157894736842,0.4935064935064935,1.0,AR,FigS1_11atm,8.729952732184905e-05,0.08729952732184905
Reduced,0.0,11.0,2078.9473684210525,0.4810126582278481,1.0,AR,FigS1_11atm,6.983452091536231e-05,0.06983452091536231
Reduced,0.0,11.0,2131.578947368421,0.46913580246913583,1.0,AR,FigS1_11atm,5.668750649340775e-05,0.05668750649340775
Reduced,0.0,11.0,2184.2105263157896,0.4578313253012048,1.0,AR,FigS1_11atm,4.658888134246712e-05,0.04658888134246712
Reduced,0.0,11.0,2236.842105263158,0.4470588235294118,1.0,AR,FigS1_11atm,3.876307907043581e-05,0.03876307907043581
Reduced,0.0,11.0,2289.4736842105262,0.4367816091954023,1.0,AR,FigS1_11atm,3.254751305238543e-05,0.03254751305238543
Reduced,0.0,11.0,2342.1052631578946,0.4269662921348315,1.0,AR,FigS1_11atm,2.763583283387167e-05,0.02763583283387167
Reduced,0.0,11.0,2394.7368421052633,0.41758241758241754,1.0,AR,FigS1_11atm,2.3690987487426795e-05,0.023690987487426794
Reduced,0.0,11.0,2447.3684210526317,0.4086021505376344,1.0,AR,FigS1_11atm,2.046175189861813e-05,0.020461751898618128
Reduced,0.0,11.0,2500.0,0.4,1.0,AR,FigS1_11atm,1.7845016739992313e-05,0.017845016739992312
Reduced,0.0,43.4,900.0,1.1111111111111112,0.35,N2,FigS2a,10.051100527027033,10051.100527027034
Reduced,0.0,43.4,921.0526315789474,1.0857142857142856,0.35,N2,FigS2a,7.977872088348432,7977.872088348432
Reduced,0.0,43.4,942.1052631578948,1.0614525139664803,0.35,N2,FigS2a,4.163474068947412,4163.474068947412
Reduced,0.0,43.4,963.1578947368421,1.0382513661202186,0.35,N2,FigS2a,2.2348117781194685,2234.8117781194687
Reduced,0.0,43.4,984.2105263157895,1.0160427807486632,0.35,N2,FigS2a,1.231342426598232,1231.3424265982321
Reduced,0.0,43.4,1005.2631578947369,0.9947643979057591,0.35,N2,FigS2a,0.6952889028565871,695.288902856587
Reduced,0.0,43.4,1026.3157894736842,0.9743589743589745,0.35,N2,FigS2a,0.4018273220715171,401.82732207151713
Reduced,0.0,43.4,1047.3684210526317,0.9547738693467336,0.35,N2,FigS2a,0.23740412124896626,237.40412124896625
Reduced,0.0,43.4,1068.421052631579,0.9359605911330049,0.35,N2,FigS2a,0.14323313613626598,143.23313613626598
Reduced,0.0,43.4,1089.4736842105262,0.9178743961352658,0.35,N2,FigS2a,0.08816161498877227,88.16161498877227
Reduced,0.0,43.4,1110.5263157894738,0.9004739336492891,0.35,N2,FigS2a,0.05531002674466107,55.310026744661066
Reduced,0.0,43.4,1131.578947368421,0.8837209302325582,0.35,N2,FigS2a,0.03533867193739137,35.33867193739137
Reduced,0.0,43.4,1152.6315789473683,0.8675799086757991,0.35,N2,FigS2a,0.022976024764290417,22.97602476429042
Reduced,0.0,43.4,1173.6842105263158,0.852017937219731,0.35,N2,FigS2a,0.015189896144005045,15.189896144005045
Reduced,0.0,43.4,1194.7368421052631,0.8370044052863437,0.35,N2,FigS2a,0.010204275040456401,10.204275040456402
Reduced,0.0,43.4,1215.7894736842104,0.8225108225108226,0.35,N2,FigS2a,0.00696087689982073,6.96087689982073
Reduced,0.0,43.4,1236.842105263158,0.8085106382978723,0.35,N2,FigS2a,0.004818583713942081,4.818583713942081
Reduced,0.0,43.4,1257.8947368421054,0.7949790794979078,0.35,N2,FigS2a,0.003382805090005622,3.382805090005622
Reduced,0.0,43.4,1278.9473684210527,0.7818930041152263,0.35,N2,FigS2a,0.0024069894489088337,2.406989448908834
Reduced,0.0,43.4,1300.0,0.7692307692307693,0.35,N2,FigS2a,0.0017348219384196728,1.7348219384196728
Reduced,0.1,43.4,900.0,1.1111111111111112,0.35,N2,FigS2a,0.6756024581427168,675.6024581427168
Reduced,0.1,43.4,921.0526315789474,1.0857142857142856,0.35,N2,FigS2a,0.409251155526257,409.25115552625704
Reduced,0.1,43.4,942.1052631578948,1.0614525139664803,0.35,N2,FigS2a,0.25294073834868525,252.94073834868524
Reduced,0.1,43.4,963.1578947368421,1.0382513661202186,0.35,N2,FigS2a,0.15915150606210032,159.1515060621003
Reduced,0.1,43.4,984.2105263157895,1.0160427807486632,0.35,N2,FigS2a,0.10176731288192252,101.76731288192252
Reduced,0.1,43.4,1005.2631578947369,0.9947643979057591,0.35,N2,FigS2a,0.06604435672882027,66.04435672882026
Reduced,0.1,43.4,1026.3157894736842,0.9743589743589745,0.35,N2,FigS2a,0.043458213265814914,43.45821326581491
Reduced,0.1,43.4,1047.3684210526317,0.9547738693467336,0.35,N2,FigS2a,0.02897237524875838,28.97237524875838
Reduced,0.1,43.4,1068.421052631579,0.9359605911330049,0.35,N2,FigS2a,0.01955871867102978,19.55871867102978
Reduced,0.1,43.4,1089.4736842105262,0.9178743961352658,0.35,N2,FigS2a,0.013366117302289728,13.366117302289728
Reduced,0.1,43.4,1110.5263157894738,0.9004739336492891,0.35,N2,FigS2a,0.009245436789772967,9.245436789772967
Reduced,0.1,43.4,1131.578947368421,0.8837209302325582,0.35,N2,FigS2a,0.00647327560132208,6.47327560132208
Reduced,0.1,43.4,1152.6315789473683,0.8675799086757991,0.35,N2,FigS2a,0.004588245894212978,4.588245894212978
Reduced,0.1,43.4,1173.6842105263158,0.852017937219731,0.35,N2,FigS2a,0.0032926498819532955,3.2926498819532957
Reduced,0.1,43.4,1194.7368421052631,0.8370044052863437,0.35,N2,FigS2a,0.0023922971728061264,2.3922971728061264
Reduced,0.1,43.4,1215.7894736842104,0.8225108225108226,0.35,N2,FigS2a,0.0017593770307169042,1.759377030716904
Reduced,0.1,43.4,1236.842105263158,0.8085106382978723,0.35,N2,FigS2a,0.0013090739550503745,1.3090739550503745
Reduced,0.1,43.4,1257.8947368421054,0.7949790794979078,0.35,N2,FigS2a,0.0009847298635990464,0.9847298635990464
Reduced,0.1,43.4,1278.9473684210527,0.7818930041152263,0.35,N2,FigS2a,0.0007482219818145202,0.7482219818145202
Reduced,0.1,43.4,1300.0,0.7692307692307693,0.35,N2,FigS2a,0.0005737121346801199,0.57371213468012
Reduced,0.25,43.4,900.0,1.1111111111111112,0.35,N2,FigS2a,0.18783555500336285,187.83555500336286
Reduced,0.25,43.4,921.0526315789474,1.0857142857142856,0.35,N2,FigS2a,0.11255155927378742,112.55155927378742
Reduced,0.25,43.4,942.1052631578948,1.0614525139664803,0.35,N2,FigS2a,0.06900132500661672,69.00132500661672
Reduced,0.25,43.4,963.1578947368421,1.0382513661202186,0.35,N2,FigS2a,0.043162627006528814,43.162627006528815
Reduced,0.25,43.4,984.2105263157895,1.0160427807486632,0.35,N2,FigS2a,0.027485635581858518,27.485635581858517
Reduced,0.25,43.4,1005.2631578947369,0.9947643979057591,0.35,N2,FigS2a,0.01778378646215261,17.783786462152612
Reduced,0.25,43.4,1026.3157894736842,0.9743589743589745,0.35,N2,FigS2a,0.011673135070839816,11.673135070839816
Reduced,0.25,43.4,1047.3684210526317,0.9547738693467336,0.35,N2,FigS2a,0.007762857231547187,7.762857231547187
Reduced,0.25,43.4,1068.421052631579,0.9359605911330049,0.35,N2,FigS2a,0.0052248420850416364,5.224842085041637
Reduced,0.25,43.4,1089.4736842105262,0.9178743961352658,0.35,N2,FigS2a,0.003556661150711109,3.556661150711109
Reduced,0.25,43.4,1110.5263157894738,0.9004739336492891,0.35,N2,FigS2a,0.0024479048817440375,2.4479048817440376
Reduced,0.25,43.4,1131.578947368421,0.8837209302325582,0.35,N2,FigS2a,0.0017037732869965108,1.7037732869965108
Reduced,0.25,43.4,1152.6315789473683,0.8675799086757991,0.35,N2,FigS2a,0.001200010424920391,1.2000104249203911
Reduced,0.25,43.4,1173.6842105263158,0.852017937219731,0.35,N2,FigS2a,0.0008562575007149897,0.8562575007149896
Reduced,0.25,43.4,1194.7368421052631,0.8370044052863437,0.35,N2,FigS2a,0.0006197362595030192,0.6197362595030191
Reduced,0.25,43.4,1215.7894736842104,0.8225108225108226,0.35,N2,FigS2a,0.0004554174416395533,0.4554174416395533
Reduced,0.25,43.4,1236.842105263158,0.8085106382978723,0.35,N2,FigS2a,0.0003398599250923666,0.3398599250923666
Reduced,0.25,43.4,1257.8947368421054,0.7949790794979078,0.35,N2,FigS2a,0.0002574032841171322,0.2574032841171322
Reduced,0.25,43.4,1278.9473684210527,0.7818930041152263,0.35,N2,FigS2a,0.00019759648283831834,0.19759648283831835
Reduced,0.25,43.4,1300.0,0.7692307692307693,0.35,N2,FigS2a,0.00015348674162370083,0.15348674162370082
Reduced,0.0,20.0,900.0,1.1111111111111112,1.0,N2,FigS2b,10.029181410462536,10029.181410462535
Reduced,0.0,20.0,926.3157894736842,1.0795454545454546,1.0,N2,FigS2b,7.950192963808781,7950.19296380878
Reduced,0.0,20.0,952.6315789473684,1.0497237569060773,1.0,N2,FigS2b,3.5881103043048994,3588.1103043048993
Reduced,0.0,20.0,978.9473684210526,1.021505376344086,1.0,N2,FigS2b,1.6894709028291015,1689.4709028291015
Reduced,0.0,20.0,1005.2631578947369,0.9947643979057591,1.0,N2,FigS2b,0.8274279957353389,827.4279957353389
Reduced,0.0,20.0,1031.578947368421,0.9693877551020408,1.0,N2,FigS2b,0.42053113877985804,420.53113877985805
Reduced,0.0,20.0,1057.8947368421052,0.945273631840796,1.0,N2,FigS2b,0.22132437607431477,221.32437607431476
Reduced,0.0,20.0,1084.2105263157894,0.9223300970873788,1.0,N2,FigS2b,0.12037780573534061,120.37780573534062
Reduced,0.0,20.0,1110.5263157894738,0.9004739336492891,1.0,N2,FigS2b,0.06753348287316345,67.53348287316345
Reduced,0.0,20.0,1136.842105263158,0.8796296296296297,1.0,N2,FigS2b,0.03900843390000403,39.00843390000403
Reduced,0.0,20.0,1163.157894736842,0.8597285067873304,1.0,N2,FigS2b,0.023158947960475705,23.158947960475704
Reduced,0.0,20.0,1189.4736842105262,0.84070796460177,1.0,N2,FigS2b,0.014109114230309897,14.109114230309897
Reduced,0.0,20.0,1215.7894736842104,0.8225108225108226,1.0,N2,FigS2b,0.0088073964434149,8.8073964434149
Reduced,0.0,20.0,1242.1052631578948,0.8050847457627118,1.0,N2,FigS2b,0.005625426816111783,5.6254268161117835
Reduced,0.0,20.0,1268.421052631579,0.7883817427385892,1.0,N2,FigS2b,0.0036716658701790384,3.6716658701790386
Reduced,0.0,20.0,1294.7368421052631,0.7723577235772358,1.0,N2,FigS2b,0.0024459935558826407,2.445993555882641
Reduced,0.0,20.0,1321.0526315789473,0.7569721115537849,1.0,N2,FigS2b,0.0016613444103632696,1.6613444103632695
Reduced,0.0,20.0,1347.3684210526317,0.7421875,1.0,N2,FigS2b,0.0011493256008486804,1.1493256008486803
Reduced,0.0,20.0,1373.6842105263158,0.7279693486590038,1.0,N2,FigS2b,0.0008091120316466109,0.8091120316466108
Reduced,0.0,20.0,1400.0,0.7142857142857143,1.0,N2,FigS2b,0.0005791471074300714,0.5791471074300714
Reduced,0.1,20.0,900.0,1.1111111111111112,1.0,N2,FigS2b,0.2477760648889151,247.7760648889151
Reduced,0.1,20.0,926.3157894736842,1.0795454545454546,1.0,N2,FigS2b,0.13507354859741,135.07354859741
Reduced,0.1,20.0,952.6315789473684,1.0497237569060773,1.0,N2,FigS2b,0.07629924693833844,76.29924693833844
Reduced,0.1,20.0,978.9473684210526,1.021505376344086,1.0,N2,FigS2b,0.04443561239265018,44.435612392650185
Reduced,0.1,20.0,1005.2631578947369,0.9947643979057591,1.0,N2,FigS2b,0.02657975123108441,26.579751231084412
Reduced,0.1,20.0,1031.578947368421,0.9693877551020408,1.0,N2,FigS2b,0.016287678710302345,16.287678710302345
Reduced,0.1,20.0,1057.8947368421052,0.945273631840796,1.0,N2,FigS2b,0.010209987580638121,10.20998758063812
Reduced,0.1,20.0,1084.2105263157894,0.9223300970873788,1.0,N2,FigS2b,0.006545111935876132,6.545111935876132
Reduced,0.1,20.0,1110.5263157894738,0.9004739336492891,1.0,N2,FigS2b,0.0042928287125642535,4.292828712564254
Reduced,0.1,20.0,1136.842105263158,0.8796296296296297,1.0,N2,FigS2b,0.0028819544799744833,2.881954479974483
Reduced,0.1,20.0,1163.157894736842,0.8597285067873304,1.0,N2,FigS2b,0.001979173150983707,1.9791731509837072
Reduced,0.1,20.0,1189.4736842105262,0.84070796460177,1.0,N2,FigS2b,0.0013875323695688767,1.3875323695688768
Reduced,0.1,20.0,1215.7894736842104,0.8225108225108226,1.0,N2,FigS2b,0.0009900294190339294,0.9900294190339294
Reduced,0.1,20.0,1242.1052631578948,0.8050847457627118,1.0,N2,FigS2b,0.0007167125222094752,0.7167125222094752
Reduced,0.1,20.0,1268.421052631579,0.7883817427385892,1.0,N2,FigS2b,0.0005251644691836318,0.5251644691836318
Reduced,0.1,20.0,1294.7368421052631,0.7723577235772358,1.0,N2,FigS2b,0.00038900795427044074,0.3890079542704407
Reduced,0.1,20.0,1321.0526315789473,0.7569721115537849,1.0,N2,FigS2b,0.000291251046571102,0.29125104657110196
Reduced,0.1,20.0,1347.3684210526317,0.7421875,1.0,N2,FigS2b,0.00022053865427486806,0.22053865427486805
Reduced,0.1,20.0,1373.6842105263158,0.7279693486590038,1.0,N2,FigS2b,0.00016904090763221553,0.16904090763221552
Reduced,0.1,20.0,1400.0,0.7142857142857143,1.0,N2,FigS2b,0.00013125113631980108,0.13125113631980106
Reduced,0.25,20.0,900.0,1.1111111111111112,1.0,N2,FigS2b,0.10428126687031945,104.28126687031946
Reduced,0.25,20.0,926.3157894736842,1.0795454545454546,1.0,N2,FigS2b,0.05401597901041191,54.01597901041191
Reduced,0.25,20.0,952.6315789473684,1.0497237569060773,1.0,N2,FigS2b,0.029097685915289915,29.097685915289915
Reduced,0.25,20.0,978.9473684210526,1.021505376344086,1.0,N2,FigS2b,0.01622099469487141,16.220994694871408
Reduced,0.25,20.0,1005.2631578947369,0.9947643979057591,1.0,N2,FigS2b,0.009317245881745186,9.317245881745185
Reduced,0.25,20.0,1031.578947368421,0.9693877551020408,1.0,N2,FigS2b,0.005493478894539173,5.493478894539173
Reduced,0.25,20.0,1057.8947368421052,0.945273631840796,1.0,N2,FigS2b,0.0033143674599941464,3.3143674599941466
Reduced,0.25,20.0,1084.2105263157894,0.9223300970873788,1.0,N2,FigS2b,0.002041852704083958,2.0418527040839582
Reduced,0.25,20.0,1110.5263157894738,0.9004739336492891,1.0,N2,FigS2b,0.0012832456735407695,1.2832456735407696
Reduced,0.25,20.0,1136.842105263158,0.8796296296296297,1.0,N2,FigS2b,0.0008227604340698104,0.8227604340698105
Reduced,0.25,20.0,1163.157894736842,0.8597285067873304,1.0,N2,FigS2b,0.000538335852544561,0.5383358525445611
Reduced,0.25,20.0,1189.4736842105262,0.84070796460177,1.0,N2,FigS2b,0.00035940402961784514,0.3594040296178451
Reduced,0.25,20.0,1215.7894736842104,0.8225108225108226,1.0,N2,FigS2b,0.00024464342294779344,0.24464342294779345
Reduced,0.25,20.0,1242.1052631578948,0.8050847457627118,1.0,N2,FigS2b,0.00016971783114610125,0.16971783114610126
Reduced,0.25,20.0,1268.421052631579,0.7883817427385892,1.0,N2,FigS2b,0.0001201577246986772,0.1201577246986772
Reduced,0.25,20.0,1294.7368421052631,0.7723577235772358,1.0,N2,FigS2b,8.710843216662167e-05,0.08710843216662167
Reduced,0.25,20.0,1321.0526315789473,0.7569721115537849,1.0,N2,FigS2b,6.486042941378925e-05,0.06486042941378925
Reduced,0.25,20.0,1347.3684210526317,0.7421875,1.0,N2,FigS2b,4.960889635715343e-05,0.04960889635715343
Reduced,0.25,20.0,1373.6842105263158,0.7279693486590038,1.0,N2,FigS2b,3.888222930620361e-05,0.03888222930620361
Reduced,0.25,20.0,1400.0,0.7142857142857143,1.0,N2,FigS2b,3.112606544079292e-05,0.03112606544079292
Optimized,0.0,1.2,1050.0,0.9523809523809523,1.0,N2,,2.816997294284488,2816.997294284488
Optimized,0.0,1.2,1100.0,0.9090909090909091,1.0,N2,,0.9297207292676176,929.7207292676176
Optimized,0.0,1.2,1150.0,0.8695652173913043,1.0,N2,,0.3295738226922878,329.5738226922878
Optimized,0.0,1.2,1200.0,0.8333333333333334,1.0,N2,,0.12537289317077518,125.37289317077519
Optimized,0.0,1.2,1250.0,0.8,1.0,N2,,0.051687709600316156,51.687709600316154
Optimized,0.0,1.2,1300.0,0.7692307692307693,1.0,N2,,0.023263960603005646,23.263960603005646
Optimized,0.0,1.2,1350.0,0.7407407407407407,1.0,N2,,0.011442065929560945,11.442065929560945
Optimized,0.0,1.2,1400.0,0.7142857142857143,1.0,N2,,0.0062457610585086,6.2457610585086
Optimized,0.0,1.2,1450.0,0.6896551724137931,1.0,N2,,0.0036619515238073305,3.6619515238073306
Optimized,0.0,1.2,1500.0,0.6666666666666666,1.0,N2,,0.002304774115692787,2.304774115692787
Optimized,0.0,1.2,1550.0,0.6451612903225806,1.0,N2,,0.001545766602223132,1.545766602223132
Optimized,0.0,1.2,1600.0,0.625,1.0,N2,,0.0010937224292486903,1.0937224292486902
Optimized,0.0,1.2,1650.0,0.6060606060606061,1.0,N2,,0.0008127007858556713,0.8127007858556713
Optimized,0.0,1.2,1700.0,0.5882352941176471,1.0,N2,,0.0006276277669819541,0.6276277669819541
Optimized,0.0,1.2,1750.0,0.5714285714285714,1.0,N2,,0.0005049165351531165,0.5049165351531165
Optimized,0.0,1.2,1800.0,0.5555555555555556,1.0,N2,,0.0004213786771029955,0.4213786771029955
Optimized,0.0,1.2,1850.0,0.5405405405405406,1.0,N2,,0.0003656367042993838,0.36563670429938383
Optimized,0.0,1.2,1900.0,0.5263157894736842,1.0,N2,,0.0003233386123399161,0.32333861233991606
Optimized,0.0,1.2,1950.0,0.5128205128205128,1.0,N2,,0.00029605987575410036,0.29605987575410037
Optimized,0.0,1.2,2000.0,0.5,1.0,N2,,0.0002828098839740765,0.2828098839740765
Optimized,0.0,10.0,1050.0,0.9523809523809523,1.0,N2,,0.3182571711621113,318.25717116211126
Optimized,0.0,10.0,1100.0,0.9090909090909091,1.0,N2,,0.1087425338966975,108.7425338966975
Optimized,0.0,10.0,1150.0,0.8695652173913043,1.0,N2,,0.041426390516813356,41.426390516813356
Optimized,0.0,10.0,1200.0,0.8333333333333334,1.0,N2,,0.017318744047529384,17.318744047529385
Optimized,0.0,10.0,1250.0,0.8,1.0,N2,,0.007847266730722613,7.8472667307226125
Optimized,0.0,10.0,1300.0,0.7692307692307693,1.0,N2,,0.0038152283209321068,3.815228320932107
Optimized,0.0,10.0,1350.0,0.7407407407407407,1.0,N2,,0.001973967152683914,1.9739671526839142
Optimized,0.0,10.0,1400.0,0.7142857142857143,1.0,N2,,0.0010795958783793179,1.0795958783793178
Optimized,0.0,10.0,1450.0,0.6896551724137931,1.0,N2,,0.0006207681902891922,0.6207681902891923
Optimized,0.0,10.0,1500.0,0.6666666666666666,1.0,N2,,0.0003735619074970569,0.3735619074970569
Optimized,0.0,10.0,1550.0,0.6451612903225806,1.0,N2,,0.00023430673766847683,0.23430673766847682
Optimized,0.0,10.0,1600.0,0.625,1.0,N2,,0.00015261446781455993,0.15261446781455992
Optimized,0.0,10.0,1650.0,0.6060606060606061,1.0,N2,,0.00010480968447444974,0.10480968447444974
Optimized,0.0,10.0,1700.0,0.5882352941176471,1.0,N2,,7.411728255135962e-05,0.07411728255135962
Optimized,0.0,10.0,1750.0,0.5714285714285714,1.0,N2,,5.408416997723253e-05,0.05408416997723253
Optimized,0.0,10.0,1800.0,0.5555555555555556,1.0,N2,,4.0588121295909594e-05,0.04058812129590959
Optimized,0.0,10.0,1850.0,0.5405405405405406,1.0,N2,,3.12159788523382e-05,0.0312159788523382
Optimized,0.0,10.0,1900.0,0.5263157894736842,1.0,N2,,2.4701320933058418e-05,0.024701320933058418
Optimized,0.0,10.0,1950.0,0.5128205128205128,1.0,N2,,1.993626287904555e-05,0.01993626287904555
Optimized,0.0,10.0,2000.0,0.5,1.0,N2,,1.6365802824709513e-05,0.016365802824709515
Optimized,0.05,1.2,1050.0,0.9523809523809523,1.0,N2,,0.14073479224294824,140.73479224294823
Optimized,0.05,1.2,1100.0,0.9090909090909091,1.0,N2,,0.046971349315814856,46.971349315814855
Optimized,0.05,1.2,1150.0,0.8695652173913043,1.0,N2,,0.019549108764133218,19.54910876413322
Optimized,0.05,1.2,1200.0,0.8333333333333334,1.0,N2,,0.009546528205626542,9.546528205626542
Optimized,0.05,1.2,1250.0,0.8,1.0,N2,,0.005276248615949841,5.276248615949841
Optimized,0.05,1.2,1300.0,0.7692307692307693,1.0,N2,,0.0032202938272498727,3.220293827249873
Optimized,0.05,1.2,1350.0,0.7407407407407407,1.0,N2,,0.0021252121674726495,2.1252121674726494
Optimized,0.05,1.2,1400.0,0.7142857142857143,1.0,N2,,0.001614522632444503,1.614522632444503
Optimized,0.05,1.2,1450.0,0.6896551724137931,1.0,N2,,0.001222392972408054,1.222392972408054
Optimized,0.05,1.2,1500.0,0.6666666666666666,1.0,N2,,0.0009596165827377323,0.9596165827377322
Optimized,0.05,1.2,1550.0,0.6451612903225806,1.0,N2,,0.0007726815349000299,0.7726815349000299
Optimized,0.05,1.2,1600.0,0.625,1.0,N2,,0.0006310536789597143,0.6310536789597143
Optimized,0.05,1.2,1650.0,0.6060606060606061,1.0,N2,,0.0005305284589489528,0.5305284589489528
Optimized,0.05,1.2,1700.0,0.5882352941176471,1.0,N2,,0.00045051732207544986,0.45051732207544987
Optimized,0.05,1.2,1750.0,0.5714285714285714,1.0,N2,,0.0003913412499267633,0.3913412499267633
Optimized,0.05,1.2,1800.0,0.5555555555555556,1.0,N2,,0.0003482256312360465,0.3482256312360465
Optimized,0.05,1.2,1850.0,0.5405405405405406,1.0,N2,,0.00031213636551307995,0.31213636551307994
Optimized,0.05,1.2,1900.0,0.5263157894736842,1.0,N2,,0.00028912227760151155,0.28912227760151155
Optimized,0.05,1.2,1950.0,0.5128205128205128,1.0,N2,,0.0002739149802236627,0.27391498022366273
Optimized,0.05,1.2,2000.0,0.5,1.0,N2,,0.0002630630781689515,0.2630630781689515
Optimized,0.05,10.0,1050.0,0.9523809523809523,1.0,N2,,0.07062755524762797,70.62755524762797
Optimized,0.05,10.0,1100.0,0.9090909090909091,1.0,N2,,0.030106129976585915,30.106129976585915
Optimized,0.05,10.0,1150.0,0.8695652173913043,1.0,N2,,0.013726389575539285,13.726389575539285
Optimized,0.05,10.0,1200.0,0.8333333333333334,1.0,N2,,0.0064564385803858836,6.456438580385884
Optimized,0.05,10.0,1250.0,0.8,1.0,N2,,0.003198565955355005,3.198565955355005
Optimized,0.05,10.0,1300.0,0.7692307692307693,1.0,N2,,0.0016811024850114566,1.6811024850114566
Optimized,0.05,10.0,1350.0,0.7407407407407407,1.0,N2,,0.0009369220000109744,0.9369220000109744
Optimized,0.05,10.0,1400.0,0.7142857142857143,1.0,N2,,0.0005522527454261364,0.5522527454261364
Optimized,0.05,10.0,1450.0,0.6896551724137931,1.0,N2,,0.00034275518893638464,0.3427551889363846
Optimized,0.05,10.0,1500.0,0.6666666666666666,1.0,N2,,0.00022260761265717355,0.22260761265717355
Optimized,0.05,10.0,1550.0,0.6451612903225806,1.0,N2,,0.00015018661795934463,0.15018661795934463
Optimized,0.05,10.0,1600.0,0.625,1.0,N2,,0.00010450595074837553,0.10450595074837553
Optimized,0.05,10.0,1650.0,0.6060606060606061,1.0,N2,,7.672443986414983e-05,0.07672443986414983
Optimized,0.05,10.0,1700.0,0.5882352941176471,1.0,N2,,5.7126811465766755e-05,0.05712681146576676
Optimized,0.05,10.0,1750.0,0.5714285714285714,1.0,N2,,4.3369735314397313e-05,0.04336973531439731
Optimized,0.05,10.0,1800.0,0.5555555555555556,1.0,N2,,3.3582256426633655e-05,0.03358225642663366
Optimized,0.05,10.0,1850.0,0.5405405405405406,1.0,N2,,2.6514617089089118e-05,0.02651461708908912
Optimized,0.05,10.0,1900.0,0.5263157894736842,1.0,N2,,2.1339827637149807e-05,0.021339827637149807
Optimized,0.05,10.0,1950.0,0.5128205128205128,1.0,N2,,1.7474593860022968e-05,0.017474593860022966
Optimized,0.05,10.0,2000.0,0.5,1.0,N2,,1.4620076040579436e-05,0.014620076040579437
Optimized,0.3,1.2,1000.0,1.0,1.0,N2,,0.003427724662595997,3.427724662595997
Optimized,0.3,1.2,1052.6315789473683,0.9500000000000001,1.0,N2,,0.00157754392234095,1.57754392234095
Optimized,0.3,1.2,1105.2631578947369,0.9047619047619048,1.0,N2,,0.0008701030790189183,0.8701030790189183
Optimized,0.3,1.2,1157.8947368421052,0.8636363636363636,1.0,N2,,0.0005357482780157219,0.5357482780157219
Optimized,0.3,1.2,1210.5263157894738,0.8260869565217391,1.0,N2,,0.0003571463604896111,0.3571463604896111
Optimized,0.3,1.2,1263.157894736842,0.7916666666666666,1.0,N2,,0.000253091650279076,0.25309165027907604
Optimized,0.3,1.2,1315.7894736842104,0.7600000000000001,1.0,N2,,0.00019111520144121796,0.19111520144121796
Optimized,0.3,1.2,1368.421052631579,0.7307692307692307,1.0,N2,,0.00014787893430937693,0.14787893430937693
Optimized,0.3,1.2,1421.0526315789473,0.7037037037037037,1.0,N2,,0.00011799318875274211,0.1179931887527421
Optimized,0.3,1.2,1473.6842105263158,0.6785714285714286,1.0,N2,,9.650468078991668e-05,0.09650468078991668
Optimized,0.3,1.2,1526.3157894736842,0.6551724137931034,1.0,N2,,8.062774353247973e-05,0.08062774353247973
Optimized,0.3,1.2,1578.9473684210525,0.6333333333333334,1.0,N2,,6.857283799153842e-05,0.06857283799153842
Optimized,0.3,1.2,1631.578947368421,0.6129032258064516,1.0,N2,,5.981564158342111e-05,0.05981564158342111
Optimized,0.3,1.2,1684.2105263157896,0.59375,1.0,N2,,0.00011069823820451377,0.11069823820451377
Optimized,0.3,1.2,1736.842105263158,0.5757575757575758,1.0,N2,,0.0001348904578636379,0.1348904578636379
Optimized,0.3,1.2,1789.4736842105262,0.5588235294117647,1.0,N2,,0.00015028434907914782,0.1502843490791478
Optimized,0.3,1.2,1842.1052631578946,0.5428571428571429,1.0,N2,,0.00016058519114096415,0.16058519114096415
Optimized,0.3,1.2,1894.7368421052631,0.5277777777777778,1.0,N2,,0.00016878729894785247,0.16878729894785247
Optimized,0.3,1.2,1947.3684210526317,0.5135135135135135,1.0,N2,,0.0001797863486100633,0.1797863486100633
Optimized,0.3,1.2,2000.0,0.5,1.0,N2,,0.0001930646414770082,0.19306464147700822
Optimized,0.3,10.0,1000.0,1.0,1.0,N2,,0.023409017215225182,23.409017215225184
Optimized,0.3,10.0,1052.6315789473683,0.9500000000000001,1.0,N2,,0.006990260374491521,6.990260374491521
Optimized,0.3,10.0,1105.2631578947369,0.9047619047619048,1.0,N2,,0.0019410685152893153,1.9410685152893152
Optimized,0.3,10.0,1157.8947368421052,0.8636363636363636,1.0,N2,,0.0005147128608905165,0.5147128608905165
Optimized,0.3,10.0,1210.5263157894738,0.8260869565217391,1.0,N2,,0.00019735507747332178,0.1973550774733218
Optimized,0.3,10.0,1263.157894736842,0.7916666666666666,1.0,N2,,0.00010737278500493531,0.10737278500493531
Optimized,0.3,10.0,1315.7894736842104,0.7600000000000001,1.0,N2,,6.664119157357357e-05,0.06664119157357358
Optimized,0.3,10.0,1368.421052631579,0.7307692307692307,1.0,N2,,4.455176099186942e-05,0.04455176099186942
Optimized,0.3,10.0,1421.0526315789473,0.7037037037037037,1.0,N2,,3.1426142785962945e-05,0.031426142785962945
Optimized,0.3,10.0,1473.6842105263158,0.6785714285714286,1.0,N2,,2.3136800795605544e-05,0.023136800795605542
Optimized,0.3,10.0,1526.3157894736842,0.6551724137931034,1.0,N2,,1.7651145891825433e-05,0.017651145891825433
Optimized,0.3,10.0,1578.9473684210525,0.6333333333333334,1.0,N2,,1.3880870824925744e-05,0.013880870824925744
Optimized,0.3,10.0,1631.578947368421,0.6129032258064516,1.0,N2,,1.1217450156132952e-05,0.011217450156132952
Optimized,0.3,10.0,1684.2105263157896,0.59375,1.0,N2,,9.722006053252835e-06,0.009722006053252834
Optimized,0.3,10.0,1736.842105263158,0.5757575757575758,1.0,N2,,8.238070422054821e-06,0.008238070422054822
Optimized,0.3,10.0,1789.4736842105262,0.5588235294117647,1.0,N2,,7.451245328334245e-06,0.007451245328334245
Optimized,0.3,10.0,1842.1052631578946,0.5428571428571429,1.0,N2,,7.09423791970909e-06,0.00709423791970909
Optimized,0.3,10.0,1894.7368421052631,0.5277777777777778,1.0,N2,,6.7442563843737475e-06,0.006744256384373748
Optimized,0.3,10.0,1947.3684210526317,0.5135135135135135,1.0,N2,,6.346838640109417e-06,0.0063468386401094165
Optimized,0.3,10.0,2000.0,0.5,1.0,N2,,6.021779169020274e-06,0.006021779169020274
Optimized,0.7,1.2,900.0,1.1111111111111112,1.0,N2,,0.19602954005726267,196.02954005726266
Optimized,0.7,1.2,947.3684210526316,1.0555555555555556,1.0,N2,,0.003595480324076776,3.5954803240767763
Optimized,0.7,1.2,994.7368421052631,1.0052910052910053,1.0,N2,,0.0006107189004430961,0.6107189004430961
Optimized,0.7,1.2,1042.1052631578948,0.9595959595959596,1.0,N2,,0.00030170914673762237,0.3017091467376224
Optimized,0.7,1.2,1089.4736842105262,0.9178743961352658,1.0,N2,,0.00018674557946736256,0.18674557946736256
Optimized,0.7,1.2,1136.842105263158,0.8796296296296297,1.0,N2,,0.00013042822658606578,0.1304282265860658
Optimized,0.7,1.2,1184.2105263157896,0.8444444444444443,1.0,N2,,9.888340240962757e-05,0.09888340240962758
Optimized,0.7,1.2,1231.578947368421,0.811965811965812,1.0,N2,,7.949426381557157e-05,0.07949426381557156
Optimized,0.7,1.2,1278.9473684210527,0.7818930041152263,1.0,N2,,6.700426637970864e-05,0.06700426637970865
Optimized,0.7,1.2,1326.3157894736842,0.753968253968254,1.0,N2,,5.8896224981235586e-05,0.05889622498123559
Optimized,0.7,1.2,1373.6842105263158,0.7279693486590038,1.0,N2,,5.347148202884401e-05,0.05347148202884401
Optimized,0.7,1.2,1421.0526315789475,0.7037037037037036,1.0,N2,,4.941475528372855e-05,0.04941475528372855
Optimized,0.7,1.2,1468.421052631579,0.6810035842293907,1.0,N2,,4.7050759169347204e-05,0.0470507591693472
Optimized,0.7,1.2,1515.7894736842104,0.6597222222222223,1.0,N2,,4.560727350616869e-05,0.04560727350616869
Optimized,0.7,1.2,1563.157894736842,0.6397306397306397,1.0,N2,,4.477432337959178e-05,0.044774323379591786
Optimized,0.7,1.2,1610.5263157894738,0.6209150326797386,1.0,N2,,4.435490171826952e-05,0.04435490171826952
Optimized,0.7,1.2,1657.8947368421054,0.6031746031746031,1.0,N2,,4.434891159859892e-05,0.04434891159859892
Optimized,0.7,1.2,1705.2631578947369,0.5864197530864197,1.0,N2,,4.489273314347029e-05,0.044892733143470295
Optimized,0.7,1.2,1752.6315789473683,0.5705705705705706,1.0,N2,,4.5227158276132895e-05,0.0452271582761329
Optimized,0.7,1.2,1800.0,0.5555555555555556,1.0,N2,,4.619755834019764e-05,0.04619755834019764
Optimized,0.7,10.0,900.0,1.1111111111111112,1.0,N2,,0.10067916678092458,100.67916678092458
Optimized,0.7,10.0,947.3684210526316,1.0555555555555556,1.0,N2,,0.028315628967046542,28.315628967046543
Optimized,0.7,10.0,994.7368421052631,1.0052910052910053,1.0,N2,,0.008771594101920105,8.771594101920105
Optimized,0.7,10.0,1042.1052631578948,0.9595959595959596,1.0,N2,,0.002873774494588096,2.8737744945880963
Optimized,0.7,10.0,1089.4736842105262,0.9178743961352658,1.0,N2,,0.0009228467878148744,0.9228467878148744
Optimized,0.7,10.0,1136.842105263158,0.8796296296296297,1.0,N2,,0.00024226386866171214,0.24226386866171212
Optimized,0.7,10.0,1184.2105263157896,0.8444444444444443,1.0,N2,,4.6390972146316295e-05,0.046390972146316295
Optimized,0.7,10.0,1231.578947368421,0.811965811965812,1.0,N2,,1.9173240869649836e-05,0.019173240869649836
Optimized,0.7,10.0,1278.9473684210527,0.7818930041152263,1.0,N2,,1.1532818986423191e-05,0.011532818986423192
Optimized,0.7,10.0,1326.3157894736842,0.753968253968254,1.0,N2,,7.896921848919157e-06,0.007896921848919157
Optimized,0.7,10.0,1373.6842105263158,0.7279693486590038,1.0,N2,,5.832842406978588e-06,0.005832842406978588
Optimized,0.7,10.0,1421.0526315789475,0.7037037037037036,1.0,N2,,4.528335561047829e-06,0.0045283355610478285
Optimized,0.7,10.0,1468.421052631579,0.6810035842293907,1.0,N2,,3.645533286907559e-06,0.0036455332869075588
Optimized,0.7,10.0,1515.7894736842104,0.6597222222222223,1.0,N2,,3.0162672792786817e-06,0.0030162672792786818
Optimized,0.7,10.0,1563.157894736842,0.6397306397306397,1.0,N2,,2.5506315472293824e-06,0.0025506315472293823
Optimized,0.7,10.0,1610.5263157894738,0.6209150326797386,1.0,N2,,2.197119835299222e-06,0.002197119835299222
Optimized,0.7,10.0,1657.8947368421054,0.6031746031746031,1.0,N2,,1.920182166538857e-06,0.001920182166538857
Optimized,0.7,10.0,1705.2631578947369,0.5864197530864197,1.0,N2,,1.7010047859103857e-06,0.0017010047859103857
Optimized,0.7,10.0,1752.6315789473683,0.5705705705705706,1.0,N2,,1.5224641441621918e-06,0.0015224641441621918
Optimized,0.7,10.0,1800.0,0.5555555555555556,1.0,N2,,1.3753365113073315e-06,0.0013753365113073316
Optimized,0.0,20.0,1050.0,0.9523809523809523,1.0,N2,,0.16002509210813115,160.02509210813116
Optimized,0.0,20.0,1100.0,0.9090909090909091,1.0,N2,,0.05407447461172617,54.07447461172617
Optimized,0.0,20.0,1150.0,0.8695652173913043,1.0,N2,,0.020431928680761914,20.431928680761914
Optimized,0.0,20.0,1200.0,0.8333333333333334,1.0,N2,,0.008502381205938485,8.502381205938486
Optimized,0.0,20.0,1250.0,0.8,1.0,N2,,0.0038480936404341657,3.8480936404341657
Optimized,0.0,20.0,1300.0,0.7692307692307693,1.0,N2,,0.0018743551224768955,1.8743551224768955
Optimized,0.0,20.0,1350.0,0.7407407407407407,1.0,N2,,0.000973762292113326,0.973762292113326
Optimized,0.0,20.0,1400.0,0.7142857142857143,1.0,N2,,0.0005354702703731595,0.5354702703731595
Optimized,0.0,20.0,1450.0,0.6896551724137931,1.0,N2,,0.00030969290696553515,0.30969290696553514
Optimized,0.0,20.0,1500.0,0.6666666666666666,1.0,N2,,0.00018737655560369264,0.18737655560369265
Optimized,0.0,20.0,1550.0,0.6451612903225806,1.0,N2,,0.000118058772891414,0.11805877289141399
Optimized,0.0,20.0,1600.0,0.625,1.0,N2,,7.71482559363438e-05,0.07714825593634381
Optimized,0.0,20.0,1650.0,0.6060606060606061,1.0,N2,,5.210209888105569e-05,0.05210209888105569
Optimized,0.0,20.0,1700.0,0.5882352941176471,1.0,N2,,3.646194840186819e-05,0.03646194840186819
Optimized,0.0,20.0,1750.0,0.5714285714285714,1.0,N2,,2.607316101886714e-05,0.02607316101886714
Optimized,0.0,20.0,1800.0,0.5555555555555556,1.0,N2,,1.9097212101569215e-05,0.019097212101569214
Optimized,0.0,20.0,1850.0,0.5405405405405406,1.0,N2,,1.430886264369826e-05,0.01430886264369826
Optimized,0.0,20.0,1900.0,0.5263157894736842,1.0,N2,,1.1084051537607086e-05,0.011084051537607085
Optimized,0.0,20.0,1950.0,0.5128205128205128,1.0,N2,,8.888301024189223e-06,0.008888301024189223
Optimized,0.0,20.0,2000.0,0.5,1.0,N2,,7.218569419919117e-06,0.007218569419919117
Optimized,0.0,40.0,1050.0,0.9523809523809523,1.0,N2,,0.08210612743092727,82.10612743092727
Optimized,0.0,40.0,1100.0,0.9090909090909091,1.0,N2,,0.027475746462666827,27.475746462666827
Optimized,0.0,40.0,1150.0,0.8695652173913043,1.0,N2,,0.010290529203490224,10.290529203490225
Optimized,0.0,40.0,1200.0,0.8333333333333334,1.0,N2,,0.00425305881159953,4.25305881159953
Optimized,0.0,40.0,1250.0,0.8,1.0,N2,,0.0019166286554410093,1.9166286554410092
Optimized,0.0,40.0,1300.0,0.7692307692307693,1.0,N2,,0.0009319566578408548,0.9319566578408548
Optimized,0.0,40.0,1350.0,0.7407407407407407,1.0,N2,,0.00048439890279483187,0.4843989027948319
Optimized,0.0,40.0,1400.0,0.7142857142857143,1.0,N2,,0.00026691097677011393,0.26691097677011394
Optimized,0.0,40.0,1450.0,0.6896551724137931,1.0,N2,,0.00015481402859174868,0.15481402859174867
Optimized,0.0,40.0,1500.0,0.6666666666666666,1.0,N2,,9.396182732164269e-05,0.09396182732164268
Optimized,0.0,40.0,1550.0,0.6451612903225806,1.0,N2,,5.937484758077386e-05,0.05937484758077386
Optimized,0.0,40.0,1600.0,0.625,1.0,N2,,3.8895189372148916e-05,0.03889518937214891
Optimized,0.0,40.0,1650.0,0.6060606060606061,1.0,N2,,2.6314007244833923e-05,0.026314007244833924
Optimized,0.0,40.0,1700.0,0.5882352941176471,1.0,N2,,1.8326072238214915e-05,0.018326072238214915
Optimized,0.0,40.0,1750.0,0.5714285714285714,1.0,N2,,1.312278045782776e-05,0.01312278045782776
Optimized,0.0,40.0,1800.0,0.5555555555555556,1.0,N2,,9.664875749669667e-06,0.009664875749669666
Optimized,0.0,40.0,1850.0,0.5405405405405406,1.0,N2,,7.2251832152031825e-06,0.007225183215203182
Optimized,0.0,40.0,1900.0,0.5263157894736842,1.0,N2,,5.50241940166034e-06,0.00550241940166034
Optimized,0.0,40.0,1950.0,0.5128205128205128,1.0,N2,,4.261779826636413e-06,0.004261779826636413
Optimized,0.0,40.0,2000.0,0.5,1.0,N2,,3.3518455363938765e-06,0.0033518455363938764
Optimized,0.0,1.4,1050.0,0.9523809523809523,0.5,AR,,10.042843184398313,10042.843184398313
Optimized,0.0,1.4,1100.0,0.9090909090909091,0.5,AR,,10.000168678791312,10000.168678791311
Optimized,0.0,1.4,1150.0,0.8695652173913043,0.5,AR,,2.3034359075355275,2303.4359075355273
Optimized,0.0,1.4,1200.0,0.8333333333333334,0.5,AR,,0.7547740406254856,754.7740406254856
Optimized,0.0,1.4,1250.0,0.8,0.5,AR,,0.3109160132057061,310.9160132057061
Optimized,0.0,1.4,1300.0,0.7692307692307693,0.5,AR,,0.15085727903450027,150.85727903450027
Optimized,0.0,1.4,1350.0,0.7407407407407407,0.5,AR,,0.08246405282982652,82.46405282982653
Optimized,0.0,1.4,1400.0,0.7142857142857143,0.5,AR,,0.04913667070597642,49.136670705976414
Optimized,0.0,1.4,1450.0,0.6896551724137931,0.5,AR,,0.031148692831621323,31.14869283162132
Optimized,0.0,1.4,1500.0,0.6666666666666666,0.5,AR,,0.020660371283463534,20.660371283463533
Optimized,0.0,1.4,1550.0,0.6451612903225806,0.5,AR,,0.014171997585143675,14.171997585143675
Optimized,0.0,1.4,1600.0,0.625,0.5,AR,,0.0099722306425077,9.9722306425077
Optimized,0.0,1.4,1650.0,0.6060606060606061,0.5,AR,,0.007160433063713592,7.160433063713592
Optimized,0.0,1.4,1700.0,0.5882352941176471,0.5,AR,,0.005224930502385874,5.224930502385874
Optimized,0.0,1.4,1750.0,0.5714285714285714,0.5,AR,,0.0038640906918868518,3.864090691886852
Optimized,0.0,1.4,1800.0,0.5555555555555556,0.5,AR,,0.002891477169739424,2.891477169739424
Optimized,0.0,1.4,1850.0,0.5405405405405406,0.5,AR,,0.0021861782620673834,2.1861782620673833
Optimized,0.0,1.4,1900.0,0.5263157894736842,0.5,AR,,0.0016684532803296112,1.6684532803296113
Optimized,0.0,1.4,1950.0,0.5128205128205128,0.5,AR,,0.0012858875789256185,1.2858875789256186
Optimized,0.0,1.4,2000.0,0.5,0.5,AR,,0.0010007276299028452,1.0007276299028451
Optimized,0.0,1.4,1050.0,0.9523809523809523,1.0,AR,,10.059174519102665,10059.174519102666
Optimized,0.0,1.4,1100.0,0.9090909090909091,1.0,AR,,9.89272434464788,9892.724344647879
Optimized,0.0,1.4,1150.0,0.8695652173913043,1.0,AR,,2.4056872113959686,2405.6872113959685
Optimized,0.0,1.4,1200.0,0.8333333333333334,1.0,AR,,0.7995551193641333,799.5551193641332
Optimized,0.0,1.4,1250.0,0.8,1.0,AR,,0.32619523896595537,326.19523896595535
Optimized,0.0,1.4,1300.0,0.7692307692307693,1.0,AR,,0.1552444486273341,155.24444862733412
Optimized,0.0,1.4,1350.0,0.7407407407407407,1.0,AR,,0.08322780866892428,83.22780866892428
Optimized,0.0,1.4,1400.0,0.7142857142857143,1.0,AR,,0.04887465790130829,48.87465790130829
Optimized,0.0,1.4,1450.0,0.6896551724137931,1.0,AR,,0.030745915116952943,30.745915116952943
Optimized,0.0,1.4,1500.0,0.6666666666666666,1.0,AR,,0.02037221853157379,20.37221853157379
Optimized,0.0,1.4,1550.0,0.6451612903225806,1.0,AR,,0.014043402989516325,14.043402989516325
Optimized,0.0,1.4,1600.0,0.625,1.0,AR,,0.009978957606009016,9.978957606009015
Optimized,0.0,1.4,1650.0,0.6060606060606061,1.0,AR,,0.00725901353326214,7.25901353326214
Optimized,0.0,1.4,1700.0,0.5882352941176471,1.0,AR,,0.005377963088264953,5.377963088264953
Optimized,0.0,1.4,1750.0,0.5714285714285714,1.0,AR,,0.004043724100660545,4.043724100660545
Optimized,0.0,1.4,1800.0,0.5555555555555556,1.0,AR,,0.0030765675032595374,3.0765675032595374
Optimized,0.0,1.4,1850.0,0.5405405405405406,1.0,AR,,0.0023635139062573945,2.3635139062573947
Optimized,0.0,1.4,1900.0,0.5263157894736842,1.0,AR,,0.0018313214917898204,1.8313214917898204
Optimized,0.0,1.4,1950.0,0.5128205128205128,1.0,AR,,0.0014295471106313094,1.4295471106313093
Optimized,0.0,1.4,2000.0,0.5,1.0,AR,,0.0011248218147510377,1.1248218147510378
Optimized,0.0,1.4,1050.0,0.9523809523809523,2.0,AR,,10.051952197396046,10051.952197396045
Optimized,0.0,1.4,1100.0,0.9090909090909091,2.0,AR,,10.002345220353794,10002.345220353795
Optimized,0.0,1.4,1150.0,0.8695652173913043,2.0,AR,,2.7565774881385297,2756.5774881385296
Optimized,0.0,1.4,1200.0,0.8333333333333334,2.0,AR,,0.9394033304143329,939.4033304143329
Optimized,0.0,1.4,1250.0,0.8,2.0,AR,,0.3835048786146005,383.5048786146005
Optimized,0.0,1.4,1300.0,0.7692307692307693,2.0,AR,,0.1805051894632832,180.5051894632832
Optimized,0.0,1.4,1350.0,0.7407407407407407,2.0,AR,,0.09532620180558059,95.32620180558058
Optimized,0.0,1.4,1400.0,0.7142857142857143,2.0,AR,,0.0551019237487714,55.101923748771405
Optimized,0.0,1.4,1450.0,0.6896551724137931,2.0,AR,,0.034266159556034854,34.26615955603486
Optimized,0.0,1.4,1500.0,0.6666666666666666,2.0,AR,,0.02251783645222365,22.51783645222365
Optimized,0.0,1.4,1550.0,0.6451612903225806,2.0,AR,,0.015460445004392436,15.460445004392437
Optimized,0.0,1.4,1600.0,0.625,2.0,AR,,0.010991099922546788,10.991099922546788
Optimized,0.0,1.4,1650.0,0.6060606060606061,2.0,AR,,0.008029534328774872,8.029534328774872
Optimized,0.0,1.4,1700.0,0.5882352941176471,2.0,AR,,0.0059809352313046245,5.980935231304625
Optimized,0.0,1.4,1750.0,0.5714285714285714,2.0,AR,,0.004530206390590499,4.530206390590499
Optimized,0.0,1.4,1800.0,0.5555555555555556,2.0,AR,,0.003478290568873217,3.478290568873217
Optimized,0.0,1.4,1850.0,0.5405405405405406,2.0,AR,,0.10002028853651053,100.02028853651053
Optimized,0.0,1.4,1900.0,0.5263157894736842,2.0,AR,,0.10008147066854102,100.08147066854102
Optimized,0.0,1.4,1950.0,0.5128205128205128,2.0,AR,,0.10075466363498253,100.75466363498253
Optimized,0.0,1.4,2000.0,0.5,2.0,AR,,0.10030649215756185,100.30649215756185
Optimized,0.0,1.4,1500.0,0.6666666666666666,1.0,AR,FigS1_1.4atm,0.02037221853157379,20.37221853157379
Optimized,0.0,1.4,1552.6315789473683,0.6440677966101696,1.0,AR,FigS1_1.4atm,0.013783465828887492,13.783465828887492
Optimized,0.0,1.4,1605.2631578947369,0.6229508196721312,1.0,AR,FigS1_1.4atm,0.00963972152375045,9.639721523750449
Optimized,0.0,1.4,1657.8947368421052,0.6031746031746031,1.0,AR,FigS1_1.4atm,0.0069144371183993214,6.914437118399322
Optimized,0.0,1.4,1710.5263157894738,0.5846153846153845,1.0,AR,FigS1_1.4atm,0.005059359644436369,5.059359644436369
Optimized,0.0,1.4,1763.157894736842,0.5671641791044776,1.0,AR,FigS1_1.4atm,0.003758727278026125,3.758727278026125
Optimized,0.0,1.4,1815.7894736842104,0.5507246376811594,1.0,AR,FigS1_1.4atm,0.0028282534208473936,2.8282534208473935
Optimized,0.0,1.4,1868.421052631579,0.5352112676056338,1.0,AR,FigS1_1.4atm,0.0021498556603950086,2.1498556603950085
Optimized,0.0,1.4,1921.0526315789473,0.5205479452054794,1.0,AR,FigS1_1.4atm,0.0016489603847671516,1.6489603847671517
Optimized,0.0,1.4,1973.6842105263158,0.5066666666666667,1.0,AR,FigS1_1.4atm,0.0012750803234335471,1.275080323433547
Optimized,0.0,1.4,2026.3157894736842,0.4935064935064935,1.0,AR,FigS1_1.4atm,0.0009942209525823423,0.9942209525823423
Optimized,0.0,1.4,2078.9473684210525,0.4810126582278481,1.0,AR,FigS1_1.4atm,0.0007807237904997702,0.7807237904997703
Optimized,0.0,1.4,2131.578947368421,0.46913580246913583,1.0,AR,FigS1_1.4atm,0.0006186299356839629,0.618629935683963
Optimized,0.0,1.4,2184.2105263157896,0.4578313253012048,1.0,AR,FigS1_1.4atm,0.0004956918827505891,0.4956918827505891
Optimized,0.0,1.4,2236.842105263158,0.4470588235294118,1.0,AR,FigS1_1.4atm,0.0004004919456447354,0.40049194564473545
Optimized,0.0,1.4,2289.4736842105262,0.4367816091954023,1.0,AR,FigS1_1.4atm,0.00032697294315163733,0.32697294315163733
Optimized,0.0,1.4,2342.1052631578946,0.4269662921348315,1.0,AR,FigS1_1.4atm,0.0002701781887880814,0.2701781887880814
Optimized,0.0,1.4,2394.7368421052633,0.41758241758241754,1.0,AR,FigS1_1.4atm,0.00022725697476759003,0.22725697476759002
Optimized,0.0,1.4,2447.3684210526317,0.4086021505376344,1.0,AR,FigS1_1.4atm,0.00019421991883313323,0.19421991883313322
Optimized,0.0,1.4,2500.0,0.4,1.0,AR,FigS1_1.4atm,0.10009074168346524,100.09074168346524
Optimized,0.0,11.0,1500.0,0.6666666666666666,1.0,AR,FigS1_11atm,0.008674220426497315,8.674220426497314
Optimized,0.0,11.0,1552.6315789473683,0.6440677966101696,1.0,AR,FigS1_11atm,0.004643910091801022,4.643910091801022
Optimized,0.0,11.0,1605.2631578947369,0.6229508196721312,1.0,AR,FigS1_11atm,0.002710905230929168,2.710905230929168
Optimized,0.0,11.0,1657.8947368421052,0.6031746031746031,1.0,AR,FigS1_11atm,0.001692483842310541,1.692483842310541
Optimized,0.0,11.0,1710.5263157894738,0.5846153846153845,1.0,AR,FigS1_11atm,0.0011126239033182217,1.1126239033182217
Optimized,0.0,11.0,1763.157894736842,0.5671641791044776,1.0,AR,FigS1_11atm,0.0007602445744904293,0.7602445744904293
Optimized,0.0,11.0,1815.7894736842104,0.5507246376811594,1.0,AR,FigS1_11atm,0.0005350735067344857,0.5350735067344857
Optimized,0.0,11.0,1868.421052631579,0.5352112676056338,1.0,AR,FigS1_11atm,0.00038536608557638105,0.385366085576381
Optimized,0.0,11.0,1921.0526315789473,0.5205479452054794,1.0,AR,FigS1_11atm,0.0002825680354152683,0.2825680354152683
Optimized,0.0,11.0,1973.6842105263158,0.5066666666666667,1.0,AR,FigS1_11atm,0.00021036274920290654,0.21036274920290654
Optimized,0.0,11.0,2026.3157894736842,0.4935064935064935,1.0,AR,FigS1_11atm,0.00015861892426732437,0.15861892426732438
Optimized,0.0,11.0,2078.9473684210525,0.4810126582278481,1.0,AR,FigS1_11atm,0.00012103117095198412,0.12103117095198412
Optimized,0.0,11.0,2131.578947368421,0.46913580246913583,1.0,AR,FigS1_11atm,9.336745054220207e-05,0.09336745054220208
Optimized,0.0,11.0,2184.2105263157896,0.4578313253012048,1.0,AR,FigS1_11atm,7.290035535455405e-05,0.07290035535455405
Optimized,0.0,11.0,2236.842105263158,0.4470588235294118,1.0,AR,FigS1_11atm,5.747555000462919e-05,0.05747555000462919
Optimized,0.0,11.0,2289.4736842105262,0.4367816091954023,1.0,AR,FigS1_11atm,4.5865639983141984e-05,0.045865639983141984
Optimized,0.0,11.0,2342.1052631578946,0.4269662921348315,1.0,AR,FigS1_11atm,3.702346924310197e-05,0.03702346924310197
Optimized,0.0,11.0,2394.7368421052633,0.41758241758241754,1.0,AR,FigS1_11atm,3.0244551375710365e-05,0.030244551375710367
Optimized,0.0,11.0,2447.3684210526317,0.4086021505376344,1.0,AR,FigS1_11atm,2.497449902383784e-05,0.024974499023837842
Optimized,0.0,11.0,2500.0,0.4,1.0,AR,FigS1_11atm,2.0848192260528693e-05,0.020848192260528694
Optimized,0.0,43.4,900.0,1.1111111111111112,0.35,N2,FigS2a,8.97711330642972,8977.11330642972
Optimized,0.0,43.4,921.0526315789474,1.0857142857142856,0.35,N2,FigS2a,4.565416257474209,4565.416257474209
Optimized,0.0,43.4,942.1052631578948,1.0614525139664803,0.35,N2,FigS2a,2.3991176782610975,2399.1176782610974
Optimized,0.0,43.4,963.1578947368421,1.0382513661202186,0.35,N2,FigS2a,1.3000186284988426,1300.0186284988426
Optimized,0.0,43.4,984.2105263157895,1.0160427807486632,0.35,N2,FigS2a,0.725043045334339,725.043045334339
Optimized,0.0,43.4,1005.2631578947369,0.9947643979057591,0.35,N2,FigS2a,0.41549853608134324,415.4985360813432
Optimized,0.0,43.4,1026.3157894736842,0.9743589743589745,0.35,N2,FigS2a,0.24430335582465917,244.30335582465918
Optimized,0.0,43.4,1047.3684210526317,0.9547738693467336,0.35,N2,FigS2a,0.14717183553300323,147.17183553300322
Optimized,0.0,43.4,1068.421052631579,0.9359605911330049,0.35,N2,FigS2a,0.09071277701122367,90.71277701122366
Optimized,0.0,43.4,1089.4736842105262,0.9178743961352658,0.35,N2,FigS2a,0.05713679425280311,57.13679425280311
Optimized,0.0,43.4,1110.5263157894738,0.9004739336492891,0.35,N2,FigS2a,0.03673347451428309,36.73347451428309
Optimized,0.0,43.4,1131.578947368421,0.8837209302325582,0.35,N2,FigS2a,0.02407898887852439,24.07898887852439
Optimized,0.0,43.4,1152.6315789473683,0.8675799086757991,0.35,N2,FigS2a,0.016077184523715506,16.077184523715506
Optimized,0.0,43.4,1173.6842105263158,0.852017937219731,0.35,N2,FigS2a,0.010923880775162343,10.923880775162342
Optimized,0.0,43.4,1194.7368421052631,0.8370044052863437,0.35,N2,FigS2a,0.0075468352959177434,7.546835295917743
Optimized,0.0,43.4,1215.7894736842104,0.8225108225108226,0.35,N2,FigS2a,0.005296906610776095,5.296906610776095
Optimized,0.0,43.4,1236.842105263158,0.8085106382978723,0.35,N2,FigS2a,0.0037741506137209534,3.7741506137209533
Optimized,0.0,43.4,1257.8947368421054,0.7949790794979078,0.35,N2,FigS2a,0.0027278853662633493,2.727885366263349
Optimized,0.0,43.4,1278.9473684210527,0.7818930041152263,0.35,N2,FigS2a,0.001998674521003771,1.998674521003771
Optimized,0.0,43.4,1300.0,0.7692307692307693,0.35,N2,FigS2a,0.0014834066628884477,1.4834066628884477
Optimized,0.1,43.4,900.0,1.1111111111111112,0.35,N2,FigS2a,1.2026469061143858,1202.646906114386
Optimized,0.1,43.4,921.0526315789474,1.0857142857142856,0.35,N2,FigS2a,0.6950268755852577,695.0268755852577
Optimized,0.1,43.4,942.1052631578948,1.0614525139664803,0.35,N2,FigS2a,0.4080593651587742,408.0593651587742
Optimized,0.1,43.4,963.1578947368421,1.0382513661202186,0.35,N2,FigS2a,0.24326179242743948,243.26179242743947
Optimized,0.1,43.4,984.2105263157895,1.0160427807486632,0.35,N2,FigS2a,0.14720642501466502,147.20642501466503
Optimized,0.1,43.4,1005.2631578947369,0.9947643979057591,0.35,N2,FigS2a,0.09042010397048099,90.420103970481
Optimized,0.1,43.4,1026.3157894736842,0.9743589743589745,0.35,N2,FigS2a,0.05639011772494065,56.39011772494065
Optimized,0.1,43.4,1047.3684210526317,0.9547738693467336,0.35,N2,FigS2a,0.03572428474336863,35.724284743368635
Optimized,0.1,43.4,1068.421052631579,0.9359605911330049,0.35,N2,FigS2a,0.02301168942238806,23.01168942238806
Optimized,0.1,43.4,1089.4736842105262,0.9178743961352658,0.35,N2,FigS2a,0.015093382673057853,15.093382673057853
Optimized,0.1,43.4,1110.5263157894738,0.9004739336492891,0.35,N2,FigS2a,0.010100612005350668,10.100612005350667
Optimized,0.1,43.4,1131.578947368421,0.8837209302325582,0.35,N2,FigS2a,0.006912577049084256,6.912577049084256
Optimized,0.1,43.4,1152.6315789473683,0.8675799086757991,0.35,N2,FigS2a,0.00484811686014783,4.84811686014783
Optimized,0.1,43.4,1173.6842105263158,0.852017937219731,0.35,N2,FigS2a,0.003487894085304689,3.4878940853046894
Optimized,0.1,43.4,1194.7368421052631,0.8370044052863437,0.35,N2,FigS2a,0.0025714258091335484,2.5714258091335482
Optimized,0.1,43.4,1215.7894736842104,0.8225108225108226,0.35,N2,FigS2a,0.0019366680129847083,1.9366680129847083
Optimized,0.1,43.4,1236.842105263158,0.8085106382978723,0.35,N2,FigS2a,0.0014837192318967196,1.4837192318967196
Optimized,0.1,43.4,1257.8947368421054,0.7949790794979078,0.35,N2,FigS2a,0.0011511441044324818,1.1511441044324817
Optimized,0.1,43.4,1278.9473684210527,0.7818930041152263,0.35,N2,FigS2a,0.0009010288994391396,0.9010288994391396
Optimized,0.1,43.4,1300.0,0.7692307692307693,0.35,N2,FigS2a,0.0007096102023265294,0.7096102023265294
Optimized,0.25,43.4,900.0,1.1111111111111112,0.35,N2,FigS2a,0.3991619590949034,399.16195909490335
Optimized,0.25,43.4,921.0526315789474,1.0857142857142856,0.35,N2,FigS2a,0.23707164326841068,237.07164326841067
Optimized,0.25,43.4,942.1052631578948,1.0614525139664803,0.35,N2,FigS2a,0.14323769884228985,143.23769884228986
Optimized,0.25,43.4,963.1578947368421,1.0382513661202186,0.35,N2,FigS2a,0.08791502960749069,87.9150296074907
Optimized,0.25,43.4,984.2105263157895,1.0160427807486632,0.35,N2,FigS2a,0.05475208082302657,54.752080823026574
Optimized,0.25,43.4,1005.2631578947369,0.9947643979057591,0.35,N2,FigS2a,0.03456842185701021,34.56842185701021
Optimized,0.25,43.4,1026.3157894736842,0.9743589743589745,0.35,N2,FigS2a,0.022110067000055873,22.110067000055874
Optimized,0.25,43.4,1047.3684210526317,0.9547738693467336,0.35,N2,FigS2a,0.014317708420902377,14.317708420902377
Optimized,0.25,43.4,1068.421052631579,0.9359605911330049,0.35,N2,FigS2a,0.00938398654391547,9.383986543915471
Optimized,0.25,43.4,1089.4736842105262,0.9178743961352658,0.35,N2,FigS2a,0.006225552386487583,6.225552386487583
Optimized,0.25,43.4,1110.5263157894738,0.9004739336492891,0.35,N2,FigS2a,0.004183994371915256,4.183994371915256
Optimized,0.25,43.4,1131.578947368421,0.8837209302325582,0.35,N2,FigS2a,0.002853824563059121,2.853824563059121
Optimized,0.25,43.4,1152.6315789473683,0.8675799086757991,0.35,N2,FigS2a,0.001981326886274446,1.981326886274446
Optimized,0.25,43.4,1173.6842105263158,0.852017937219731,0.35,N2,FigS2a,0.0014052248708202478,1.4052248708202477
Optimized,0.25,43.4,1194.7368421052631,0.8370044052863437,0.35,N2,FigS2a,0.0010211225716930839,1.0211225716930838
Optimized,0.25,43.4,1215.7894736842104,0.8225108225108226,0.35,N2,FigS2a,0.000760517019810857,0.760517019810857
Optimized,0.25,43.4,1236.842105263158,0.8085106382978723,0.35,N2,FigS2a,0.0005789094262080596,0.5789094262080596
Optimized,0.25,43.4,1257.8947368421054,0.7949790794979078,0.35,N2,FigS2a,0.0004480764606700656,0.4480764606700656
Optimized,0.25,43.4,1278.9473684210527,0.7818930041152263,0.35,N2,FigS2a,0.0003507279826444867,0.35072798264448674
Optimized,0.25,43.4,1300.0,0.7692307692307693,0.35,N2,FigS2a,0.0002764099724044185,0.2764099724044185
Optimized,0.0,20.0,900.0,1.1111111111111112,1.0,N2,FigS2b,9.833032844232825,9833.032844232825
Optimized,0.0,20.0,926.3157894736842,1.0795454545454546,1.0,N2,FigS2b,4.275390927420528,4275.390927420528
Optimized,0.0,20.0,952.6315789473684,1.0497237569060773,1.0,N2,FigS2b,1.95706171917932,1957.06171917932
Optimized,0.0,20.0,978.9473684210526,1.021505376344086,1.0,N2,FigS2b,0.9394779520148432,939.4779520148431
Optimized,0.0,20.0,1005.2631578947369,0.9947643979057591,1.0,N2,FigS2b,0.47132057260674265,471.32057260674264
Optimized,0.0,20.0,1031.578947368421,0.9693877551020408,1.0,N2,FigS2b,0.2463451859676457,246.3451859676457
Optimized,0.0,20.0,1057.8947368421052,0.945273631840796,1.0,N2,FigS2b,0.133738552161026,133.738552161026
Optimized,0.0,20.0,1084.2105263157894,0.9223300970873788,1.0,N2,FigS2b,0.0751972124378203,75.1972124378203
Optimized,0.0,20.0,1110.5263157894738,0.9004739336492891,1.0,N2,FigS2b,0.04367324722727944,43.67324722727944
Optimized,0.0,20.0,1136.842105263158,0.8796296296296297,1.0,N2,FigS2b,0.026135528690739006,26.135528690739005
Optimized,0.0,20.0,1163.157894736842,0.8597285067873304,1.0,N2,FigS2b,0.016079914309397057,16.079914309397058
Optimized,0.0,20.0,1189.4736842105262,0.84070796460177,1.0,N2,FigS2b,0.010150880555803892,10.150880555803893
Optimized,0.0,20.0,1215.7894736842104,0.8225108225108226,1.0,N2,FigS2b,0.006563066711693857,6.563066711693857
Optimized,0.0,20.0,1242.1052631578948,0.8050847457627118,1.0,N2,FigS2b,0.004338884928559166,4.338884928559166
Optimized,0.0,20.0,1268.421052631579,0.7883817427385892,1.0,N2,FigS2b,0.002928616185641317,2.9286161856413173
Optimized,0.0,20.0,1294.7368421052631,0.7723577235772358,1.0,N2,FigS2b,0.0020153688592392145,2.0153688592392145
Optimized,0.0,20.0,1321.0526315789473,0.7569721115537849,1.0,N2,FigS2b,0.0014122049226975085,1.4122049226975084
Optimized,0.0,20.0,1347.3684210526317,0.7421875,1.0,N2,FigS2b,0.0010064225196005038,1.0064225196005037
Optimized,0.0,20.0,1373.6842105263158,0.7279693486590038,1.0,N2,FigS2b,0.0007286755594704901,0.7286755594704901
Optimized,0.0,20.0,1400.0,0.7142857142857143,1.0,N2,FigS2b,0.0005354702703731595,0.5354702703731595
Optimized,0.1,20.0,900.0,1.1111111111111112,1.0,N2,FigS2b,0.5897996148737239,589.799614873724
Optimized,0.1,20.0,926.3157894736842,1.0795454545454546,1.0,N2,FigS2b,0.3125821714386853,312.5821714386853
Optimized,0.1,20.0,952.6315789473684,1.0497237569060773,1.0,N2,FigS2b,0.16962394544017942,169.62394544017943
Optimized,0.1,20.0,978.9473684210526,1.021505376344086,1.0,N2,FigS2b,0.09404802962687848,94.04802962687849
Optimized,0.1,20.0,1005.2631578947369,0.9947643979057591,1.0,N2,FigS2b,0.05323935964560783,53.239359645607834
Optimized,0.1,20.0,1031.578947368421,0.9693877551020408,1.0,N2,FigS2b,0.03080266525551802,30.80266525551802
Optimized,0.1,20.0,1057.8947368421052,0.945273631840796,1.0,N2,FigS2b,0.01827176536255071,18.27176536255071
Optimized,0.1,20.0,1084.2105263157894,0.9223300970873788,1.0,N2,FigS2b,0.011170001419869329,11.17000141986933
Optimized,0.1,20.0,1110.5263157894738,0.9004739336492891,1.0,N2,FigS2b,0.007071583618766731,7.071583618766731
Optimized,0.1,20.0,1136.842105263158,0.8796296296296297,1.0,N2,FigS2b,0.0046355951169976635,4.6355951169976635
Optimized,0.1,20.0,1163.157894736842,0.8597285067873304,1.0,N2,FigS2b,0.0031229164249332083,3.122916424933208
Optimized,0.1,20.0,1189.4736842105262,0.84070796460177,1.0,N2,FigS2b,0.0021396932538694418,2.1396932538694418
Optimized,0.1,20.0,1215.7894736842104,0.8225108225108226,1.0,N2,FigS2b,0.0014820813478772267,1.4820813478772268
Optimized,0.1,20.0,1242.1052631578948,0.8050847457627118,1.0,N2,FigS2b,0.0010388107345565944,1.0388107345565945
Optimized,0.1,20.0,1268.421052631579,0.7883817427385892,1.0,N2,FigS2b,0.0007395829213100856,0.7395829213100856
Optimized,0.1,20.0,1294.7368421052631,0.7723577235772358,1.0,N2,FigS2b,0.0005360411548326513,0.5360411548326512
Optimized,0.1,20.0,1321.0526315789473,0.7569721115537849,1.0,N2,FigS2b,0.0003955097186439504,0.3955097186439504
Optimized,0.1,20.0,1347.3684210526317,0.7421875,1.0,N2,FigS2b,0.00029673535894572407,0.29673535894572406
Optimized,0.1,20.0,1373.6842105263158,0.7279693486590038,1.0,N2,FigS2b,0.00022609321131320242,0.22609321131320242
Optimized,0.1,20.0,1400.0,0.7142857142857143,1.0,N2,FigS2b,0.0001747639800852317,0.1747639800852317
Optimized,0.25,20.0,900.0,1.1111111111111112,1.0,N2,FigS2b,0.195919046708822,195.91904670882198
Optimized,0.25,20.0,926.3157894736842,1.0795454545454546,1.0,N2,FigS2b,0.1028938805995625,102.89388059956251
Optimized,0.25,20.0,952.6315789473684,1.0497237569060773,1.0,N2,FigS2b,0.0559035874476937,55.9035874476937
Optimized,0.25,20.0,978.9473684210526,1.021505376344086,1.0,N2,FigS2b,0.031287854927571725,31.287854927571725
Optimized,0.25,20.0,1005.2631578947369,0.9947643979057591,1.0,N2,FigS2b,0.017969006181039193,17.969006181039195
Optimized,0.25,20.0,1031.578947368421,0.9693877551020408,1.0,N2,FigS2b,0.01055196276008653,10.55196276008653
Optimized,0.25,20.0,1057.8947368421052,0.945273631840796,1.0,N2,FigS2b,0.0063147471509450714,6.314747150945071
Optimized,0.25,20.0,1084.2105263157894,0.9223300970873788,1.0,N2,FigS2b,0.003839439587314345,3.839439587314345
Optimized,0.25,20.0,1110.5263157894738,0.9004739336492891,1.0,N2,FigS2b,0.0023635264630188267,2.3635264630188266
Optimized,0.25,20.0,1136.842105263158,0.8796296296296297,1.0,N2,FigS2b,0.0014653760010734887,1.4653760010734886
Optimized,0.25,20.0,1163.157894736842,0.8597285067873304,1.0,N2,FigS2b,0.0009088645367911652,0.9088645367911652
Optimized,0.25,20.0,1189.4736842105262,0.84070796460177,1.0,N2,FigS2b,0.0005625186412705616,0.5625186412705616
Optimized,0.25,20.0,1215.7894736842104,0.8225108225108226,1.0,N2,FigS2b,0.00035142167862011955,0.3514216786201195
Optimized,0.25,20.0,1242.1052631578948,0.8050847457627118,1.0,N2,FigS2b,0.0002268286873797752,0.22682868737977518
Optimized,0.25,20.0,1268.421052631579,0.7883817427385892,1.0,N2,FigS2b,0.0001538664351117624,0.1538664351117624
Optimized,0.25,20.0,1294.7368421052631,0.7723577235772358,1.0,N2,FigS2b,0.00011001357077731172,0.11001357077731172
Optimized,0.25,20.0,1321.0526315789473,0.7569721115537849,1.0,N2,FigS2b,8.221138610930938e-05,0.08221138610930938
Optimized,0.25,20.0,1347.3684210526317,0.7421875,1.0,N2,FigS2b,6.34466663316353e-05,0.0634466663316353
Optimized,0.25,20.0,1373.6842105263158,0.7279693486590038,1.0,N2,FigS2b,5.013306287737594e-05,0.05013306287737594
Optimized,0.25,20.0,1400.0,0.7142857142857143,1.0,N2,FigS2b,4.0348789025834836e-05,0.04034878902583484
