mechanism,config,distance_cm,T_K,X_NH3,X_H2O,X_NO,X_N2O,X_OH,X_H2,X_O2,X_N2
Full,pure_NH3_350K,0.0,350.0,0.20392933461757282,0.0181113767329661,1.77658326613721e-05,2.3085514874659794e-05,8.48385905897737e-12,0.005026247612264324,0.15796250667617262,0.6149201223683255
Full,pure_NH3_350K,0.007812500000000002,368.4034981117869,0.2013175768653448,0.02170450075987967,2.1635456665229098e-05,2.966127561196596e-05,9.66959521242477e-12,0.005317479096058055,0.156713457823203,0.6148837566557681
Full,pure_NH3_350K,0.015625000000000003,389.5196530121333,0.1983756494343537,0.02578939197272231,2.6160478894963948e-05,3.77362562794188e-05,1.6971023639892087e-11,0.0056139435070557695,0.15526053465424836,0.614881807061019
Full,pure_NH3_350K,0.023437500000000003,413.47737114019554,0.195094964656583,0.030377731326295496,3.14011802458983e-05,4.7526781645934534e-05,3.3964561960865544e-11,0.005914296924706439,0.15358817654554016,0.6149277499844498
Full,pure_NH3_350K,0.03125000000000001,440.36150516455683,0.19147136945418544,0.035472750125012525,3.7417158091286025e-05,5.925107305756945e-05,6.931048038200148e-11,0.006217263546259191,0.1516828201685393,0.6150370091942995
Full,pure_NH3_350K,0.03906250000000001,470.2138761248057,0.18750450971560573,0.0410702871246277,4.426980221440111e-05,7.312565349338429e-05,1.3900881625897601e-10,0.006521681011631005,0.14953294502432082,0.6152264437814908
Full,pure_NH3_350K,0.04296875000000001,486.28848196088813,0.18539019902158124,0.0440588646804785,4.804139388979681e-05,8.09644759203741e-05,1.9786900013184432e-10,0.0066741462782180265,0.14836073673781427,0.6153577265243467
Full,pure_NH3_350K,0.04687500000000001,503.13365548180184,0.1831882362234946,0.0471734299051522,5.205949645383126e-05,8.945496795814692e-05,2.787002599365997e-10,0.0068265960351808685,0.14712107561979607,0.6155170459545132
Full,pure_NH3_350K,0.05078125,520.7443811069929,0.18089936585906438,0.05041187222757235,5.6335919259187415e-05,9.862534413565652e-05,3.889028708833327e-10,0.006978920178219786,0.14581295784990483,0.6157068315501606
Full,pure_NH3_350K,0.05468750000000001,539.1139778693482,0.1785244236970148,0.05377189405096799,6.088417835524e-05,0.00010850320957234253,5.380575920390203e-10,0.007131019199071142,0.14443548272362317,0.6159294928073614
Full,pure_NH3_350K,0.05859375000000001,558.234393953266,0.1760643107707705,0.057251061608344436,6.571996509578906e-05,0.00011911551405937134,7.385577134961259e-10,0.00728280390417515,0.1429878423102714,0.616187404254787
Full,pure_NH3_350K,0.06250000000000001,578.0964862559823,0.17351997048095233,0.06084684991282309,7.086166978343027e-05,0.0001304885104658848,1.0064697374457552e-09,0.007434195003106413,0.14146931157694928,0.6164828928481052
Full,pure_NH3_350K,0.06640625000000001,598.690277146806,0.17089236884493877,0.06455668144102884,7.633095961935995e-05,0.00014264771501034082,1.3627484694528263e-09,0.007585122609214657,0.13987923925456827,0.6168182276946659
Full,pure_NH3_350K,0.07031250000000001,620.0051825435485,0.1681824777974274,0.06837795853804524,8.215341058131923e-05,0.00015561786712710524,1.8350116627779678e-09,0.0077355256932594985,0.13821703964213597,0.6171956119558041
Full,pure_NH3_350K,0.07421875000000003,642.0302071042715,0.16539126131248214,0.07230808979139752,8.83591936019355e-05,0.00016942288675044452,2.460212054170506e-09,0.007885351528903592,0.1364821854831609,0.6176171767004344
Full,pure_NH3_350K,0.07812500000000001,664.7541036347601,0.16251966402173473,0.07634451079225747,9.498381574614389e-05,0.00018408582677133082,3.2887643138538954e-09,0.008034555167341785,0.1346742020060202,0.6180849764357089
Full,pure_NH3_350K,0.08203125000000001,688.1654946854509,0.15956860194103914,0.08048469979310155,0.00010206891560443943,0.00019962881816366505,4.391045998107131e-09,0.008183098977403921,0.13279266219740485,0.6186009860133995
Full,pure_NH3_350K,0.08593750000000001,712.2529547699355,0.15653895488643566,0.08472618879242705,0.00010966310721826653,0.00021607300485375184,5.867777821040814e-09,0.008330952287091888,0.13083718336928316,0.6191670985983503
Full,pure_NH3_350K,0.08984375000000001,737.005051770401,0.15343156016165196,0.08906657053768113,0.00011782285778127648,0.00023343846496856084,7.866711911344034e-09,0.008478091162071402,0.1288074250725446,0.6197851243831891
Full,pure_NH3_350K,0.09375000000000001,762.4103460666877,0.15024720714142023,0.09350350184322075,0.00012661337319757278,0.0002517441149903206,1.0609386370181795e-08,0.0086244983550228,0.1267030883875655,0.6204567897369361
Full,pure_NH3_350K,0.09765625,788.4573459434149,0.14698663246896684,0.09803470347556546,0.00013610945965766846,0.0002710075941313712,1.4431746729384195e-08,0.008770163455881002,0.12452391656719672,0.6211837364803925
Full,pure_NH3_350K,0.099609375,801.7206560009654,0.14532787547353787,0.10033505151632174,0.00014115555179797904,0.0002810060671783843,1.692503701718447e-08,0.008842717701295577,0.12340605330392344,0.6215685664771667
Full,pure_NH3_350K,0.1015625,815.1422336046793,0.14365006904920968,0.10265842980226263,0.0001464143974768554,0.0002912547914003958,1.9910123901439677e-08,0.008915085086233966,0.1222691058179502,0.6219680366840472
Full,pure_NH3_350K,0.103515625,828.7204655109334,0.14195330124341493,0.10500454925202897,0.0001518985974990306,0.00030175550491338764,2.350278494210897e-08,0.008987266403317236,0.1211130638568488,0.6223823263427759
Full,pure_NH3_350K,0.10546875,842.4538144329049,0.14023763880321047,0.10737314445097895,0.00015762171098100843,0.0003125100532013901,2.7845959118945915e-08,0.009059262882425416,0.11993790360622132,0.6228116217356798
Full,pure_NH3_350K,0.10742187500000001,856.3406005231765,0.13850316165227922,0.10976393155849005,0.0001635978731847741,0.00032351993907754953,3.3118083109236614e-08,0.009131076448203322,0.11874362200379507,0.6232560900953013
Full,pure_NH3_350K,0.10937500000000001,870.379203587012,0.1367499283197807,0.11217664916500449,0.00016984225118044555,0.0003347867662829877,3.954156339124914e-08,0.009202709526601618,0.11753020264642124,0.623715905900901
Full,pure_NH3_350K,0.11132812500000001,884.5678452205691,0.1349780106890953,0.11461101645194342,0.00017637061889562008,0.0003463117787296385,4.739365141521616e-08,0.009274165300757005,0.11629765058172821,0.6241912238653463
Full,pure_NH3_350K,0.11328125000000001,898.9047869214478,0.13318745945884106,0.11706677332455712,0.00018319988320186103,0.000358096312541974,5.701875419847886e-08,0.009345447531118104,0.11504595794483186,0.624682205970955
Full,pure_NH3_350K,0.11523437500000001,913.3881135413509,0.13137833913856467,0.11954363891998171,0.00019034762082703667,0.00037014132616308324,6.884443524188812e-08,0.009416560803209498,0.11377513912841325,0.6251889936337022
Full,pure_NH3_350K,0.11718750000000001,928.0159265619259,0.12955069371261038,0.12204135081766,0.00019783269090500253,0.0003824478573878098,8.339936180816903e-08,0.009487510365293193,0.11248519634499994,0.6257117353269399
Full,pure_NH3_350K,0.11914062500000001,942.7861296034941,0.12770458187734432,0.1245596239809833,0.00020567474027146106,0.00039501654536542224,1.0133651736093008e-07,0.00955830236119318,0.11117615508672642,0.6262505580273798
Full,pure_NH3_350K,0.12109375000000003,957.6966161219314,0.12584004309731125,0.127098188834848,0.00021389491901555602,0.00040784808842637515,1.2345896082376618e-07,0.009628943689839187,0.10984802983064487,0.6268055952630969
Full,pure_NH3_350K,0.12304687500000003,972.7450577867668,0.12395713309623219,0.12965675071748764,0.00022251535858768424,0.00042094275869828247,1.5075293194542905e-07,0.00969944221567414,0.1085008597128778,0.6273769579484346
Full,pure_NH3_350K,0.12500000000000003,987.9290858145347,0.12205589051537534,0.13223502659986983,0.000231560003719251,0.0004343008561587589,1.844241240743538e-07,0.009769806654086817,0.10713467461432069,0.627964762680789
Full,pure_NH3_350K,0.12695312500000003,1003.2460831235337,0.12013637268288559,0.13483270511926973,0.0002410540610983275,0.00044792221665454805,2.259439688482719e-07,0.0098400467502719,0.10574953098082886,0.6285691020737798
Full,pure_NH3_350K,0.12890625000000003,1018.6933720824786,0.11819862311557287,0.13744948168613094,0.00025102495398993824,0.0004618066574238646,2.770993802740904e-07,0.009910173192325032,0.10434547854559005,0.6291900731127525
Full,pure_NH3_350K,0.13085937500000003,1034.2680635265394,0.11624270553659999,0.1400850213402151,0.00026150178158826603,0.0004759535080583264,3.400565792741124e-07,0.00998019773981902,0.10292259413312545,0.6298277489099636
Full,pure_NH3_350K,0.13281250000000003,1049.9671326193543,0.11426868305697387,0.14273898082552836,0.00027251611382763985,0.0004903618966778839,4.17428411180096e-07,0.010050133180561449,0.10148095992557377,0.6304821977308877
Full,pure_NH3_350K,0.13476562500000003,1065.787354676836,0.11227663151973052,0.14541099418059847,0.00028410195681193446,0.000505030565957597,5.123552934885078e-07,0.01011999336411584,0.1000206760684323,0.6311534728110394
Full,pure_NH3_350K,0.13671875000000003,1081.725300319643,0.11026664074981114,0.14810067135975236,0.00029629603535889445,0.0005199578546340486,6.285966871935003e-07,0.010189793186293478,0.09854186090175202,0.6318416128324399
Full,pure_NH3_350K,0.13867187500000003,1097.7773190173145,0.10823881835260783,0.15080759430013788,0.0003091380102010283,0.0005351416435086596,7.706334924918526e-07,0.010259548552502567,0.09704465355196117,0.6325466404551773
Full,pure_NH3_350K,0.14062500000000003,1113.9395223738595,0.10619329403244378,0.15353131261470734,0.00032267067131033235,0.0005505792930836856,9.437822000271901e-07,0.010329276306385943,0.09552921681695574,0.6332685606662741
Full,pure_NH3_350K,0.14257812500000003,1130.20776732515,0.10413022446140989,0.15627133890651862,0.00033694009383083024,0.0005662675717886947,1.1543205774329292e-06,0.01039899411301638,0.0939957403484186,0.6340073589303751
Full,pure_NH3_350K,0.14453125000000006,1146.5776394413754,0.10204979872323644,0.15902714370851792,0.0003519957418687476,0.0005822025736855753,1.4096242927324604e-06,0.010468720284093761,0.09244444413079399,0.6347629991269114
Full,pure_NH3_350K,0.14648437500000006,1163.0444365376457,0.09995224434856718,0.16179815006380033,0.00036789050455134434,0.0005983796244636315,1.7183133344434895e-06,0.010538473530860475,0.09087558225127079,0.6355354212594677
Full,pure_NH3_350K,0.14843750000000006,1179.60315278428,0.09783783394652724,0.1645837277742568,0.00038468064844754553,0.000614793174452273,2.0904064557160975e-06,0.010608272628950106,0.08928944694931246,0.6363245389252683
Full,pure_NH3_350K,0.15039062500000006,1196.2484634671182,0.095706892422372,0.16738318736033508,0.00040242567079252107,0.0006314366772941158,2.5374811921738326e-06,0.010678135978290424,0.08768637292756919,0.6371302365362238
Full,pure_NH3_350K,0.15234375000000006,1212.9747104705596,0.09355980475187038,0.17019577379072345,0.0004211880391320391,0.0006483024528555844,3.0728363447789787e-06,0.010748081040654113,0.08606674189812563,0.6379523662882535
Full,pure_NH3_350K,0.15429687500000006,1229.775888439478,0.09139702425977596,0.1730206600578067,0.00044103280516187825,0.0006653815329341139,3.7116532724540354e-06,0.010818123637699871,0.08443098732884666,0.6387907448824466
Full,pure_NH3_350K,0.15625000000000003,1246.6456314246677,0.08921908132252657,0.17585694069160218,0.0004620270838128495,0.0006826634883921314,4.471152022831078e-06,0.010888277093548093,0.08277959934396831,0.6396451500103731
Full,pure_NH3_350K,0.158203125,1263.577199643397,0.08702659238521858,0.17870362532081727,0.0004842393931263828,0.0007001362365409744,5.370738378480371e-06,0.010958551208268228,0.0811131297210803,0.6405153166257417
Full,pure_NH3_350K,0.16015625,1280.5634658150038,0.08482026915128832,0.18155963240316994,0.0005077388561367735,0.0007177858279746368,6.432138437221281e-06,0.011028951052249296,0.07943219691365401,0.6414009330357482
Full,pure_NH3_350K,0.162109375,1297.5969003980283,0.08260092777296434,0.18442378325743677,0.0005325942727253983,0.0007355962126369479,7.679518475201746e-06,0.011099475576372846,0.07773749101469216,0.64230163685637
Full,pure_NH3_350K,0.16406250000000003,1314.6695549994226,0.08036949784402514,0.18729479653519962,0.0005588730769339379,0.0007535489857320753,9.13958958448661e-06,0.011170116039170237,0.07602977856392608,0.643217010886524
Full,pure_NH3_350K,0.16601562500000003,1331.7730432923784,0.07812703097770278,0.190171283270511,0.0005866402030786286,0.0007716231151607052,1.0841698936996516e-05,0.011240854259629098,0.07430990708931912,0.6441465789646121
Full,pure_NH3_350K,0.16796875000000003,1348.8985190056198,0.0758747087434744,0.1930517426405752,0.0006159568916009862,0.000789794653461912,1.2817911803626559e-05,0.011311660712939809,0.07257880926464473,0.64508980187744
Full,pure_NH3_350K,0.16992187500000003,1366.0366508831257,0.07361384974235714,0.1959345585590353,0.0006468794722536013,0.0008080364387008445,1.5103091325373961e-05,0.011382492495415673,0.07083750656014004,0.6460460733946879
Full,pure_NH3_350K,0.17187500000000003,1383.177595042148,0.07134591561847474,0.1988179972080792,0.0006794581672344077,0.000826317790284541,1.773498466892545e-05,0.011453291194220509,0.06908711226346376,0.6470147165024187
Full,pure_NH3_350K,0.17382812500000003,1400.3109657718337,0.06907251583768115,0.20170020559568236,0.0007137359596437444,0.0008446042071870089,2.075432548061154e-05,0.011523980706194405,0.06732883375446032,0.6479949799066469
Full,pure_NH3_350K,0.17578125000000003,1417.4258063930522,0.06679541110642175,0.20457921120294742,0.0007497475726950658,0.000862857077395311,2.4204962216929064e-05,0.011594465057789076,0.06556397392937448,0.6489860348737928
Full,pure_NH3_350K,0.17773437500000003,1434.5105622803292,0.0645165153513936,0.2074529227646603,0.0007875186022906751,0.0008810334084219818,2.8134020197528856e-05,0.011664626284155495,0.06379393168766118,0.6499869724703927
Full,pure_NH3_350K,0.17968750000000003,1451.5530584162764,0.06223789622655034,0.21031913220590287,0.0008270648400218026,0.0008990855893588063,3.25921021671084e-05,0.011734322429362001,0.062020201416027286,0.650996801260732
Full,pure_NH3_350K,0.18164062500000003,1468.5404838403426,0.05996177415180374,0.21317551774003018,0.0008683918158156859,0.0009169611951004942,3.763352821008553e-05,0.01180338573130216,0.06024437142775031,0.6520144455197219
Full,pure_NH3_350K,0.18359375000000003,1485.4593850517297,0.05769051991230169,0.21601964811948732,0.0009114945800255299,0.0009346028430205438,4.331661170227216e-05,0.011871621054126385,0.05846812133869277,0.6530387440193938
Full,pure_NH3_350K,0.18554687500000003,1502.2956698767719,0.05542665085512216,0.21884898802108346,0.0009563577345554774,0.000951948111550136,4.970396433847018e-05,0.011938804628311787,0.056693218382479024,0.654068449451229
Full,pure_NH3_350K,0.18750000000000003,1519.0346226121242,0.053172825711436195,0.22166090454147655,0.0010029557124343637,0.0009689295288508834,5.686282074136712e-05,0.012004683154329114,0.05492151268460621,0.6551022285520642
Full,pure_NH3_350K,0.18945312500000003,1535.6609305330962,0.050931838049395654,0.2244526747759307,0.001051253295751996,0.0009854746381601277,6.486537203223774e-05,0.0120689733209903,0.05315493152792936,0.6561386630074788
Full,pure_NH3_350K,0.19140625000000003,1552.1587212332672,0.048706608330872994,0.22722149445350368,0.0011012063534687022,0.001001506144511507,7.378909793901894e-05,0.012131361784665765,0.05139547264998373,0.6571762512118724
Full,pure_NH3_350K,0.193359375,1568.5116098246874,0.04650017450979281,0.22996448760340665,0.0011527627734672888,0.0010169421454849343,8.371708809520717e-05,0.012191505651220113,0.04964519661687648,0.6582134109677991
Full,pure_NH3_350K,0.1953125,1584.7027548133642,0.04431568107707249,0.23267871722968458,0.001205863557264143,0.0010316964465051962,9.473834449427752e-05,0.012249033499047789,0.047906218320037885,0.6592484832078649
Full,pure_NH3_350K,0.197265625,1600.714921456613,0.04215636643217946,0.23536119697349991,0.0012604440408302108,0.0010456789590830365,0.00010694805792873269,0.01230354697901345,0.04618069764268566,0.6602797368203067
Full,pure_NH3_350K,0.19921875,1616.5305515546115,0.040025548447385324,0.238008903743763,0.0013164352007174062,0.0010587961783742024,0.00012044785110776001,0.01235462302510255,0.04447082934351065,0.661305374654507
Full,pure_NH3_350K,0.201171875,1632.1318388611367,0.03792660808973368,0.2406187912966021,0.001373765000915398,0.0010709517346435863,0.0001353459796705487,0.012401816707662747,0.04277883220706961,0.6623235407757866
Full,pure_NH3_350K,0.203125,1647.5008095571006,0.03586297097768012,0.24318780474243862,0.0014323597324313565,0.0010820470117992975,0.00015175747935720105,0.012444664758562402,0.041106937514085874,0.663332329030026
Full,pure_NH3_350K,0.205078125,1662.619407472846,0.03383808677344712,0.24571289595606613,0.0014921452944777625,0.0010919818252643552,0.00016980424317476964,0.012482689793697896,0.039457376890674384,0.6643297929680038
Full,pure_NH3_350K,0.20703125,1677.469583949964,0.03185540634684833,0.24819103986034688,0.0015530483634804799,0.0011006551512421719,0.0001896150065821291,0.012515405252290716,0.03783236960309601,0.6653139571668591
Full,pure_NH3_350K,0.208984375,1692.03339239543,0.02991835669024488,0.2506192515484622,0.0016149973941257125,0.001107965900061165,0.00021132521162259824,0.012542321063636612,0.03623410937374299,0.6662828299707616
Full,pure_NH3_350K,0.2109375,1706.293087702707,0.028030313616295693,0.2529946042034198,0.0016779233956966512,0.001113813727870289,0.0002350767127042522,0.012562950039767706,0.0346647508042147,0.6672344176536543
Full,pure_NH3_350K,0.21289062500000003,1720.2312307990635,0.026194572329650934,0.25531424776702905,0.001741760427456531,0.0011180998835611602,0.0002610172776147582,0.012576814976225939,0.03312639550197404,0.6681667399826332
Full,pure_NH3_350K,0.21484375000000003,1733.8307986243703,0.024414316031068736,0.2575754283031978,0.001806445759341557,0.0011207280913754943,0.00028929982780024873,0.012583456422305158,0.031621078017890984,0.6690778471298846
Full,pure_NH3_350K,0.21679687500000003,1747.0752998470778,0.022692582788320925,0.25977550799194304,0.001871919649313278,0.0011216054740662469,0.0003200813526717662,0.012582441056254516,0.030150751712764393,0.6699658378422684
Full,pure_NH3_350K,0.21875000000000003,1759.9488965657451,0.021032230993982014,0.2619119856788819,0.0019381246970032958,0.001120643526405635,0.000353521424837582,0.012573370569777278,0.028717274681386844,0.6708288787303134
Full,pure_NH3_350K,0.22070312500000003,1772.436532114207,0.019435903826899262,0.2639825178886041,0.0020050047453666537,0.001117759153791924,0.00038978023821885133,0.012555890929816347,0.027322395873142516,0.6716652244810937
Full,pure_NH3_350K,0.22265625000000003,1784.524064869143,0.017905993242432278,0.2659849401866553,0.002072503318478862,0.0011128757950369728,0.00042901609091203447,0.012529701844553877,0.025967741558368066,0.6724732387325729
Full,pure_NH3_350K,0.22460937500000003,1796.1984076363647,0.016444604135694554,0.26791728874071363,0.002140561604775461,0.0011059246512816184,0.00047138224161825156,0.012494566216064153,0.024654802300114475,0.6732514152714252
Full,pure_NH3_350K,0.22656250000000003,1807.4476717573482,0.015053519449134961,0.26977782188509775,0.0022091160210934717,0.00109684604341499,0.0005170230847491323,0.012450319316154078,0.023384920601294403,0.673998399134136
Full,pure_NH3_350K,0.22851562500000003,1818.26131452936,0.013734167125138912,0.2715650414322344,0.002278095423637151,0.001085590917338356,0.0005660696169575641,0.012396877377725357,0.022159279407395437,0.6747130071059396
Full,pure_NH3_350K,0.23046875000000003,1828.6302878816755,0.012487589926438792,0.27327771339959384,0.0023474180667331767,0.0010721225089334347,0.0006186342081559998,0.01233424525567274,0.020978891654313797,0.6753942470305133
Full,pure_NH3_350K,0.23242187500000003,1838.5471855223836,0.0113144192490128,0.2749148877339132,0.0024169884475819864,0.0010564181679033296,0.0006748047432011094,0.012262522783958969,0.019844591058371264,0.6760413352722221
Full,pure_NH3_350K,0.23437500000000003,1848.0063850076792,0.010214854117136987,0.2764759165211054,0.002486694212916208,0.0010384713213836994,0.0007346382647997321,0.01218190944486115,0.01875702434975503,0.6766537116224082
Full,pure_NH3_350K,0.23632812500000003,1857.0041804480013,0.009188646559996797,0.2779604700783564,0.0025564033383986677,0.0010182935346205397,0.000798154320260543,0.012092706978144576,0.01771664514956463,0.6772310509226949
Full,pure_NH3_350K,0.23828125000000003,1865.5389009270875,0.00823509450530193,0.2793685502458221,0.002625961819600556,0.0009959165981446789,0.0008653282887991032,0.011995319596982232,0.016723709682384704,0.677773270702905
Full,pure_NH3_350K,0.24023437500000003,1873.6110092537738,0.007353043172821261,0.28070050014321335,0.0026951921295781597,0.00097139454077357,0.0009360850346584129,0.011890251546835083,0.015778274498800343,0.6782805342077507
Full,pure_NH3_350K,0.24218750000000006,1881.2231754745328,0.006540895701421896,0.28195700964397863,0.0027638926970563844,0.0009448054384709589,0.001010293285591321,0.01177810184339263,0.014880196354292764,0.6787532483223233
Full,pure_NH3_350K,0.24414062500000006,1888.3803197183024,0.005796633399151544,0.28313911586121454,0.0028318386358854074,0.0009162528645179952,0.0010877611673277365,0.011659556152584226,0.014029134351773815,0.6791920560999632
Full,pure_NH3_350K,0.24609375000000006,1895.089619471957,0.005117845581443094,0.2842481980413511,0.0028987839067581575,0.0008858668110644681,0.0011682333246257417,0.011535375922265136,0.013224554405426787,0.6795978238422352
Full,pure_NH3_350K,0.24804687500000006,1901.360477310262,0.004501768484926847,0.28528596642926535,0.0029644650144377512,0.000853803910399414,0.0012513900228035178,0.011406385030407636,0.012465736025391819,0.6799716229616642
Full,pure_NH3_350K,0.25000000000000006,1907.2044464053306,0.00394533225182721,0.2862544448949219,0.0030286062396025254,0.0008202467999291027,0.0013368485480591765,0.011273454365066639,0.011751781359400252,0.6803147071526248
Full,pure_NH3_350K,0.25195312500000006,1912.6351127560765,0.00344521451756768,0.2871559473860944,0.003090926279902836,0.0007854025100106,0.0014241671122906775,0.011137484882598468,0.011081626362789842,0.6806284856742248
Full,pure_NH3_350K,0.25390625000000006,1917.6679349130013,0.002997898748000439,0.2879930485732354,0.003151146040550824,0.0007494998082350804,0.0015128513246794415,0.010999389789416116,0.010454053906837188,0.6809144937823542
Full,pure_NH3_350K,0.25585937500000006,1922.32004390917,0.0025997352028633135,0.28876854935739993,0.00320899718546887,0.0007127855043884004,0.0016023631281679971,0.010860076548801587,0.009867708581145352,0.681174361508215
Full,pure_NH3_350K,0.25781250000000006,1926.6100080133954,0.002247002277031831,0.2894854381921486,0.0032642309528435826,0.0006755198010865404,0.0016921319275171752,0.010720429422494446,0.009321112902090617,0.681409782049526
Full,pure_NH3_350K,0.25976562500000006,1930.5575686649004,0.0019359660031217007,0.2901468494005974,0.0033166266708701746,0.0006379708574919599,0.0017815674723285822,0.010581293216726012,0.00881268460792343,0.6816224810094053
Full,pure_NH3_350K,0.26171875000000006,1934.1833554077798,0.001662935682461067,0.29075601982712496,0.003365999394132071,0.0006004088077012159,0.0018700739192505378,0.010443458819094219,0.008340754702401075,0.6818141875924895
Full,pure_NH3_350K,0.26367187500000006,1937.5085887132727,0.0014243139243016638,0.2913162452353621,0.0034122061256449303,0.0005630995316463364,0.001957064397329698,0.010307650995302066,0.007903585901913094,0.6819866086656434
Full,pure_NH3_350K,0.26562500000000006,1940.554780176637,0.00121663978050977,0.29183083784502123,0.003455150192632629,0.00052629850680093,0.002041975350794439,0.010174518775126876,0.007499391144310574,0.6821414063372725
Full,pure_NH3_350K,0.26757812500000006,1943.343439651215,0.0010366241227029933,0.2923030862926336,0.0034947834949644197,0.0004902450690536457,0.0021242799412571904,0.010044628607691704,0.007126351829124399,0.6822801794367935
Full,pure_NH3_350K,0.26953125000000006,1945.8957984186172,0.0008811768773600438,0.2927362191185754,0.0035311065253980038,0.0004551573804344742,0.0022034998570118914,0.00991846031918072,0.006782635477055062,0.6824044490127977
Full,pure_NH3_350K,0.27148437500000006,1948.2325565150786,0.000747426172475746,0.29313337264358014,0.003564166247186038,0.00042122834389110114,0.002279214994671422,0.009796405771758325,0.006466412520504926,0.6825156477398407
Full,pure_NH3_350K,0.27343750000000006,1950.373660907611,0.0006327298257793384,0.2934975638256918,0.0035940520835434234,0.00038862262852619196,0.002351070635539503,0.00967877000824047,0.00617587196622665,0.6826151129450596
Full,pure_NH3_350K,0.27539062500000006,1952.3381194482477,0.0005346798989416708,0.2938316684072777,0.003620890405018335,0.00035747488234138137,0.002418781918953422,0.009565774577996483,0.005909235705942029,0.6827040828441646
Full,pure_NH3_350K,0.27734375000000006,1954.1438535712502,0.00045110124526794504,0.2941384043952479,0.003644837982007037,0.0003278891237887682,0.002482135598299771,0.00945756267792962,0.005664771291072036,0.6827836955088642
Full,pure_NH3_350K,0.27929687500000006,1955.807590694738,0.00038004509093426714,0.29442032068311197,0.003666074896171752,0.00029993922736168226,0.0025409892340215825,0.009354205708198048,0.00544080303319402,0.6828549900683015
Full,pure_NH3_350K,0.28125000000000006,1957.3447954011594,0.0003197787206591824,0.29467979043614273,0.0036847973802960265,0.00027367035871769845,0.002595268116310851,0.009255710833626547,0.005235721341422247,0.6829189096628114
Full,pure_NH3_350K,0.28320312500000006,1958.7696368361496,0.0002687723018520267,0.29491900872656884,0.0037012109915473173,0.0002491011750377927,0.0026449603076813617,0.009162029154970325,0.005047990259828164,0.6829763057089323
Full,pure_NH3_350K,0.28515625000000006,1960.0949884825736,0.00022568379323270062,0.2951399938279148,0.0037155244322273546,0.00022622658703915467,0.002690110246849365,0.009073064124463962,0.0048761532199150795,0.683027943088533
Full,pure_NH3_350K,0.28710937500000006,1961.332455592371,0.00018934276102499232,0.2953445915545819,0.0037279442296035375,0.00020502087825167024,0.0027308113592406213,0.008988679881461388,0.004718837072533012,0.683074505934631
Full,pure_NH3_350K,0.2890625000000001,1962.4924251074988,0.00015873378207143605,0.29553448206366434,0.0037386703852404835,0.0001854409910213068,0.0027671980767979675,0.008908709229356875,0.0045747545082199,0.6831166037462562
Full,pure_NH3_350K,0.2910156250000001,1963.5841328570514,0.00013297995820104182,0.2957111886231381,0.0037478930138711277,0.00016742981250057566,0.0027994375789027965,0.008832961015599413,0.004442705013404642,0.6831547776231294
Full,pure_NH3_350K,0.2929687500000001,1964.6157431599001,0.00011132690282769341,0.29587608800912346,0.0037557899174447185,0.0001509193228562819,0.002827721415417682,0.0087612267006226,0.0043215745421761615,0.6831895064699024
Full,pure_NH3_350K,0.2968750000000001,1966.5202751675833,7.83793769306046e-05,0.2961742009657707,0.0037680988637769095,0.00012217143285865787,0.0028730464177755357,0.00862913543745575,0.004108976523266508,0.6832498988635671
Full,pure_NH3_350K,0.3007812500000001,1968.2606939001646,5.5184506908435134e-05,0.29643856371644955,0.0037769165128424434,9.83988046997634e-05,0.0029053239223647215,0.008510381116588979,0.003928451439437022,0.6833010753966187
Full,pure_NH3_350K,0.3046875000000001,1969.8716932427324,3.887792700809728e-05,0.296675767017171,0.0037831340731036053,7.891671203472028e-05,0.00292642963891912,0.008403198537923085,0.0037740180795690203,0.6833451407101059
Full,pure_NH3_350K,0.3085937500000001,1971.3791368317318,2.7415245083986584e-05,0.2968910308977965,0.003787441167175867,6.306837332827807e-05,0.002938148381378468,0.008305944260883111,0.003640746893259648,0.6833837030981271
Full,pure_NH3_350K,0.31250000000000006,1972.8021888465958,1.9348016985958245e-05,0.29708846878011363,0.003790359238966878,5.025271632427228e-05,0.002942108464060118,0.008217141987990381,0.0035246149017878147,0.6834179870516637
Full,pure_NH3_350K,0.31640625,1974.1550312127326,1.365462585025766e-05,0.2972713140147048,0.0037922758387930267,3.99380183395021e-05,0.002939748555788636,0.008135500041716762,0.003422364075126144,0.683448923385466
Full,pure_NH3_350K,0.3203125,1975.4482005640566,9.615726639017168e-06,0.2974421084754793,0.003793475580380586,3.1665774652368025e-05,0.0029323076849805006,0.00805991011970299,0.0033313707503168665,0.6834772200867156
Full,pure_NH3_350K,0.32812500000000006,1977.8793271464285,4.978625705845876e-06,0.29775357462655716,0.00379434742723291,2.0085046804342376e-05,0.0029053081315856357,0.007924067015153498,0.003176836879259112,0.6835275161453171
Full,pure_NH3_350K,0.33593750000000006,1980.1463038504705,2.6108278219717895e-06,0.298036152072552,0.003794181839064669,1.2725572975239333e-05,0.002868552833328926,0.007802976051699224,0.00304672925032991,0.683572311585847
Full,pure_NH3_350K,0.34375000000000006,1982.2737725472387,1.388332063077285e-06,0.29829666493492124,0.0037934808331670025,8.071376312144714e-06,0.002826200556794524,0.007692829750108082,0.002933643341613237,0.6836132193063028
Full,pure_NH3_350K,0.35156250000000006,1984.2782290718962,7.495790441756364e-07,0.2985395210812795,0.003792504790719811,5.13527010795905e-06,0.0027809555616615657,0.007591068342870415,0.002832841773593401,0.6836512152305867
Full,pure_NH3_350K,0.35937500000000006,1986.1717167586205,4.1169742545873594e-07,0.2987676583050309,0.003791389649076243,3.284450716110029e-06,0.002734542068818684,0.007495967529338856,0.002741261758453558,0.683686906974626
Full,pure_NH3_350K,0.36718750000000006,1987.9637109840553,2.307395593534511e-07,0.29898311048202786,0.00379020711746234,2.11721467464459e-06,0.002688040486642152,0.007406351973709054,0.0026568901103595157,0.6837206865777036
Full,pure_NH3_350K,0.37500000000000006,1989.662093558044,1.3262370091509467e-07,0.299187346758402,0.0037889954641875416,1.3800206465463975e-06,0.0026421148518816153,0.007321404071937437,0.002578373803858109,0.6837528179415955
Full,pure_NH3_350K,0.38281250000000006,1991.2736704193544,7.876860956094619e-08,0.2993814759221935,0.003787775326519527,9.133136131301683e-07,0.0025971625696269477,0.007240539220154779,0.0025047782220122884,0.6837834873733087
Full,pure_NH3_350K,0.390625,1992.8044587078064,4.883121633920576e-08,0.29956637065005437,0.003786557912625456,6.167659817007385e-07,0.0025534114738720135,0.0071633254681314614,0.0024354369707595743,0.6838128331323859
Full,pure_NH3_350K,0.3984375,1994.259855468217,3.194102999078328e-08,0.29974274381199,0.003785349315486735,4.272110694293986e-07,0.002510982317922661,0.007089432095506786,0.00236985820166564,0.6838409629218024
Full,pure_NH3_350K,0.40625,1995.6447419744359,2.2194677784958843e-08,0.2999111946857435,0.003784152818090212,3.0470584686911547e-07,0.002469930111326301,0.007018597199458551,0.002307665772380272,0.6838679643425131
Full,pure_NH3_350K,0.421875,1998.2163083651128,1.42865275315836e-08,0.3002258380743744,0.0037818013064150223,1.8425039805012313e-07,0.0023920451650597634,0.006885472347493131,0.0021925450013254807,0.683918803128151
Full,pure_NH3_350K,0.43750000000000006,2000.5613175774376,1.1526349702742369e-08,0.3005148633066848,0.003779506290681144,1.311451106838442e-07,0.0023194138653487117,0.006762299803234875,0.0020876879988344288,0.683965905847974
Full,pure_NH3_350K,0.45312500000000006,2002.7058943722484,1.0591055321813656e-08,0.30078108108016355,0.003777266916752973,1.0666505969229862e-07,0.002251695244589573,0.006648027020563367,0.001991797425227983,0.6840096623002717
Full,pure_NH3_350K,0.46875000000000006,2004.67230353469,1.0323287841713974e-08,0.3010268674189704,0.0037750809052232164,9.4508486019723e-08,0.002188520318003345,0.006541779180823665,0.0019038382934103378,0.6840504027032462
Full,pure_NH3_350K,0.4843750000000001,2006.4796219432994,1.0305448796213744e-08,0.3012542625156773,0.0037729455939161196,8.77489096883193e-08,0.002129530770069957,0.006442807160765727,0.0018229535640244196,0.6840884121892923
Full,pure_NH3_350K,0.5000000000000001,2008.1442699554698,1.0381836113713835e-08,0.3014650349539586,0.0037708583147005536,8.34148997978088e-08,0.002074393457811512,0.006350458388694984,0.0017484178079689994,0.6841239397072416
Full,pure_NH3_350K,0.5156250000000001,2009.680438081154,1.0492609563318591e-08,0.30166072751536427,0.003768816529001501,8.021774038868925e-08,0.0020228041578398584,0.006264158667539323,0.0016796093067672608,0.6841572041645301
Full,pure_NH3_350K,0.5312500000000001,2011.1004301622622,1.0614056839153866e-08,0.3018426903283613,0.003766817872830659,7.758917112060823e-08,0.0019744877805888397,0.006183400363527118,0.0016159920939646587,0.6841883989587954
Full,pure_NH3_350K,0.5625000000000001,2013.623889541208,1.0859161471981489e-08,0.3021688626343528,0.0037629433508622515,7.3253306924071e-08,0.0018870495949516743,0.006037197127139562,0.001502942055929914,0.684245090688198
Full,pure_NH3_350K,0.5937500000000002,2015.8146668314077,1.1091736102265995e-08,0.3024544093063727,0.0037592054480434164,6.9514670109798e-08,0.0018096230281057924,0.005908068248451873,0.001404829976894313,0.684295351827242
Full,pure_NH3_350K,0.6250000000000001,2017.727341356746,1.1309885093596836e-08,0.30270557543705806,0.003755590031152799,6.620757246745403e-08,0.0017408157869274804,0.00579355532065197,0.0013192591322872373,0.6843401216202205
Full,pure_NH3_350K,0.6562500000000001,2019.405287159705,1.1514242260381049e-08,0.3029274148748904,0.0037520848187553987,6.326047263232994e-08,0.0016794854739034435,0.005691629481583836,0.0012443023116068589,0.6843801684684688
Full,pure_NH3_350K,0.6875000000000001,2020.88332498151,1.170572073431578e-08,0.303124053765451,0.0037486791570818107,6.062764601310308e-08,0.0016246837824610719,0.005600604470750922,0.0011783997650039756,0.6844161275136542
Full,pure_NH3_350K,0.7187500000000001,2022.1896317035148,1.1885060526420349e-08,0.3032988865052161,0.003745363837348665,5.827291999425308e-08,0.001575617234635506,0.0055190689094268665,0.0011202817767577936,0.6844485283142182
Full,pure_NH3_350K,0.7500000000000001,2023.3471316072485,1.2052725966742872e-08,0.30345472109785554,0.0037421309535410827,5.6165785246599815e-08,0.0015316172606210912,0.005445834785094281,0.0010689123514589832,0.6844778155255548
Full,pure_NH3_350K,0.8125,2025.2716179955303,1.2352725068257276e-08,0.3037162248219374,0.0037358922117043296,5.2620461446719746e-08,0.0014572704357012451,0.005321315653650133,0.0009838976282808688,0.6845281703816255
Full,pure_NH3_350K,0.8750000000000001,2026.8285623023353,1.2618179028930685e-08,0.3039290309964247,0.003729877409299813,4.97293564973357e-08,0.001396327172941305,0.005219151000563344,0.0009155708697390274,0.6845699542901845
Full,pure_NH3_350K,0.9375000000000001,2028.0992566166676,1.2852613689339234e-08,0.30410350230607724,0.003724048577966994,4.736164125709892e-08,0.0013461052945264158,0.005134753938427391,0.0008602584091878706,0.6846049202792431
Full,pure_NH3_350K,1.0000000000000002,2029.1440005662153,1.3058446515115747e-08,0.3042474498338829,0.0037183750671403383,4.541375878499696e-08,0.0013045542481791728,0.00506461099966376,0.0008152115689552686,0.6846344066524297
Full,pure_NH3_350K,1.0625000000000002,2030.0083878367523,1.3237838024305866e-08,0.3043668568455284,0.0037128319852659953,4.3804408524530034e-08,0.001270072244752258,0.0050059972038654435,0.0007783473513274706,0.684659452285477
Full,pure_NH3_350K,1.1250000000000002,2030.7274535633421,1.339289990835997e-08,0.30446637205349225,0.003707399020007046,4.2469508648824304e-08,0.0012413903965460516,0.004956773151283445,0.0007480651914355249,0.6846808747498545
Full,pure_NH3_350K,1.1875,2031.3284882960302,1.3525733554101739e-08,0.3045496515837095,0.00370205953965205,4.135826175555423e-08,0.0012174928187387009,0.004915240774781275,0.0007231195972364779,0.6846993249463834
Full,pure_NH3_350K,1.25,2031.832991404555,1.363841090660447e-08,0.30461960068351,0.0036967999065236575,4.043016680006153e-08,0.0011975593564012496,0.004880039384736855,0.0007025307706617537,0.6847153262322342
Full,pure_NH3_350K,1.3125000000000002,2032.2580521546108,1.3732935185107298e-08,0.3046785475956747,0.0036916089551465494,3.965275871420504e-08,0.001180923613883929,0.004850069543963041,0.0006855209977701803,0.6847293029933843
Full,pure_NH3_350K,1.375,2032.6173384208887,1.3811196750510223e-08,0.30472837043673856,0.0036864776047753813,3.8999900204969486e-08,0.001167041768524263,0.004824436466605565,0.000671468853699709,0.6847416018407823
Full,pure_NH3_350K,1.4375,2032.9218064747295,1.3874929236966936e-08,0.30477059060365286,0.0036813985899077106,3.845049293556807e-08,0.001155469219690028,0.0048024073844219715,0.0006598761388602582,0.684752507507547
Full,pure_NH3_350K,1.5,2033.1802022637125,1.392565993477423e-08,0.3048064413498147,0.0036763663057103927,3.7987509913747434e-08,0.001145842926270317,0.004783379241727343,0.0006503446387681848,0.6847622548043903
Full,pure_NH3_350K,1.625,2033.5793699225294,1.3991673222095872e-08,0.30486200254727625,0.003666429970023919,3.728006154108438e-08,0.0011315537606454292,0.004752838708653542,0.0006365299525672749,0.6847788551415898
Full,pure_NH3_350K,1.7500000000000002,2033.8801718269146,1.4027370007122408e-08,0.3049037011836043,0.0036566134734507707,3.6758556277173284e-08,0.0011215257806908563,0.004729067424109241,0.000627100186660322,0.6847927727261122
Full,pure_NH3_350K,2.0,2034.2703699700799,1.4029954048529524e-08,0.3049574925665494,0.0036372945525913864,3.611075635082559e-08,0.0011105945509404897,0.004695870725169806,0.0006176372068042073,0.6848149169107425
Full,pure_NH3_350K,2.5,2034.6881402402669,1.3921365576661888e-08,0.3050122445081872,0.0035994921502082128,3.5510459090366037e-08,0.0011047800276849716,0.004657245308462153,0.0006147939214763623,0.6848475629414563
Full,pure_NH3_350K,3.0,2034.9633416646582,1.3775154577650434e-08,0.3050455221330049,0.003562457265157651,3.518948606927114e-08,0.0011052436318160063,0.004631050768064205,0.0006180936193015711,0.6848745704487604
Full,pure_NH3_350K,3.4999999999999996,2035.1825778804655,1.3624104192556051e-08,0.30507027806366366,0.0035265953257170818,3.497504982594677e-08,0.0011078400781874835,0.004610666533398323,0.0006233465835304567,0.6848984778404961
Full,pure_NH3_350K,4.25,2035.4440692151709,1.343537757585732e-08,0.3050978325418958,0.003479823340713932,3.474971751823783e-08,0.0011122333478376576,0.0045892252172087655,0.0006308743168167164,0.684927233460733
Full,pure_NH3_350K,5.0,2035.4440692151709,1.3435377576617836e-08,0.30509783255916606,0.0034798233409109093,3.474971752020486e-08,0.0011122333479006163,0.004589225217468541,0.0006308743168524275,0.6849272334428982
Reduced,pure_NH3_350K,0.0,350.0,0.20907058551939567,0.011608878314235242,1.761298671574666e-06,3.095821928632124e-05,2.5998223897964197e-12,0.003696041238600895,0.16029367770204203,0.6152870932776127
Reduced,pure_NH3_350K,0.015625000000000003,372.6714289889347,0.2056983151904155,0.01620102181886221,2.525458763163563e-06,4.8518124212033676e-05,3.3237300613991273e-12,0.004122855326299837,0.15877381248583217,0.6151362748101195
Reduced,pure_NH3_350K,0.03125000000000001,402.6038007077992,0.2013898245826467,0.02218175887767252,3.610029449584874e-06,7.445683535885332e-05,7.673825938329665e-12,0.00457549669737962,0.15672418773224825,0.6150257614061589
Reduced,pure_NH3_350K,0.03906250000000001,420.87082060597254,0.19882706823001592,0.02578221967276848,4.3191818127253835e-06,9.173627989849855e-05,1.2835387985833656e-11,0.0048101327792026685,0.15545142348862087,0.6150027791847202
Reduced,pure_NH3_350K,0.04687500000000001,441.6004454367136,0.19596789923393643,0.029826002364518215,5.168446341463125e-06,0.00011260584163083421,2.2015705485325604e-11,0.0050491584522737235,0.1539876042849547,0.615014743044779
Reduced,pure_NH3_350K,0.05468750000000001,464.91842348691415,0.19280309268334428,0.03432530525532439,6.184429370297552e-06,0.00013756041969223697,3.851026807898828e-11,0.0052917075733568825,0.15231809117723727,0.6150735115743029
Reduced,pure_NH3_350K,0.06250000000000001,490.91983968182655,0.18932661839993273,0.039286240461341736,7.400074302920166e-06,0.00016710661374387222,6.858800257214092e-11,0.0055369314994359806,0.15042958966230208,0.6151924455516039
Reduced,pure_NH3_350K,0.07031250000000001,519.6677187546072,0.18553536179935098,0.04470929468355967,8.856513174143253e-06,0.00020175586204718737,1.2444173376652682e-10,0.00578402682600791,0.14831027531608576,0.6153860770187354
Reduced,pure_NH3_350K,0.07421875000000003,535.111154416476,0.18351896558312475,0.04759658560133628,9.695869851488381e-06,0.00022121759108415575,1.7013204862017438e-10,0.0059080693527121825,0.14715856832291735,0.6155165386083206
Reduced,pure_NH3_350K,0.07812500000000001,551.277081848982,0.18142120630793152,0.050601330434235633,1.0619393248929759e-05,0.00024222391393846323,2.338910087773212e-10,0.0060323074399610075,0.14594285332441942,0.6156726091080407
Reduced,pure_NH3_350K,0.08203125000000001,568.1648785158366,0.17924235362059646,0.05372226848649472,1.1636191458016065e-05,0.00026484431385308206,3.2352363720999193e-10,0.006156657165549182,0.1446619785605941,0.6158564085636137
Reduced,pure_NH3_350K,0.08593750000000001,585.7722322250581,0.17698277535279464,0.056957943079442956,1.2756439081648615e-05,0.00028914769511179334,4.5039734722540844e-10,0.006281040700624196,0.14331488351682278,0.6160700551816191
Reduced,pure_NH3_350K,0.08984375000000001,604.0953231494494,0.17464291833457718,0.060306737758387324,1.3991472988335978e-05,0.0003152023229469542,6.312021023032253e-10,0.0064053864593553835,0.14190059306676317,0.6163156535123195
Reduced,pure_NH3_350K,0.09375000000000001,623.1290119382496,0.17222329034673592,0.06376691010889406,1.5353887831527826e-05,0.00034307578606576595,8.905597418533163e-10,0.006529629179125801,0.1404182114624729,0.6165952839523423
Reduced,pure_NH3_350K,0.09765625,642.8670263741384,0.16972444345575113,0.06733662253128259,1.68576330658026e-05,0.000372834978256702,1.2649432113516547e-09,0.006653709957955265,0.13886691646336077,0.6169109936305102
Reduced,pure_NH3_350K,0.1015625,663.3021392275812,0.16714695885764175,0.07101396952873769,1.8518116306199136e-05,0.00040454609554005486,1.8085664696254575e-09,0.0067775762800766975,0.13724595386489158,0.6172647886680559
Reduced,pure_NH3_350K,0.10546875,684.4263303079333,0.16449143325476562,0.07479700124271928,2.035232210095997e-05,0.0004382746454826831,2.6022313237085428e-09,0.00690118206466312,0.13555463265521117,0.6176586277437315
Reduced,pure_NH3_350K,0.10937500000000001,706.2309262120414,0.1617584667104532,0.07868374311037991,2.2378960226838057e-05,0.0004740854655024549,3.766603330014041e-09,0.007024487776483363,0.13379232099076047,0.6180944168463254
Reduced,pure_NH3_350K,0.11328125000000001,728.7067119513904,0.15894865187862328,0.08267221161710073,2.4618662775415483e-05,0.0005120427470927971,5.482114100543159e-09,0.007147460640322207,0.13195844313789706,0.6185740050619492
Reduced,pure_NH3_350K,0.11718750000000001,751.844009528089,0.15606256449838396,0.08676042617044358,2.7094253387658534e-05,0.0005522100626851388,8.018765608896382e-09,0.007270075002661641,0.13005247747731843,0.619099181219679
Reduced,pure_NH3_350K,0.12109375000000003,775.6327196267783,0.15310075508615517,0.09094641712886184,2.9831113255092976e-05,0.0005946503910099355,1.1780695876104379e-08,0.007392312883676678,0.12807395562097765,0.6196716712038685
Reduced,pure_NH3_350K,0.12500000000000003,800.0623238220771,0.1500637418570006,0.09522822997967316,3.2857664607059776e-05,0.0006394261348209421,1.7372644368834503e-08,0.00751416475968597,0.12602246266818232,0.620293135729966
Reduced,pure_NH3_350K,0.12890625000000003,825.1218459117352,0.1469520050642317,0.09960392557661013,3.620598057143905e-05,0.0006865991209617659,2.5698643625329693e-08,0.0076356306111590435,0.12389763865875729,0.6209651683673292
Reduced,pure_NH3_350K,0.13281250000000003,850.7997719546893,0.14376598315561037,0.1040715762186301,3.991250773500039e-05,0.0007362305658564584,3.810756420586951e-08,0.007756721265318215,0.12169918139525904,0.6216892935715325
Reduced,pure_NH3_350K,0.13671875000000003,877.0839291058675,0.1405060713906762,0.10862925718008687,4.401885245077719e-05,0.0007883809779630121,5.660567443017053e-08,0.007877460056476764,0.11942685101586668,0.6224669644557342
Reduced,pure_NH3_350K,0.14062500000000003,903.9613232763392,0.13717262382593298,0.11327503309162745,4.8572533990117195e-05,0.0008431099502634911,8.416308316940129e-08,0.007997884821318758,0.11708047698911202,0.6232995599839072
Reduced,pure_NH3_350K,0.14453125000000006,931.4179350688718,0.13376595983114206,0.11800693833119343,5.36275504176069e-05,0.000900475767505356,1.2514847930122304e-07,0.008118050236729443,0.11465996852604896,0.624188381208322
Reduced,pure_NH3_350K,0.14843750000000006,959.4384726336202,0.13028637653354294,0.1228229503369944,5.924454414264028e-05,0.0009605347111577622,1.8593432093007034e-07,0.008238030485714476,0.11216532970193689,0.6251346461003049
Reduced,pure_NH3_350K,0.15234375000000006,988.0060795548935,0.12673416878706506,0.12772095453860322,6.54903048063128e-05,0.0010233398865417988,2.757213425360071e-07,0.008357922187844268,0.10959668078646156,0.626139482436584
Reduced,pure_NH3_350K,0.15625000000000003,1017.1019962367113,0.12310965841962697,0.13269869948347554,7.243632058418176e-05,0.001088939319797173,4.0762910549207165e-07,0.008477847435256806,0.106954287353164,0.6272039181017043
Reduced,pure_NH3_350K,0.16015625,1046.7052075419838,0.11941323448978457,0.13775374089515263,8.015609635281854e-05,0.0011573729806342316,5.999423952684727e-07,0.00859795661263743,0.10423859867653355,0.6283288680486162
Reduced,pure_NH3_350K,0.162109375,1061.6901979533177,0.11753823801784206,0.14030924288781907,8.433413542996617e-05,0.0011926643422303566,7.270934087583616e-07,0.008658147953634737,0.10285349445462712,0.628914349515123
Reduced,pure_NH3_350K,0.16406250000000003,1076.7944464550546,0.11564528187331598,0.14288321396458467,8.873470623383698e-05,0.0012286843165461487,8.796894894517973e-07,0.008718456389731132,0.10145011235398574,0.6295154558761117
Reduced,pure_NH3_350K,0.16601562500000003,1092.015007437022,0.11373442589025837,0.14547531194304414,9.336581369038056e-05,0.0012654338736640192,1.0625731186802167e-06,0.008778910397967592,0.10002855594363277,0.6301322706040053
Reduced,pure_NH3_350K,0.16796875000000003,1107.3480070451894,0.11180582172964351,0.14808505179298134,9.823437534884293e-05,0.0013029106633215923,1.2812552921413151e-06,0.008839537970087973,0.0985890115371963,0.6307648515863885
Reduced,pure_NH3_350K,0.16992187500000003,1122.7897609719523,0.10985960686411901,0.15071197210065065,0.00010334623921895206,0.0013411107093421195,1.5420932074056037e-06,0.008900369748625622,0.09713166346500328,0.631413249881079
Reduced,pure_NH3_350K,0.17187500000000003,1138.336399408072,0.10789594364532518,0.15335557638359587,0.00010870584384908875,0.0013800272595252757,1.85240255164897e-06,0.008961437652927241,0.09565672495059308,0.6320775022858148
Reduced,pure_NH3_350K,0.17382812500000003,1153.9838576786628,0.10591502336303422,0.15601532932995957,0.00011431595229259346,0.0014196502302631995,2.2205683622995792e-06,0.009022774491175924,0.09416444109623119,0.6327576298703007
Reduced,pure_NH3_350K,0.17578125000000003,1169.7278671143429,0.1039170706700329,0.15869065291491266,0.00012017738717910185,0.001459965571317945,2.656159486042474e-06,0.009084413453758187,0.09265509200521556,0.6334536363431621
Reduced,pure_NH3_350K,0.17773437500000003,1185.5639461409735,0.1019023483798966,0.16138092242779714,0.00012628877579734537,0.0015009545470820113,3.1700470603944215e-06,0.009146387474263142,0.09112899601559432,0.6341655062460128
Reduced,pure_NH3_350K,0.17968750000000003,1201.4873915100497,0.09987116263677763,0.16408546245030423,0.0001326463156032564,0.0015425929330104657,3.7745261297468174e-06,0.00920872844678544,0.08958651301322029,0.6348932029696283
Reduced,pure_NH3_350K,0.18164062500000003,1217.4932695154707,0.0978238684473635,0.1668035428307044,0.00013924357198791647,0.0015848501289713686,4.4834392746072134e-06,0.009271466291870194,0.08802804778558962,0.6356366665908036
Reduced,pure_NH3_350K,0.18359375000000003,1233.5764069594097,0.09576087555412686,0.16953437470258279,0.00014607132137423658,0.0016276881950591157,5.312301190976982e-06,0.009334627868408798,0.08645405337180301,0.636395811532847
Reduced,pure_NH3_350K,0.18554687500000003,1249.7313815491593,0.09368265461563535,0.17227710659854525,0.00015311745363513012,0.001671060819947201,6.278423406908818e-06,0.009398235734998307,0.08486503435854577,0.6371705240577321
Reduced,pure_NH3_350K,0.18750000000000003,1265.9525113402194,0.09158974364416203,0.17503082070971004,0.00016036694829472478,0.001714912237057238,7.401038773298598e-06,0.00946230677149738,0.08326155006756196,0.6379606596035271
Reduced,pure_NH3_350K,0.18945312500000003,1282.2338428024118,0.0894827546335659,0.1777945293403501,0.00016780193882932667,0.0017591761095522244,8.701426027543213e-06,0.009526850679364523,0.08164421757713305,0.6387660399863355
Reduced,pure_NH3_350K,0.19140625000000003,1298.5691370904071,0.08736238029216942,0.18056717160375507,0.00017540187846635074,0.0018037744112134424,1.0203035591137243e-05,0.009591868387302,0.08001371451894092,0.6395864504913675
Reduced,pure_NH3_350K,0.193359375,1314.9518541610144,0.08522940077736077,0.1833476104003866,0.00018314381904214309,0.0018486163363481503,1.1931618779533089e-05,0.00965735039606186,0.07837078159282199,0.6404216368820895
Reduced,pure_NH3_350K,0.1953125,1331.3751345061305,0.08308469031239683,0.18613462971296688,0.00019100281161545286,0.0018935972776557444,1.3915363684845848e-05,0.009723275102245642,0.0767162247454717,0.641271302359396
Reduced,pure_NH3_350K,0.197265625,1347.831778463946,0.08092922355319514,0.18892693224577714,0.0001989524335959128,0.0019385979160674491,1.6185042003253125e-05,0.009789607144808763,0.07505091696527709,0.6421351045036798
Reduced,pure_NH3_350K,0.19921875,1364.3142233236774,0.07876408156559231,0.19172313742767075,0.00020696544217746428,0.0019834834705683446,1.8774171846105566e-05,0.009856295819189361,0.07337579965391543,0.643012652231488
Reduced,pure_NH3_350K,0.201171875,1380.8145187308087,0.07659045727326334,0.19452177979088256,0.00021501454801647015,0.0020281031585246347,2.17192019190622e-05,0.009923273602202638,0.07169188354572018,0.6439035027950296
Reduced,pure_NH3_350K,0.203125,1397.3243011997886,0.07440966024435211,0.19732130773117082,0.00022307329663929476,0.0020722899177317284,2.5059722294611822e-05,0.009990454826146066,0.0700002491573752,0.6448071588477222
Reduced,pure_NH3_350K,0.205078125,1413.83476880975,0.07222312070160515,0.20012008264945333,0.00023111703840602362,0.0021158604399924195,2.8838706697111797e-05,0.010057734533433494,0.06830204676226873,0.645723065592999
Reduced,pure_NH3_350K,0.20703125,1430.3366573517662,0.0700323926678166,0.20291637846906588,0.00023912396150385401,0.002158615562330058,3.310279287874385e-05,0.01012498753441535,0.06659849589480833,0.6466506080278854
Reduced,pure_NH3_350K,0.208984375,1446.8202192629237,0.06783915620324889,0.2057083815066011,0.0002470761569604444,0.002200341055815065,3.7902620359556995e-05,0.01019206768223033,0.06489088439913013,0.6475891082880654
Reduced,pure_NH3_350K,0.2109375,1463.2752065414322,0.0656452187899118,0.2084941906076516,0.00025496068057760966,0.002240808843369066,4.329330500352744e-05,0.010258807372118164,0.06318056704301517,0.6485378230952227
Reduced,pure_NH3_350K,0.21289062500000003,1479.6908582505341,0.06345251621592325,0.21127181718127844,0.00026277057428046623,0.0022797786667193014,4.933538034082667e-05,0.010325017276110663,0.06146896372012055,0.6494959412877048
Reduced,pure_NH3_350K,0.21484375000000003,1496.0558913019402,0.061263114382527996,0.21403918366116806,0.00027050580834882276,0.002317000208425975,5.6097523127488093e-05,0.010390486366159109,0.05975755725676054,0.650462581328322
Reduced,pure_NH3_350K,0.21875000000000003,1528.6009430876065,0.05690025897295021,0.21953736805164284,0.0002857782722379461,0.002385459673315355,7.203356181449699e-05,0.010518524031827008,0.05633949825354301,0.6524187788830534
Reduced,pure_NH3_350K,0.22265625000000003,1560.7990582745529,0.05257792429539159,0.22496811733136488,0.0003009401407437173,0.002443925206857286,9.173738783745892e-05,0.010640595555388276,0.05294126623316092,0.6543965648489005
Reduced,pure_NH3_350K,0.22460937500000003,1576.7262203484663,0.05043990938431489,0.2276505696628967,0.00030858884217003433,0.0024686340138878136,0.0001032384725904409,0.010698486898937036,0.051254995388175684,0.6553898128921267
Reduced,pure_NH3_350K,0.22656250000000003,1592.524853511169,0.048319932382678836,0.23030870384203495,0.00031633437613367513,0.0024900647259226277,0.00011595771849785492,0.010753963521115063,0.04957894183292771,0.6563847435703154
Reduced,pure_NH3_350K,0.22851562500000003,1608.1804644565973,0.04622080260970551,0.23293993457044998,0.00032423574990447345,0.002507991877480899,0.00013000581916476725,0.010806689362030658,0.04791492428408079,0.6573799554905148
Reduced,pure_NH3_350K,0.23046875000000003,1623.6782356133729,0.04414539574692324,0.23554163004274414,0.0003323597685757533,0.0025222094034998625,0.00014549696098890025,0.010856318645902158,0.04626478832563841,0.658373977672644
Reduced,pure_NH3_350K,0.23242187500000003,1639.0030686553955,0.04209664216383276,0.238111118601453,0.00034078028927997525,0.0025325345040516905,0.0001625506036613475,0.010902499172581358,0.044630399462929585,0.6593652736617919
Reduced,pure_NH3_350K,0.23437500000000003,1654.1396354861154,0.04007751164471533,0.24064569842270675,0.00034957736881925325,0.002538811098220089,0.00018129161476544378,0.010944876020607279,0.04301363547568175,0.6603522472760769
Reduced,pure_NH3_350K,0.23632812500000003,1669.072435290944,0.0380909956255051,0.24314264904256572,0.0003588363274582614,0.0025409127355498834,0.00020184985163033172,0.01098309568505252,0.041416378084520825,0.661333249972477
Reduced,pure_NH3_350K,0.23828125000000003,1683.7858575332027,0.03614008727861535,0.24559924440968892,0.0003686467529728538,0.002538744846290183,0.00022435946228437334,0.011016810611745224,0.03984050397272389,0.6623065898375958
Reduced,pure_NH3_350K,0.24023437500000003,1698.2642510736152,0.034227759633127304,0.2480127673555681,0.0003791014658614698,0.0025322462333944853,0.00024895796223244564,0.011045684061680312,0.0382878752222132,0.6632705421765432
Reduced,pure_NH3_350K,0.24218750000000006,1712.4919995610376,0.032356941933777424,0.25038052539908306,0.000390295460480705,0.002521389739236461,0.00027578508638725083,0.011069395221103222,0.03676032924125716,0.6642233616210442
Reduced,pure_NH3_350K,0.24414062500000006,1726.45360310109,0.0305304945014424,0.2526998677807321,0.00040232482902925314,0.0025061820567155828,0.0003049814003246309,0.011087644458404114,0.03525966827888837,0.6651632956213732
Reduced,pure_NH3_350K,0.24609375000000006,1740.1337660302709,0.028751182426048186,0.2549682035881589,0.0004152856668747834,0.0024866626957378312,0.0003366866521184608,0.011100158617672471,0.033787648636633597,0.666088599131148
Reduced,pure_NH3_350K,0.24804687500000006,1753.517490436106,0.027021648488597,0.2571830207984917,0.00042927294969844165,0.0024629021594339377,0.0003710378476366887,0.011106696230567622,0.03234596970107302,0.6669975502423577
Reduced,pure_NH3_350K,0.25000000000000006,1766.5901748831202,0.025344385767293195,0.2593419060277312,0.00044437936623338586,0.002434999427121695,0.0004081670365428933,0.011107052523183865,0.030936262930555868,0.6678884664825913
Reduced,pure_NH3_350K,0.25195312500000006,1779.337717635059,0.023721710430683544,0.2614425647444707,0.0004606940858010058,0.0024030788800261105,0.0004481988031479856,0.011101064092905571,0.02956008093597897,0.6687597214490217
Reduced,pure_NH3_350K,0.25390625000000006,1791.7466235053057,0.022155735256425543,0.26348284167508795,0.0004783014380741899,0.0023672868382891583,0.0004912474659389042,0.011088613131872588,0.028218886798847195,0.669609761426207
Reduced,pure_NH3_350K,0.25585937500000006,1803.8041133160887,0.020648344436493035,0.2654607411009946,0.0004972794840419919,0.0023277879012021485,0.0005374140024043795,0.011069631078599838,0.026914043770059688,0.6704371216182118
Reduced,pure_NH3_350K,0.25781250000000006,1815.498234798144,0.019201170237451506,0.2673744467253483,0.0005176984623589552,0.0022847612946528917,0.0005867827319177795,0.011044101587486161,0.02564680549026654,0.6712404416215438
Reduced,pure_NH3_350K,0.25976562500000006,1826.8179736120533,0.017815572077323732,0.2692223407675069,0.0005396191042748489,0.002238397428834552,0.0006394178089155414,0.011012062717357385,0.024418306867553537,0.6720184797742236
Reduced,pure_NH3_350K,0.26171875000000006,1837.7533630183277,0.01649261855810623,0.27100302192854314,0.0005630908230535265,0.0021888948543948056,0.000695359601023543,0.010973608254741663,0.023229555741020338,0.6727701260384901
Reduced,pure_NH3_350K,0.26367187500000006,1848.295590565884,0.015233072954853627,0.2727153218610523,0.0005881497998109146,0.0021364577763875333,0.0007546210512002955,0.010928888105135384,0.022081425449951744,0.6734944131098419
Reduced,pure_NH3_350K,0.26562500000000006,1858.4371000113315,0.014037382608148937,0.2743583197725584,0.0006148170062986875,0.0020812942436246,0.000817184147829782,0.01087810770589037,0.02097464841806474,0.6741905254920577
Reduced,pure_NH3_350K,0.26757812500000006,1868.171686531288,0.012905672596451544,0.2759313547953375,0.0006430962252194659,0.002023615078431254,0.0008829966498200657,0.01082152643721997,0.01990981085112452,0.6748578063351756
Reduced,pure_NH3_350K,0.26953125000000006,1877.4945831570938,0.011837743978297188,0.27743403576882053,0.0006729721486683933,0.001963633551609565,0.0009519692324317102,0.01075945503279157,0.018887348634169184,0.6754957618983024
Reduced,pure_NH3_350K,0.27148437500000006,1886.4025362596042,0.01083307679201536,0.27886624810568916,0.0007044086533765236,0.0019015657438789066,0.0010239732307592165,0.010692252017846755,0.01790754450184448,0.6761040635690717
Reduced,pure_NH3_350K,0.27343750000000006,1894.8938678578988,0.009890837883813331,0.2802281574521012,0.0007373473654314796,0.0018376314732538505,0.0010988391585761107,0.010620319230070101,0.016970526541812428,0.6766825474425393
Reduced,pure_NH3_350K,0.27539062500000006,1902.9685225384414,0.009009893506132832,0.28152020990691357,0.0007717066348175554,0.0017720556132385815,0.0011763561681996304,0.01054409650561321,0.016076268076711493,0.6772312115316607
Reduced,pure_NH3_350K,0.27734375000000006,1910.6280968693773,0.008188826490972483,0.28274312863587714,0.0008073810393523531,0.0017050695848107506,0.001256272590704446,0.010464055638737469,0.015224588954524092,0.6777502107447487
Reduced,pure_NH3_350K,0.27929687500000006,1917.8758493953994,0.007425957662786239,0.2838979068026227,0.0008442415267604404,0.0016369127807082232,0.0013382976551850783,0.010380693747317656,0.01441515826014787,0.6782398498206564
Reduced,pure_NH3_350K,0.28125000000000006,1924.716689614564,0.006719371019423381,0.284985796837465,0.0008821362818698286,0.001567833676990152,0.001422104432473947,0.010294526196778415,0.013647498442244681,0.6787005744563313
Reduced,pure_NH3_350K,0.28320312500000006,1931.1571447750266,0.006066942085153003,0.2860082961721098,0.0009208923734871922,0.0014980904058116877,0.0015073339860794434,0.010206079250743709,0.012920990829007627,0.6791329608938483
Reduced,pure_NH3_350K,0.28515625000000006,1937.205303882798,0.00546636873514757,0.28696712967880544,0.0009603181939182247,0.0014279506041236444,0.001593600645872725,0.01011588262679581,0.01223488248431072,0.6795377042533942
Reduced,pure_NH3_350K,0.28710937500000006,1942.8707389658127,0.0049152037133012505,0.28786422915890114,0.0010002066561749143,0.001357690412446123,0.0016804982539045576,0.010024462139483657,0.011588294332106517,0.6799156059064165
Reduced,pure_NH3_350K,0.2890625000000001,1948.1644043677047,0.00441088802076127,0.28870171032166847,0.001040339063593396,0.0012875925705939418,0.0017676071726007586,0.009932332609658484,0.010980230452394707,0.6802675601804309
Reduced,pure_NH3_350K,0.2910156250000001,1953.0985156087183,0.003950784344598344,0.2894818477732216,0.0010804895185498105,0.0012179436361782203,0.0018545017988842193,0.009839991209312818,0.010409588427373311,0.6805945406757221
Reduced,pure_NH3_350K,0.2929687500000001,1957.6864101049841,0.003532209725283588,0.2902070485925346,0.0011204296960446703,0.0011490304289413608,0.001940758297702826,0.009747911394675797,0.009875170592455972,0.6808975864565135
Reduced,pure_NH3_350K,0.2949218750000001,1961.9423927306802,0.0031524667257925108,0.2908798251032066,0.0011599337784885997,0.0010811358717173996,0.0020259622574898377,0.009656537558149136,0.009375696024859572,0.6811777883574961
Reduced,pure_NH3_350K,0.2968750000000001,1965.8815697909683,0.0028088724592022856,0.2915027674547455,0.0011987833333120788,0.0010145344504152028,0.0021097159787401044,0.009566280502813388,0.008909813083641034,0.6814362756224054
Reduced,pure_NH3_350K,0.2988281250000001,1969.5196754038136,0.002498784948457908,0.2920785166065184,0.0012367719167069371,0.0009494875462707638,0.0021916451336983435,0.009477513813070026,0.008476112300634567,0.6816742030657498
Reduced,pure_NH3_350K,0.3007812500000001,1972.872894533733,0.0022196264231067846,0.2926097382632393,0.0012737092047128053,0.0008862389015928394,0.00227140457700796,0.009390571162998344,0.008073139412721739,0.6818927389232134
Reduced,pure_NH3_350K,0.3027343750000001,1975.9576869626883,0.001968903294383354,0.2930990982478782,0.0013094244850271823,0.0008250104658876359,0.0023486831397532236,0.009305744571831498,0.007699408323150759,0.682093053529931
Reduced,pure_NH3_350K,0.3046875000000001,1978.7906163218586,0.001744222683581265,0.29354923972004643,0.0013437693858808486,0.0007659988355266487,0.0024232072976907324,0.009223283585060967,0.007353413783623747,0.6822763089402212
Reduced,pure_NH3_350K,0.3066406250000001,1981.3881879583723,0.0015433055017202058,0.29396276256236326,0.001376619767657903,0.000709372451750129,0.0024947436635306386,0.009143395331465309,0.007033643599720649,0.6824436495758467
Reduced,pure_NH3_350K,0.3085937500000001,1983.7666989033137,0.001363996184961212,0.2943422051682985,0.0014078767538688753,0.0006552696645060861,0.002563100308028479,0.009066245381834669,0.00673859017953961,0.6825961939644549
Reduced,pure_NH3_350K,0.31054687500000006,1985.9421025827205,0.0012042692751954688,0.2946900287806275,0.0014374669261049936,0.0006037977092917632,0.0026281269607979093,0.008991959314927056,0.006466761268520322,0.6827350276039535
Reduced,pure_NH3_350K,0.31250000000000006,1987.9298902211744,0.0010622330945994193,0.2950086044552711,0.0014653417489827768,0.000555032586053724,0.0026897141743508837,0.0089206248801656,0.00621668974124959,0.6828611969649959
Reduced,pure_NH3_350K,0.31445312500000006,1989.7449901831587,0.000936130792074347,0.295300202671995,0.0014914763232142015,0.0005090197774162315,0.0027477915474923924,0.008852294633596403,0.0059869423525241465,0.6829757046224401
Reduced,pure_NH3_350K,0.31640625,1991.40168584415,0.0008243390308070554,0.2955669855960071,0.0015158675863525875,0.0004657757007716917,0.0028023250854005474,0.008786988910737314,0.005776127384114077,0.6830795054912131
Reduced,pure_NH3_350K,0.318359375,1992.913552065043,0.0007253645246998309,0.2958110020428558,0.001538532090846081,0.0004252897567527649,0.002853313699460941,0.008724698980674255,0.005582901160129789,0.6831735041375849
Reduced,pure_NH3_350K,0.3203125,1994.2934100969276,0.0006378384861352502,0.2960341853755451,0.00155950348693617,0.0003875268172566021,0.0029007846662888353,0.008665390186746282,0.005405973443506773,0.6832585531530412
Reduced,pure_NH3_350K,0.32421875,1996.6934055308914,0.0004933628889226562,0.2964235413918802,0.0015965136747622913,0.00031999451626106595,0.0029853275405210297,0.008555537420159588,0.005097292093291346,0.6834042126506561
Reduced,pure_NH3_350K,0.32812500000000006,1998.7024866082795,0.000381013863050124,0.2967501358508213,0.001627527063825266,0.0002623415239333559,0.003056867120162408,0.008456679791412909,0.004839364748478883,0.683523278964303
Reduced,pure_NH3_350K,0.33203125000000006,2000.393804673927,0.00029393220453765017,0.2970250329417383,0.0016531837780968312,0.00021368996498519506,0.0031164133141303695,0.00836794849607193,0.004624162214905822,0.6836206168139455
Reduced,pure_NH3_350K,0.33593750000000006,2001.8288028044815,0.00022660018395632967,0.2972576142381329,0.001674168230966388,0.0001730572325144608,0.003165115973374577,0.008288368439197514,0.004444657150948209,0.6837003347915382
Reduced,pure_NH3_350K,0.33984375000000006,2003.0583206184974,0.00017462957989472015,0.29745573547778836,0.0016911589651546171,0.0001394312947457721,0.0032041848428945433,0.008216928488736099,0.00429478246894458,0.6837658575048712
Reduced,pure_NH3_350K,0.34375000000000006,2004.1238898149454,0.00013456070229637704,0.2976259075773437,0.0017047941920257154,0.00011182678672918559,0.0032348239385501655,0.008152633826071419,0.004169362255943202,0.6838200074618747
Reduced,pure_NH3_350K,0.34765625000000006,2005.0590749865232,0.00010368431777225119,0.2977734809897761,0.0017156511296666792,8.932309528204591e-05,0.003258183848923113,0.008094542286628988,0.004064026235725539,0.6838650886343524
Reduced,pure_NH3_350K,0.35156250000000006,2005.890761567404,7.9889826831617e-05,0.2979028216543913,0.001724236281035142,7.108703805805116e-05,0.003275330555393871,0.008041787142067014,0.003975116841052263,0.683902966474267
Reduced,pure_NH3_350K,0.35546875000000006,2006.6403317891743,6.153910034924003e-05,0.2980174720680894,0.0017309836035476458,5.63834067621191e-05,0.0032872277358438574,0.00799358906069331,0.003899595737375508,0.6839351412375574
Reduced,pure_NH3_350K,0.35937500000000006,2007.3247002207586,4.736344703600676e-05,0.29812029484620484,0.0017362578046345501,4.457670020701878e-05,0.003294728848361439,0.007949259800635891,0.0038349545460807577,0.6839628130611525
Reduced,pure_NH3_350K,0.36718750000000006,2008.5378799049106,2.858788011156847e-05,0.2982973926281951,0.001743291877458737,2.8033693346929577e-05,0.0032987644674776595,0.007870406067284348,0.0037321267781203218,0.6840075186801929
Reduced,pure_NH3_350K,0.37500000000000006,2009.617583413112,1.7326492578632352e-05,0.29844966223611497,0.0017474293038110692,1.754638057662051e-05,0.00329298618855829,0.007800824148742831,0.0036522820076044667,0.6840434819411767
Reduced,pure_NH3_350K,0.38281250000000006,2010.6072777015966,1.0544135574964024e-05,0.29858527343425817,0.0017497773783119108,1.0950957628176445e-05,0.003280723026090418,0.007737852726169837,0.003587667745526667,0.6840739040354222
Reduced,pure_NH3_350K,0.390625,2011.5334752681895,6.436635702762789e-06,0.2987094254305153,0.001751033286103201,6.822294656636778e-06,0.003264291385238008,0.007679641773567254,0.003533214387341818,0.6841007624404327
Reduced,pure_NH3_350K,0.3984375,2012.4124292617537,3.928961623764929e-06,0.2988254302241092,0.001751629118988494,4.239415433841803e-06,0.0032452728597074836,0.0076249238575360045,0.003485620777275196,0.6841252760152162
Reduced,pure_NH3_350K,0.40625,2013.254240209238,2.3763017176627654e-06,0.2989354110394809,0.0017518305256283818,2.6134748547545358e-06,0.0032247340843526897,0.007572836874014133,0.003442736107193549,0.6841481989079441
Reduced,pure_NH3_350K,0.421875,2014.8457885531832,9.604873798309861e-07,0.29914144227642825,0.0017515408367306021,1.1036549522815423e-06,0.00318124319713496,0.00747479473463128,0.00336685753039079,0.6841906929780076
Reduced,pure_NH3_350K,0.43750000000000006,2016.3431225818326,3.955565118123777e-07,0.29933473051730186,0.0017509170508816243,4.946605036849752e-07,0.003137411700916976,0.007382369316098701,0.0032983180530953915,0.6842305024386152
Reduced,pure_NH3_350K,0.45312500000000006,2017.7592017689321,1.6523606418581593e-07,0.29951783194416204,0.0017501723553204702,2.4657700882554777e-07,0.003094437847524352,0.007294353967129015,0.0032346735875873906,0.6842683344904706
Reduced,pure_NH3_350K,0.46875000000000006,2019.102017842245,6.712603742552978e-08,0.29969211036436616,0.0017493877938304996,1.4180346552504937e-07,0.003052799016017107,0.007210109959153929,0.0031747673957043705,0.6843045226622032
Reduced,pure_NH3_350K,0.5000000000000001,2021.5853138827297,1.783956855594263e-08,0.3000166886487537,0.0017477945767280065,8.940609023465283e-08,0.002974094819231583,0.007051804517233638,0.00306434904905807,0.684372525494102
Reduced,pure_NH3_350K,0.5312500000000001,2023.8464819255917,7.0977799683152e-09,0.30031471394136444,0.0017462214681082712,7.749544426872612e-08,0.0029010659017390653,0.006905083928313202,0.0029636569474426277,0.6844355085496352
Reduced,pure_NH3_350K,0.5625000000000001,2025.9135429212354,4.6766720145160056e-09,0.30058934523393865,0.0017446768782986165,7.413275261021669e-08,0.002833234863254879,0.006768675966333565,0.002871376475149041,0.6844940382675548
Reduced,pure_NH3_350K,0.5937500000000002,2027.8097929506057,4.128970170806604e-09,0.3008431858324631,0.001743161396669912,7.26383256792898e-08,0.002770110639041616,0.006641534338755106,0.002786503785844961,0.6845485803235022
Reduced,pure_NH3_350K,0.6250000000000001,2029.554864045776,4.017959258653895e-09,0.30107844528770233,0.00174167420624562,7.157654168522003e-08,0.0027112477559412553,0.0065227617377708064,0.002708209954482289,0.6845995328648276
Reduced,pure_NH3_350K,0.6562500000000001,2031.1654187115603,4.010421084941025e-09,0.30129702011069265,0.0017402142778572543,7.06299526767157e-08,0.002656252797426801,0.006411577215739522,0.0026357926856193613,0.6846472410367783
Reduced,pure_NH3_350K,0.6875000000000001,2032.6556681706516,4.026300527171188e-09,0.3015005479269935,0.0017387806013007137,6.972677232483878e-08,0.0026047801019544715,0.0063072962437800886,0.0025686511175391337,0.6846920061997616
Reduced,pure_NH3_350K,0.7187500000000001,2034.0377747653854,4.045860357918446e-09,0.3016904486383431,0.0017373722358607002,6.885081454360094e-08,0.002556525990735563,0.00620931587180408,0.002506268806397788,0.6847340928512439
Reduced,pure_NH3_350K,0.7500000000000001,2035.3221679263415,4.0642360267936034e-09,0.3018679570144472,0.0017359883271452822,6.799878375873268e-08,0.0025112234476373126,0.006117102860060072,0.0024482009901155544,0.6847737341178471
Reduced,pure_NH3_350K,0.78125,2036.517792461241,4.080337258621172e-09,0.3020341486867237,0.0017346281188136638,6.717040014580642e-08,0.0024686373792796074,0.006030184059694902,0.0023940650385051512,0.6848111361809096
Reduced,pure_NH3_350K,0.8125,2037.6323023342225,4.09404930077048e-09,0.3021899600099102,0.0017332909653299717,6.636618128249358e-08,0.0024285598377894913,0.0059481391701421546,0.0023435345444572826,0.6848464818337483
Reduced,pure_NH3_350K,0.8750000000000001,2039.6374081392964,4.114662905201049e-09,0.30247277682876533,0.0017306842733135744,6.483563774756341e-08,0.0023554572255385705,0.005797590416476371,0.0022524822354636565,0.6849114876628132
Reduced,pure_NH3_350K,0.9375000000000001,2041.4125758101818,4.128428539122528e-09,0.3027250983454285,0.0017281518818876719,6.339019325342225e-08,0.0022898612518529814,0.005662085425353561,0.002171712476936319,0.684970045481133
Reduced,pure_NH3_350K,1.0000000000000002,2042.9935945609332,4.1366717400453666e-09,0.30295137798554694,0.0017256879924200733,6.202771082347545e-08,0.0022307365866999435,0.005539591420653566,0.002099667755521535,0.685023036405191
Reduced,pure_NH3_350K,1.0625000000000002,2044.4091801679147,4.140484417040715e-09,0.30315523771316544,0.001723287361011243,6.074554928320769e-08,0.002177233150293519,0.005428428844526426,0.002035087765727765,0.685071185219768
Reduced,pure_NH3_350K,1.1250000000000002,2045.6826205512666,4.140759039080727e-09,0.3033396505280368,0.0017209452586534702,5.954046587600119e-08,0.0021286449429839174,0.005327199038910267,0.00197694488934098,0.6851150943741141
Reduced,pure_NH3_350K,1.1875,2046.8329714575366,4.138223397707243e-09,0.3035070769137553,0.0017186574383110792,5.840886717841853e-08,0.002084381254040151,0.005234727953244291,0.001924394491077926,0.6851552693790539
Reduced,pure_NH3_350K,1.25,2047.875933458214,4.133469445365305e-09,0.30365956696316887,0.0017164201133930304,5.734702367538943e-08,0.0020439450837689967,0.005150022845498661,0.0018767379350249779,0.6851921381445054
Reduced,pure_NH3_350K,1.3125000000000002,2048.8244953460994,4.12697620021493e-09,0.303798837092239,0.0017142299523972466,5.635123777047429e-08,0.0020069168129741577,0.005072238709988133,0.0018333952620753376,0.6852260658871542
Reduced,pure_NH3_350K,1.375,2049.6893988393513,4.1191274858362315e-09,0.3039263274762445,0.001712084096339044,5.5417982166934293e-08,0.0019729419722365766,0.005000651983398329,0.001793885352023537,0.6852573667043583
Reduced,pure_NH3_350K,1.4375,2050.4794579800823,4.110225992518447e-09,0.3040432442667139,0.001709980208850125,5.4544026926192355e-08,0.001941722320567118,0.004934639781683733,0.001757812312297413,0.6852863125346805
Reduced,pure_NH3_350K,1.5,2051.2017499568055,4.100510063246763e-09,0.3041505887162774,0.0017079165740754665,5.37266123652813e-08,0.001913009171914019,0.0048736637451031245,0.001724858306379103,0.6853131399248805
Reduced,pure_NH3_350K,1.625,2052.4591616073662,4.079292766700835e-09,0.30433892431600906,0.0017039072904989697,5.2258553129419955e-08,0.0018625409645630956,0.004765453322562809,0.0016676059161465,0.6853610547959123
Reduced,pure_NH3_350K,1.7500000000000002,2053.5374160299866,4.057326666683313e-09,0.3045011169217477,0.0017000172241932808,5.0959224440910565e-08,0.001818999606132957,0.004671675077916113,0.001618623428131831,0.6854027628816607
Reduced,pure_NH3_350K,1.8750000000000002,2054.4670964326724,4.035394899654533e-09,0.3046414803837084,0.001696233901822878,4.980914340005208e-08,0.0017812744580028813,0.0045900203921233635,0.0015765218041046871,0.6854392752840127
Reduced,pure_NH3_350K,2.0,2055.270714979055,4.013945525845213e-09,0.30476329103357097,0.0016925484774863784,4.879234983552587e-08,0.0017485193142085338,0.004518658058753328,0.0015402740515878949,0.6854714042100488
Reduced,pure_NH3_350K,2.25,2056.5446003612897,3.973480757804816e-09,0.304958226265219,0.00168545986389831,4.7130893959183805e-08,0.0016961662375428602,0.004402497813884773,0.0014833426733230795,0.6855244895292891
Reduced,pure_NH3_350K,2.5,2057.5446831971267,3.937543375057642e-09,0.305111545480848,0.0016786227124036262,4.5794974234047326e-08,0.001655108735000587,0.004310634662991458,0.0014391512327110321,0.6855669457544598
Reduced,pure_NH3_350K,2.75,2058.338740212438,3.906363534545563e-09,0.3052332621059871,0.0016719978859409052,4.471695695726958e-08,0.001622675377864815,0.00423744563692255,0.001404561649463093,0.6856012169588834
Reduced,pure_NH3_350K,3.0,2058.973451052265,3.87974729556572e-09,0.3053303624322078,0.0016655680958141312,4.384613913395753e-08,0.001596985164983639,0.004178948390249004,0.0013773961407189657,0.6856290348073556
Reduced,pure_NH3_350K,3.4999999999999996,2059.851450378401,3.839476377324115e-09,0.3054642834629703,0.0016533788781273788,4.262851534980087e-08,0.0015621770439209644,0.004097756044042057,0.0013412769966586401,0.6856689837204656
Reduced,pure_NH3_350K,4.25,2060.621073392177,3.80712516608454e-09,0.3055766086856129,0.0016377804004243718,4.158769142764897e-08,0.001534031746969205,0.00403346457994174,0.00131154849694167,0.6857019549201299
Reduced,pure_NH3_350K,5.0,2060.621073392177,3.8071251659096105e-09,0.30557660867157227,0.0016377804003491188,4.158769142573809e-08,0.001534031746898719,0.00403346457975641,0.0013115484968814065,0.6857019549345714
Optimized,pure_NH3_350K,0.0,350.0,0.20350040666770763,0.019101394976361947,1.279111785171448e-07,8.972954955936635e-06,1.637864419985298e-12,0.004392271938120811,0.15771619619895347,0.6152576892398594
Optimized,pure_NH3_350K,0.007812500000000002,369.44563867510624,0.20079291701172353,0.022884975716194342,1.5574378900805147e-07,1.152638687286164e-05,1.8665246101990697e-12,0.0046465364807444145,0.15639784295795328,0.6152366945055601
Optimized,pure_NH3_350K,0.015625000000000003,391.6956439142816,0.19774990485704116,0.027173869235517355,1.9382356490044519e-07,1.4654196679002329e-05,2.8576255856420034e-12,0.004904845265018713,0.15486718325548768,0.6152521463435038
Optimized,pure_NH3_350K,0.023437500000000003,416.8743445413762,0.19436502598161465,0.03197607270548568,2.446773582415418e-07,1.843579926741204e-05,4.864127237217105e-12,0.005166013653221402,0.15310931093877803,0.6153182068173789
Optimized,pure_NH3_350K,0.03125000000000001,445.0613338108521,0.19063646972436396,0.03729087325672667,3.118016521186633e-07,2.2950523233984032e-05,9.211469324351651e-12,0.005428935580931693,0.1511115393075491,0.6154509173160849
Optimized,pure_NH3_350K,0.03906250000000001,476.29176804540515,0.18656615191727044,0.04311023031400761,3.999467584592042e-07,2.827645426896615e-05,1.9816485444408144e-11,0.005692619942691419,0.14886337055957843,0.6156676220926375
Optimized,pure_NH3_350K,0.04687500000000001,510.5601475486023,0.18215874005849989,0.049420561554109406,5.15506956203326e-07,3.4489706839931795e-05,4.826978611393626e-11,0.005956212327190414,0.1463562950514328,0.6159863386048168
Optimized,pure_NH3_350K,0.05078125,528.8544018806065,0.17982800073296296,0.05275836566464324,5.869735402288043e-07,3.7963086515889595e-05,7.945522931050665e-11,0.006087774823784538,0.1450010546156869,0.6161907462699859
Optimized,pure_NH3_350K,0.05468750000000001,547.9190901713475,0.1774127831049584,0.056216218806245194,6.692045058352649e-07,4.169906455055694e-05,1.320851522101329e-10,0.00621905073002104,0.14357585027507788,0.6164289193477656
Optimized,pure_NH3_350K,0.05859375000000001,567.7443195626785,0.17491413968470274,0.05979142705803617,7.638259302422916e-07,4.570738662311264e-05,2.2082457318939672e-10,0.006349968975395811,0.14208000162148657,0.6167032174652463
Optimized,pure_NH3_350K,0.06250000000000001,588.3189511107461,0.17233313801594005,0.06348125188402043,8.727150219264085e-07,4.999762932476754e-05,3.6931929854305195e-10,0.006480467701681886,0.1405129033923843,0.6170159455946025
Optimized,pure_NH3_350K,0.06640625000000001,609.6308879665918,0.1696708406066013,0.06728294859157294,9.980414124345723e-07,5.4579208850825245e-05,6.153917157165638e-10,0.006610493945638896,0.1388740152940377,0.6173693457937441
Optimized,pure_NH3_350K,0.07031250000000001,631.6673392342452,0.16692828824065037,0.07119379752072727,1.142320958138248e-06,5.946139016093734e-05,1.0189295410745276e-09,0.006740003362102709,0.13716285310672685,0.6177655913642236
Optimized,pure_NH3_350K,0.07421875000000003,654.4150516419861,0.1641064863152201,0.07521112832896805,1.308488230541134e-06,6.465329548083147e-05,1.6738627075338749e-09,0.0068689600480272405,0.13537898120437625,0.6182067831596761
Optimized,pure_NH3_350K,0.07812500000000001,677.8605025225585,0.16120639373326495,0.07933233791173441,1.4999956280378995e-06,7.016391100802356e-05,2.726181855056572e-09,0.006997336534700889,0.13352200655191024,0.6186949477510086
Optimized,pure_NH3_350K,0.08203125000000001,701.9900487820929,0.15822891382965393,0.08355490255607846,1.7209484439150052e-06,7.600209047390949e-05,4.400822864798193e-09,0.007125114023863957,0.1315915742070448,0.6192320371396958
Optimized,pure_NH3_350K,0.08593750000000001,726.7900278635667,0.15517488676496444,0.08787638494705786,1.9762860667782082e-06,8.217655393711087e-05,7.041570935555949e-09,0.0072522829529519175,0.1295873643023257,0.619819929726171
Optimized,pure_NH3_350K,0.08984375000000001,752.246807832037,0.15204508284590984,0.09229443656721673,2.272019720030462e-06,8.869587955686352e-05,1.1170202780690347e-08,0.007378843984169429,0.12750909047511594,0.6204604322454406
Optimized,pure_NH3_350K,0.09375000000000001,778.3467850091691,0.14884019626215558,0.09680679595152275,2.615536898647877e-06,9.556848533657986e-05,1.7574259744872547e-08,0.007504809518977278,0.1253564996957477,0.6211552824068743
Optimized,pure_NH3_350K,0.09765625,805.0763285517722,0.1455608388611232,0.10141128308155165,3.015981913134859e-06,0.00010280259655928099,2.7437566833931076e-08,0.007630205841209713,0.12312937351045526,0.6219061519616847
Optimized,pure_NH3_350K,0.1015625,832.4216724017062,0.14220753375061868,0.10610579003512846,3.4847203360263626e-06,0.00011040619318413164,4.253430102214072e-08,0.007755075983389713,0.12082753080300435,0.6227146499148498
Optimized,pure_NH3_350K,0.10546875,860.3687554939694,0.13878070885871588,0.11088826770778414,4.035891657032004e-06,0.0001183869293376511,6.551636585653377e-08,0.007879483385328496,0.11845083239977336,0.6235823255187587
Optimized,pure_NH3_350K,0.10937500000000001,888.9030115176388,0.13528069102209953,0.11575670811333927,4.687047950191836e-06,0.0001267520146121683,1.0033503586664402e-07,0.008003516359016255,0.11599918809365656,0.6245106705915304
Optimized,pure_NH3_350K,0.11328125000000001,918.00910928502,0.13170770188536698,0.12070912128588798,5.4598659290439335e-06,0.00013550804345173898,1.528508107118472e-07,0.008127293269458843,0.11347256704892272,0.6255011204821858
Optimized,pure_NH3_350K,0.11718750000000001,947.6706446579728,0.12806185778684362,0.125743505307769,6.38090573049029e-06,0.00014466075482850972,2.316988990083767e-07,0.00825096815598084,0.11087101291544324,0.6265550527180012
Optimized,pure_NH3_350K,0.12109375000000003,977.8697845520749,0.12434317705358636,0.13085780733572547,7.482373353133889e-06,0.00015421469870707387,3.4948944738481717e-07,0.008374736213843844,0.10819466542958271,0.6276737818649624
Optimized,pure_NH3_350K,0.12500000000000003,1008.5868637960864,0.12055159957492019,0.13604987294559553,8.802827345666215e-06,0.0001641727790242716,5.244271355633692e-07,0.008498838096684285,0.10544379061159398,0.6288585484890215
Optimized,pure_NH3_350K,0.12890625000000003,1039.799932431695,0.11668702518373156,0.14131738064627636,1.0387756598641845e-05,0.0001745356345964143,7.824023552304812e-07,0.00862356139763498,0.10261882197334753,0.6301104992075199
Optimized,pure_NH3_350K,0.13281250000000003,1071.4846650292445,0.11274937931104419,0.14665775794777108,1.2289948380244947e-05,0.0001853008102685842,1.1592690031668373e-06,0.008749236929776088,0.09972041551690425,0.6314306537786725
Optimized,pure_NH3_350K,0.13476562500000003,1087.4959898696934,0.11075315646889389,0.14935419401242706,1.338322875803778e-05,0.00019083193933914068,1.4087067743046188e-06,0.008812570099227797,0.09824399320668112,0.6321166466497539
Optimized,pure_NH3_350K,0.13671875000000003,1103.616192632554,0.10873851499255402,0.15206788504058757,1.458040060773546e-05,0.0001964622010641977,1.7079494493392523e-06,0.008876279700483965,0.09674936618061877,0.6328202287380209
Optimized,pure_NH3_350K,0.13867187500000003,1119.8414046146622,0.1067055179032313,0.15479837159690726,1.5890227789744084e-05,0.00020218977191337493,2.0663158729454146e-06,0.008940411642974166,0.0952367229816405,0.6335414617141483
Optimized,pure_NH3_350K,0.14062500000000003,1136.1676048392837,0.10465424932747205,0.15754516304251662,1.7321955469561965e-05,0.00020801239392716984,2.4943169385547484e-06,0.009005010365685007,0.09370627389666597,0.6342803937090851
Optimized,pure_NH3_350K,0.14257812500000003,1152.590522715621,0.10258484248666892,0.16030771320806453,1.8885169784943245e-05,0.00021392720644141668,3.0039357106737032e-06,0.00907011691427651,0.09215827359174437,0.6350370377253814
Optimized,pure_NH3_350K,0.14453125000000006,1169.1057048440168,0.10049746935312232,0.16308543270354942,2.0589890990165178e-05,0.00021993076447793022,3.6087990717505675e-06,0.009135767840594647,0.09059300666757351,0.6358113852077261
Optimized,pure_NH3_350K,0.14648437500000006,1185.7084234791814,0.09839236999396059,0.16587766529635875,2.2446409487789913e-05,0.00022601886382963036,4.324314396203828e-06,0.009201992915883273,0.08901081014356621,0.636603383824567
Optimized,pure_NH3_350K,0.14843750000000006,1202.393734473817,0.09626984410967354,0.16868369879897271,2.446539686423782e-05,0.0002321865413461963,5.167811352123937e-06,0.009268813924527834,0.08741205988017557,0.637412950460206
Optimized,pure_NH3_350K,0.15039062500000006,1219.1563913273944,0.09413028108495688,0.17150274256787928,2.6657728214806014e-05,0.00023842789997758758,6.158658314685928e-06,0.00933624228546642,0.08579719248027755,0.6382399489251691
Optimized,pure_NH3_350K,0.15234375000000006,1235.9908923166445,0.09197415285345137,0.17433393712204492,2.903462501759232e-05,0.00024473609374852333,7.318397592883754e-06,0.009404278015497395,0.08416669246711057,0.6390842027103351
Optimized,pure_NH3_350K,0.15429687500000006,1252.8913998028067,0.08980204326758451,0.17717633347005163,3.1607478625913e-05,0.00025110316371838767,8.670842969131803e-06,0.009472907625153702,0.08252111304896333,0.6399454733923997
Optimized,pure_NH3_350K,0.15625000000000003,1269.8517744053886,0.08761464129153226,0.1800289016931161,3.438804216079324e-05,0.0002575200139328197,1.0242218418585569e-05,0.009542103530731452,0.08086106389571475,0.6408234735482942
Optimized,pure_NH3_350K,0.158203125,1286.8654993155858,0.08541276783832753,0.18289051288599317,3.738827235390723e-05,0.0002639762737238988,1.2061245190488965e-05,0.009611822536579984,0.07918723015626407,0.6417178466204468
Optimized,pure_NH3_350K,0.16015625,1303.9256996312772,0.08319736814200776,0.18575994690118092,4.062058694294445e-05,0.00027046027399702026,1.4159308357579062e-05,0.009682005805400457,0.07750036070744015,0.6426281801902055
Optimized,pure_NH3_350K,0.162109375,1321.0250720586919,0.08096953418813702,0.18863587761879833,4.409773844249105e-05,0.00027695895438279626,1.6570555557348266e-05,0.009752578000953863,0.07580128487706217,0.6435539877495078
Optimized,pure_NH3_350K,0.16406250000000003,1338.1558884321014,0.07873049549124571,0.191516879873396,4.7833146159155255e-05,0.00028345785047768034,1.93321335226663e-05,0.009823447611832693,0.07409090117832427,0.6444947220514811
Optimized,pure_NH3_350K,0.16601562500000003,1355.3099325450362,0.07648163584100788,0.19440141854361992,5.184080431394259e-05,0.00028994106470281634,2.2484352192942918e-05,0.009894506505797993,0.07237019134686828,0.6454497587207606
Optimized,pure_NH3_350K,0.16796875000000003,1372.4784882398658,0.07422448271636828,0.1972878543174211,5.613568344143201e-05,0.0002963912736056452,2.6071136538253585e-05,0.009965630117148037,0.07064020976334437,0.6464184088720017
Optimized,pure_NH3_350K,0.16992187500000003,1389.6522861689061,0.07196071855670415,0.2001744363579949,6.073365643684403e-05,0.00030278977802354395,3.0140695719304303e-05,0.010036676988089901,0.06890209462242093,0.6473999040355067
Optimized,pure_NH3_350K,0.17187500000000003,1406.8214757541182,0.06969217173158856,0.2030593046300701,6.565194184034393e-05,0.00030911653514395325,3.4747791979764536e-05,0.010107488361186186,0.06715705842020113,0.6483934068568774
Optimized,pure_NH3_350K,0.17578125000000003,1441.1156580142276,0.06514621116875202,0.2088186100229074,7.650193095362019e-05,0.00032149427197745745,4.5772904260601085e-05,0.010247886966851154,0.06364973753900569,0.6504138681876406
Optimized,pure_NH3_350K,0.17968750000000003,1475.2595034880803,0.06060639182759783,0.2145464008059892,8.885989458009477e-05,0.0003333254925244544,5.966557309613138e-05,0.010385009443530465,0.06013135193816593,0.652470054817341
Optimized,pure_NH3_350K,0.18359375000000003,1509.1516780297286,0.05609197287051024,0.22022423450110296,0.00010292253102999937,0.0003444204790106335,7.701349143129587e-05,0.010516890614221683,0.05661422760283801,0.6545524683028715
Optimized,pure_NH3_350K,0.18750000000000003,1542.679872276118,0.05162409340825141,0.22583214665914306,0.00011892072158692683,0.0003545853397025868,9.850967986613403e-05,0.010641214157009006,0.05311179849659507,0.6566502503462283
Optimized,pure_NH3_350K,0.19140625000000003,1575.721149173649,0.04722554551891792,0.23134880202227315,0.0001371213155434334,0.0003636290109709636,0.0001249511952297334,0.010755328128870756,0.049638507387338375,0.658751199117584
Optimized,pure_NH3_350K,0.193359375,1592.007131883619,0.04506174137405469,0.2340639344753983,0.00014716273710092768,0.00036765943924547457,0.00014034077674077814,0.010807435132957835,0.0479188828633142,0.659797626787608
Optimized,pure_NH3_350K,0.1953125,1608.1193412948685,0.0429246417867128,0.2367475000190895,0.000157877156854537,0.00037133808309276984,0.00015732703061664376,0.010855861367144339,0.046212466569169254,0.660839627894049
Optimized,pure_NH3_350K,0.197265625,1624.0397739218445,0.04081747805594556,0.23939650227814466,0.00016930684336624542,0.00037464360783392986,0.00017605364392512827,0.01090021332308506,0.04452130234680456,0.6618753378739767
Optimized,pure_NH3_350K,0.19921875,1639.7499769620956,0.03874352581473149,0.24200789553501126,0.0001814955295275302,0.0003775552822574069,0.00019666974575405103,0.010940093984400394,0.04284747019046714,0.6629028416936039
Optimized,pure_NH3_350K,0.201171875,1655.231236006361,0.03670607288579307,0.24457861340398288,0.0001944873323910017,0.00038005322104310444,0.00021933111534021423,0.01097511100019717,0.0411930699419506,0.6639201879277651
Optimized,pure_NH3_350K,0.203125,1670.464541059463,0.03470841929689946,0.24710555986825478,0.0002083265934600056,0.00038211802874391895,0.00024420061981166735,0.011004879630248834,0.039560222668771496,0.6649253967080777
Optimized,pure_NH3_350K,0.205078125,1685.4308160189998,0.03275383451049742,0.24958564660232005,0.00022305656397617502,0.00038373094879405145,0.000271446599131468,0.011029032054639383,0.03795105031440007,0.6659164791096667
Optimized,pure_NH3_350K,0.20703125,1700.1108951822614,0.03084555417325415,0.2520157862738918,0.00023871904440401546,0.00038487341075400995,0.0003012418916516558,0.011047220689094084,0.03636767712693081,0.6668914456823497
Optimized,pure_NH3_350K,0.208984375,1714.4857903629338,0.02898672910934524,0.2543929366233443,0.00025535280972042404,0.0003855271364765561,0.0003337608823561976,0.011059128291073469,0.03481220541986797,0.6678483303100714
Optimized,pure_NH3_350K,0.2109375,1728.5366808833153,0.027180419185290152,0.25671409631920533,0.00027299303196672296,0.00038567366472674154,0.00036917741039978175,0.011064471376435198,0.033286716630891895,0.6687851991538399
Optimized,pure_NH3_350K,0.21289062500000003,1742.2452160926107,0.025429535519084483,0.25897635536724556,0.00029166948249749995,0.00038529449297495865,0.00040766041107457055,0.011063010571938202,0.0317932435058503,0.6697001781965144
Optimized,pure_NH3_350K,0.21484375000000003,1755.5935213976582,0.02373683201671192,0.26117689398827604,0.000311405777212865,0.0003843706806726135,0.0004493706324202347,0.011054553715930301,0.03033377047846364,0.6705914623188121
Optimized,pure_NH3_350K,0.21679687500000003,1768.5645304412533,0.022104843161423495,0.26331303840111997,0.0003322174615267002,0.00038288312890839116,0.000494454839112779,0.011038965701603337,0.02891020288812214,0.6714573453056281
Optimized,pure_NH3_350K,0.21875000000000003,1781.1420059670463,0.02053587482746319,0.2653822624837863,0.0003541111831363663,0.00038081237795945227,0.0005430414839262858,0.011016170656791922,0.027524366635553545,0.6722962283717102
Optimized,pure_NH3_350K,0.22070312500000003,1793.3108901440983,0.019031941401177786,0.26738224692029794,0.0003770828404919401,0.00037813912820287187,0.0005952337724294806,0.010986160314549808,0.026177975472380547,0.6731066508145674
Optimized,pure_NH3_350K,0.22265625000000003,1805.0573333658092,0.017594758837288508,0.2693108822876486,0.00040111685497601124,0.0003748443321969209,0.0006511048363623681,0.01094899449874439,0.02487263029390707,0.6738872967914257
Optimized,pure_NH3_350K,0.22460937500000003,1816.3690445511909,0.016225686238885567,0.2711663282832014,0.0004261846268035779,0.00037091002481045855,0.0007106904164483087,0.010904806947384061,0.02360978603015155,0.6746370242474018
Optimized,pure_NH3_350K,0.22656250000000003,1827.2353147608928,0.014925725271825233,0.27294701564913104,0.00045224412523429096,0.00036631975519363445,0.0007739845354526579,0.010853803294459188,0.022390751402999377,0.6753548683131071
Optimized,pure_NH3_350K,0.22851562500000003,1837.6473434127697,0.013695472115485352,0.27465170104906894,0.00047923892050567824,0.0003610597174187685,0.0008409329884977526,0.010796263373849662,0.02121665740528754,0.6760400658301855
Optimized,pure_NH3_350K,0.23046875000000003,1847.59823873197,0.012535127671435747,0.2762794643133786,0.0005070983112706246,0.00035511947588706076,0.0009114308220380184,0.010732536093050348,0.0200884587581659,0.6766920536107599
Optimized,pure_NH3_350K,0.23242187500000003,1857.0832930598908,0.011444465335669403,0.2778297540291237,0.0005357371618162117,0.00034849328278840956,0.0009853180082742986,0.010663037649628667,0.019006906219663756,0.6773104860629262
Optimized,pure_NH3_350K,0.23437500000000003,1866.099940924788,0.010422855387522429,0.27930237647188866,0.0005650567223110185,0.00034118094317404734,0.0010623799856514294,0.01058824318354111,0.017972551162001933,0.6778952269272319
Optimized,pure_NH3_350K,0.23632812500000003,1874.647958872261,0.00946925203061848,0.2806975275267035,0.0005949453901842869,0.00033318910275135534,0.0011423466522065442,0.010508681016324326,0.016985723862980893,0.6784463582853653
Optimized,pure_NH3_350K,0.23828125000000003,1882.7293657074833,0.00858223291169029,0.2820157706458947,0.0006252802562766941,0.0003245320121461709,0.0012248967063444077,0.010424921652122809,0.016046542465563186,0.6789641652866576
Optimized,pure_NH3_350K,0.24023437500000003,1890.3485302279441,0.007760005635205819,0.28325805244926494,0.0006559287483011557,0.00031523250885222395,0.0013096604065826701,0.010337568932665357,0.01515489888767186,0.6794491361100169
Optimized,pure_NH3_350K,0.24218750000000006,1897.5120067598182,0.0070004601704846065,0.2844256689968111,0.0006867507861703623,0.00030532241277240714,0.001396227577767735,0.010247247614032437,0.014310472894524731,0.6799019404147242
Optimized,pure_NH3_350K,0.24414062500000006,1904.2285463572425,0.006301191539750574,0.2855202649275105,0.0007176010996168831,0.00029484294212140896,0.001484153666842696,0.010154592951312815,0.013512726379088732,0.6803234212799291
Optimized,pure_NH3_350K,0.24609375000000006,1910.508871956731,0.005659560042847605,0.2865437896751743,0.000748331745803061,0.00028384452589750464,0.0015729703647228929,0.010060238454297477,0.012760922484933738,0.680714569272216
Optimized,pure_NH3_350K,0.24804687500000006,1916.3656020564672,0.005072724207192157,0.287498482570289,0.0007787947724978478,0.00027238649263774023,0.0016621936911755328,0.00996480564883543,0.012054127940883333,0.6810765085810857
Optimized,pure_NH3_350K,0.25000000000000006,1921.8129805109143,0.0045377022881638055,0.28838682259966525,0.0008088447796397669,0.000260536212071684,0.0017513355806870437,0.00986889356314072,0.011391236323577858,0.6814104693142996
Optimized,pure_NH3_350K,0.25195312500000006,1926.8667295665332,0.00405140911175717,0.2892115031639137,0.0008383415516985964,0.00024836804896640976,0.0018399123537956644,0.009773070183724704,0.01077097752817434,0.6817177703906219
Optimized,pure_NH3_350K,0.25390625000000006,1931.5437735818275,0.003610709816012532,0.2899753833140117,0.0008671523794563353,0.00023596191861802664,0.001927455169811777,0.009677864804790602,0.010191941655042993,0.6819997940467751
Optimized,pure_NH3_350K,0.25585937500000006,1935.8620189131743,0.0032124596817088235,0.29068145118617233,0.0008951542527720413,0.0002234016580537434,0.00201351823098874,0.009583762118837583,0.009652596919277239,0.6822579660131501
Optimized,pure_NH3_350K,0.25781250000000006,1939.8401076217747,0.002853543463552925,0.29133278372195237,0.0009222357293387689,0.00021077321215875718,0.002097686252673057,0.009491197831259913,0.009151310961075515,0.6824937352296064
Optimized,pure_NH3_350K,0.25976562500000006,1943.4971781001539,0.0025309094657732694,0.29193250864648457,0.0009482984750137231,0.0001981627382183686,0.0021795806227180455,0.009400555833240112,0.008686372015025926,0.6827085554647222
Optimized,pure_NH3_350K,0.26171875000000006,1946.8526345437317,0.0022415984726200052,0.2924837688867314,0.0009732584399533445,0.0001856547097463335,0.0022588641487280153,0.009312166841916892,0.008256009857666296,0.6829038688537522
Optimized,pure_NH3_350K,0.26367187500000006,1949.9259300312237,0.0019827674164044707,0.29298969005467357,0.0009970466529265973,0.00017333010217285828,0.0023352443650858333,0.009226308373586347,0.007858416089682692,0.6830810915235205
Optimized,pure_NH3_350K,0.26562500000000006,1952.7363670788804,0.001751707883189228,0.29345335143803997,0.0010196096297520598,0.00016126473587134386,0.002408475437086927,0.009143205882104499,0.00749176337073304,0.6832416013752513
Optimized,pure_NH3_350K,0.26757812500000006,1955.3029185913858,0.0015458597277944821,0.2938777607687755,0.0010409094047724215,0.00014952784048736893,0.0024783587529668975,0.009063034875515954,0.00715422329348633,0.6833867280135629
Optimized,pure_NH3_350K,0.26953125000000006,1957.644071187084,0.0013628201968863068,0.29426583288156677,0.0010609232062913769,0.0001381808896856663,0.002544742335440461,0.00898592381737973,0.006843982656140393,0.6835177447427875
Optimized,pure_NH3_350K,0.27148437500000006,1959.7776919810594,0.001200349042099612,0.29462037223984444,0.0010796428076972997,0.00012727673846454852,0.0026075192321174663,0.00891195762287492,0.006559257964490162,0.6836358625009729
Optimized,pure_NH3_350K,0.27343750000000006,1961.7209190918913,0.0010563701511768053,0.29494405919408423,0.0010970735951759147,0.00011685907748524542,0.0026666250601830176,0.008841181571037218,0.006298308063335082,0.6837422255670146
Optimized,pure_NH3_350K,0.27539062500000006,1963.4900754264802,0.0009289702390190197,0.29523943975065925,0.001113233400157574,0.0001069622017015282,0.002722034886158766,0.008773605470994743,0.0060594448595621955,0.6838379088545881
Optimized,pure_NH3_350K,0.27734375000000006,1965.1006047013811,0.0008163951300553113,0.29550891856548916,0.0011281511495796757,9.761107515584459e-05,0.0027737596183932214,0.008709207939748763,0.005841042154471229,0.6839239165966055
Optimized,pure_NH3_350K,0.27929687500000006,1966.5670281881712,0.0007170441340664423,0.2957547548351413,0.0011418653894779644,8.882166102713413e-05,0.002821842079733423,0.008647940670211088,0.005641542649393652,0.6840011822229055
Optimized,pure_NH3_350K,0.28125000000000006,1967.9029203205969,0.0006294629758723626,0.2959790607349421,0.0011544227372309258,8.060147651836125e-05,0.0028663529125030987,0.008589732589521547,0.005459463226255651,0.684070569239863
Optimized,pure_NH3_350K,0.28320312500000006,1969.1209010682908,0.000552335689497877,0.2961838020473727,0.001165876315086909,7.295032621155359e-05,0.0029073864488903065,0.008534493828189145,0.005293398633258634,0.6841328729311354
Optimized,pure_NH3_350K,0.28515625000000006,1970.2326428536862,0.00048447583379781237,0.29637080063017407,0.001176284212647556,6.586116505567113e-05,0.002945056658563613,0.008482119439615061,0.00514202372590394,0.6841888227131084
Optimized,pure_NH3_350K,0.28710937500000006,1971.2488897537035,0.0004248173317174713,0.29654173839144204,0.0011857080192045257,5.9321042811739874e-05,0.0029794932627209953,0.008432492826549965,0.0050040944258006245,0.6842390849940456
Optimized,pure_NH3_350K,0.2890625000000001,1972.1794867708788,0.0003724051815313159,0.2966981624647046,0.001194211458745488,5.331208496860822e-05,0.003010838080440612,0.008385488845551261,0.004878447565147268,0.6842842664030395
Optimized,pure_NH3_350K,0.2910156250000001,1973.0334170666902,0.00032638623633301546,0.2968414913109611,0.0012018591516706285,4.781247005975897e-05,0.0030392416490214774,0.008340976572000162,0.004763999784585072,0.6843249172718903
Optimized,pure_NH3_350K,0.2929687500000001,1973.8188452106504,0.00028600019754623156,0.29697302151680743,0.001208715518419527,4.2797369038286194e-05,0.0030648601340167014,0.008298821715847554,0.0046597456476836115,0.6843615352701853
Optimized,pure_NH3_350K,0.2949218750000001,1974.5431647059254,0.0002505709171852297,0.29709393511107446,0.0012148438320420335,3.8239817862866716e-05,0.003087852514658011,0.008258888680444023,0.004564755128202441,0.6843945691118543
Optimized,pure_NH3_350K,0.2968750000000001,1975.21304831336,0.00021949804723650322,0.2972053072942643,0.0012203054203848106,3.4111498595796356e-05,0.0031083779929479216,0.008221042250913017,0.00447817061856069,0.6844244222721747
Optimized,pure_NH3_350K,0.3007812500000001,1976.4075555738445,0.00016882198872122142,0.29740236253336216,0.0012294049135689413,2.7055334576108512e-05,0.0031425002568234877,0.008151207195606854,0.004327849621371148,0.684475673509967
Optimized,pure_NH3_350K,0.3046875000000001,1977.4499356564513,0.00012987511249427344,0.2975719812922263,0.0012365263864108059,2.1352489956349856e-05,0.003168669393010197,0.00808814683141664,0.004202282899995876,0.684518177527858
Optimized,pure_NH3_350K,0.3085937500000001,1978.3722330175467,9.995554385834198e-05,0.29771954525056005,0.0012420484316892672,1.678288808723226e-05,0.003188035534592122,0.008030920587238225,0.004096907581447941,0.684553845916426
Optimized,pure_NH3_350K,0.31250000000000006,1979.1997647876594,7.696967383421128e-05,0.2978494017349744,0.0012462928990790855,1.3147244119055914e-05,0.003201643024459774,0.00797868139693935,0.004007948255391978,0.6845841852568697
Optimized,pure_NH3_350K,0.31640625,1979.9523980307856,5.930187654556191e-05,0.29796504362932097,0.0012495276428359909,1.0271204591312054e-05,0.0032104214519529536,0.007930680710881554,0.003932301434624669,0.6846103758186859
Optimized,pure_NH3_350K,0.3203125,1980.6456412971438,4.570864030902065e-05,0.29806926587952204,0.001251971675120586,8.00616477559237e-06,0.003215184702076206,0.007886267028288416,0.0038674297096019843,0.6846333378766385
Optimized,pure_NH3_350K,0.32421875,1981.2915556257574,3.523423848490559e-05,0.2981642984606198,0.0012538014752385856,6.228042978881181e-06,0.0032166356104330993,0.007844880258403868,0.0038112674748061667,0.6846537864999984
Optimized,pure_NH3_350K,0.32812500000000006,1981.8995011177465,2.7144342834163368e-05,0.29825191773438986,0.00125515754719987,4.834937765708173e-06,0.0032153738553510063,0.00780604357515375,0.0037621387904683994,0.6846722761351046
Optimized,pure_NH3_350K,0.33593750000000006,1983.02329686609,1.642299843459277e-05,0.2984091664500649,0.001256780718730619,2.9561889950376296e-06,0.00320622767742797,0.007734809815022934,0.003680910787733497,0.6847046678903308
Optimized,pure_NH3_350K,0.34375000000000006,1984.063979057824,9.969402293226242e-06,0.2985504467306285,0.0012575632321775326,1.8098782308596047e-06,0.0031913860629852243,0.0076696990389874195,0.0036144479271508845,0.6847332879894651
Optimized,pure_NH3_350K,0.35156250000000006,1985.044462743958,6.052471016990412e-06,0.2986806455190109,0.0012578577272298497,1.1095335561795971e-06,0.003172948630499456,0.007609041285582705,0.0035578250291332073,0.6847594621721612
Optimized,pure_NH3_350K,0.35937500000000006,1985.9787516389745,3.6399815867772906e-06,0.2988028693088195,0.0012578731011451052,6.774186551487301e-07,0.003152340995827438,0.007551695696891718,0.003507847243318612,0.6847839882684873
Optimized,pure_NH3_350K,0.37500000000000006,1987.7351609314878,1.4576798730434523e-06,0.29902940353275226,0.001257438208350522,2.875595031704014e-07,0.0031074958615103137,0.0074446034923279425,0.0034215642424189705,0.6848295645242425
Optimized,pure_NH3_350K,0.390625,1989.3795843842097,5.900668095876052e-07,0.29924032158885744,0.0012568018039276394,1.3361860487345994e-07,0.0030617181972433494,0.007344248332598761,0.003344973194907331,0.6848722988400088
Optimized,pure_NH3_350K,0.40625,1990.9287599272955,2.2850845543399573e-07,0.2994391908485131,0.0012561051514054038,7.025632955031531e-08,0.003016654128376146,0.007249032617070469,0.0032745289734614214,0.6849128928411771
Optimized,pure_NH3_350K,0.43750000000000006,1993.7718630057132,5.21926524189375e-08,0.29980631184930595,0.0012546835776656945,3.9857496310888935e-08,0.002930821339834098,0.007071512742206559,0.0031470258783022494,0.6849886909135301
Optimized,pure_NH3_350K,0.46875000000000006,1996.3413244946864,1.4610159393397189e-08,0.3001410778438007,0.0012532969401290062,3.35259480054359e-08,0.0028512373126391493,0.00690792030694519,0.003031929773330433,0.6850585123172801
Optimized,pure_NH3_350K,0.5000000000000001,1998.6749103249454,6.202756365703732e-09,0.30044786451793154,0.0012519526586588032,3.215503324518788e-08,0.002777540399407286,0.00675648022169438,0.002927153216250214,0.6851231050620148
Optimized,pure_NH3_350K,0.5312500000000001,2000.8031843608285,4.240735568147186e-09,0.30073006536431407,0.0012506486606430403,3.185009833518768e-08,0.0027091837556635057,0.0066158424683921465,0.00283130939105004,0.6851830607254065
Optimized,pure_NH3_350K,0.5625000000000001,2002.7515014531684,3.767967478429086e-09,0.30099049074908457,0.0012493818347186468,3.178341564780437e-08,0.0026456407916297477,0.00648488318696709,0.0027433124047320876,0.6852388762184813
Optimized,pure_NH3_350K,0.5937500000000002,2004.5411178142967,3.652937681426817e-09,0.3012315193344309,0.0012481492749777455,3.177116277555956e-08,0.002586442266523653,0.006362638597682791,0.0026622629368680912,0.68529097712363
Optimized,pure_NH3_350K,0.6250000000000001,2006.1899682757949,3.6261600762727777e-09,0.3014551833349138,0.001246948420706026,3.1770829779685644e-08,0.002531177078430167,0.006248272515555948,0.0025874017154978043,0.6853397312652372
Optimized,pure_NH3_350K,0.6562500000000001,2007.713253513315,3.620985246452016e-09,0.3016632285914558,0.0012457770383439827,3.1772289383457954e-08,0.0024794861125821605,0.006141054736990449,0.002518082665477851,0.6853854585116292
Optimized,pure_NH3_350K,0.6875000000000001,2009.1238941169324,3.620430134333719e-09,0.30185716065576174,0.0012446331897766666,3.177314383551769e-08,0.0024310555588747504,0.006040344537528486,0.0024537541315185194,0.6854284384008902
Optimized,pure_NH3_350K,0.7187500000000001,2010.4328838249135,3.6201202667090068e-09,0.3020382809735605,0.0012435152070544952,3.177291094121892e-08,0.002385610771707821,0.005945577569418281,0.002393945113933209,0.685468916208164
Optimized,pure_NH3_350K,0.7500000000000001,2011.6495635308115,3.618982074473716e-09,0.3022077143821616,0.001242421675417133,3.177160428812674e-08,0.0023429101369054537,0.005856256049891255,0.002338256537558624,0.6855071077788704
Optimized,pure_NH3_350K,0.8125,2013.8295594534081,3.6136170080535083e-09,0.30251430370367904,0.0012403044555630105,3.176664419740439e-08,0.0022652005179357535,0.005692680144722942,0.0022382587974477185,0.6855771991878662
Optimized,pure_NH3_350K,0.8750000000000001,2015.752163324436,3.6052631844560663e-09,0.3027870647264791,0.0012382609148803626,3.175712967175931e-08,0.0021955984773018794,0.005545700342291068,0.002149831500317084,0.6856402115063215
Optimized,pure_NH3_350K,0.9375000000000001,2017.4593985390707,3.5947419650235245e-09,0.303031173196711,0.0012362827412298143,3.174369829645117e-08,0.002132936508349853,0.005412972693239152,0.0020711383159069618,0.685697156292775
Optimized,pure_NH3_350K,1.0000000000000002,2018.9846043805665,3.5826983427039505e-09,0.3032507943741623,0.0012343629606986668,3.1726953925349235e-08,0.002076264544488984,0.005292579722776441,0.0020007095279550332,0.6857488567672069
Optimized,pure_NH3_350K,1.0625000000000002,2020.3545522830968,3.5696268608577303e-09,0.303449315561292,0.0012324956768124985,3.1707421435602673e-08,0.002024799972093909,0.0051829389265136555,0.0019373579330883466,0.6857959904720162
Optimized,pure_NH3_350K,1.1250000000000002,2021.590965964473,3.555905030487179e-09,0.3036295176392608,0.001230675874368419,3.1685558898641905e-08,0.001977892608107246,0.005082732764987081,0.0018801153519492756,0.685839120721114
Optimized,pure_NH3_350K,1.1875,2022.7116285432173,3.541819898500789e-09,0.3037937023113433,0.0012288992731141434,3.166177215165719e-08,0.001934998543177741,0.004990855476285881,0.0018281857517716776,0.685878720248042
Optimized,pure_NH3_350K,1.25,2023.731195292981,3.5275879214580957e-09,0.3039437872697652,0.001227162221732173,3.163642868488365e-08,0.0018956603265125784,0.004906372288590089,0.001780910581666087,0.6859151892521478
Optimized,pure_NH3_350K,1.3125000000000002,2024.6617898484828,3.5133694505200473e-09,0.30408137766471577,0.0012254616269272718,3.160987185093023e-08,0.0018594919596859754,0.004828487799627957,0.0017377432008871116,0.6859488693315481
Optimized,pure_NH3_350K,1.375,2025.5134341203086,3.4992789334055062e-09,0.3042078195626763,0.0012237949163462615,3.158243693723142e-08,0.001826167680794233,0.004756521204985232,0.0016982303559124952,0.6859800543154122
Optimized,pure_NH3_350K,1.4375,2026.294342290566,3.485392090826982e-09,0.30432423913495793,0.001222160038177131,3.1554470219703336e-08,0.0017954138099275443,0.004689886736260917,0.0016619995661936143,0.6860089986606296
Optimized,pure_NH3_350K,1.5,2027.0110937556476,3.4717539449009747e-09,0.3044315694830641,0.0012205555052749008,3.15263523292839e-08,0.001767002622035144,0.0046280784693280355,0.001628752725826677,0.6860359237957676
Optimized,pure_NH3_350K,1.625,2028.2670341927787,3.4453455333798e-09,0.30462115316008126,0.001217435027381496,3.147166641292482e-08,0.0017167001315964668,0.004517658732786804,0.001570558511705307,0.6860842925341019
Optimized,pure_NH3_350K,1.7500000000000002,2029.35261777774,3.42056139052033e-09,0.30478579897667085,0.0012144036689838808,3.141627980031238e-08,0.0016729022380475792,0.0044211414730288235,0.0015203112705755367,0.6861267095355538
Optimized,pure_NH3_350K,1.8750000000000002,2030.2964104411599,3.3975041184268733e-09,0.3049295389940536,0.0012114521231050917,3.136124341694243e-08,0.0016345890108952696,0.0043363563907237645,0.0014767007900463654,0.6861641204830042
Optimized,pure_NH3_350K,2.0,2031.1193445897577,3.3761151724646946e-09,0.30505542427781135,0.0012085741629600623,3.1307716500980674e-08,0.0016009867794153417,0.004261584908758256,0.0014387630502505607,0.6861972851705446
Optimized,pure_NH3_350K,2.25,2032.4436804293846,3.337989169398288e-09,0.3052600414630877,0.0012030325606467982,3.121194379078666e-08,0.0015463441156210905,0.004138053697331,0.0013780682167837156,0.6862527271064041
Optimized,pure_NH3_350K,2.5,2033.5017878397382,3.3056941913029454e-09,0.30542400065440817,0.0011976852491739356,3.112215908269224e-08,0.0015025780087029375,0.004038562527257114,0.0013298970039952748,0.6862976839400308
Optimized,pure_NH3_350K,2.75,2034.3574018500444,3.2786202830504717e-09,0.3055567041592162,0.0011925056471893446,3.103959150371128e-08,0.0014672242438961167,0.003957823961230952,0.001291267246569027,0.6863344353880604
Optimized,pure_NH3_350K,3.0,2035.0541675573584,3.2561414663779023e-09,0.30566466536633036,0.0011874837977418702,3.096488898112834e-08,0.0014385603153582937,0.003892125237567279,0.0012601220723797762,0.6863645840463009
Optimized,pure_NH3_350K,3.4999999999999996,2036.0487235646924,3.2232425627237514e-09,0.30581851672029814,0.0011779920563191792,3.084636816100706e-08,0.0013981053494566545,0.0037983366928496,0.0012166385894501989,0.686408427623652
Optimized,pure_NH3_350K,4.25,2036.955103776545,3.1993251000339087e-09,0.30595310534737125,0.0011658982435013097,3.071115528204478e-08,0.0013633940987625025,0.003721390921251347,0.0011782212749787179,0.6864446302952618
Optimized,pure_NH3_350K,5.0,2036.955103776545,3.199325100044499e-09,0.305953105348384,0.001165898243505169,3.0711155282146446e-08,0.0013633940987670156,0.003721390921263666,0.0011782212749826182,0.6864446302942239
Full,NH3_H2_0.8_0.2_350K,0.0,350.0,0.17065155410642474,0.024706058902396515,4.953350459111457e-05,5.131273067804243e-05,4.788125126716381e-10,0.03469454526375756,0.1555618331645372,0.61426152753865
Full,NH3_H2_0.8_0.2_350K,0.003906250000000001,371.64978182589965,0.1682740210595006,0.028673473442241994,5.834675176943798e-05,6.32289052359642e-05,5.335439368443767e-10,0.03413661601683108,0.1542179635722693,0.6145479017455155
Full,NH3_H2_0.8_0.2_350K,0.007812500000000002,395.45417308812677,0.16567155572730352,0.033012121564623687,6.829305385289704e-05,7.717860140309732e-05,7.721996402000413e-10,0.03357701927196956,0.1527009458709188,0.6148588860452454
Full,NH3_H2_0.8_0.2_350K,0.011718750000000002,421.41931642019074,0.16284631222909446,0.03771439537943234,7.944356630832435e-05,9.334401096189104e-05,1.2470051308355476e-09,0.033017492104892236,0.15100479671260117,0.6152038659887703
Full,NH3_H2_0.8_0.2_350K,0.015625000000000003,449.5305795465352,0.15980183447911445,0.04276971526471816,9.188104152419227e-05,0.00011190049747505183,2.0712959799884488e-09,0.032459532924022316,0.14912470143236342,0.6155928669654901
Full,NH3_H2_0.8_0.2_350K,0.017578125000000003,464.4011167162809,0.1581971078135503,0.045428617319128096,9.862945991183341e-05,0.00012215514824986417,2.68886907963672e-09,0.03218148973456362,0.14811282198687012,0.6158076415810408
Full,NH3_H2_0.8_0.2_350K,0.019531250000000003,479.81233411407175,0.15653769500598616,0.048173580122228624,0.00010575396857626622,0.00013310143707589723,3.477529960094012e-09,0.03190431179988278,0.14705182792540641,0.6160379650496725
Full,NH3_H2_0.8_0.2_350K,0.021484375000000003,495.7578493698421,0.15482429002202874,0.051002736053533275,0.00011327304308531697,0.0001447608139277554,4.4785734904359405e-09,0.03162812774852867,0.14594134451902263,0.6162852040533274
Full,NH3_H2_0.8_0.2_350K,0.023437500000000003,512.2306827193098,0.15305759846137243,0.05391419340657418,0.00012120787821811656,0.0001571541078677262,5.7433051739426214e-09,0.031353051977945016,0.14478104082112872,0.6165507047051132
Full,NH3_H2_0.8_0.2_350K,0.025390625,529.2233859652042,0.15123832811075494,0.0569060563539399,0.00012958286736836465,0.00017030152020312123,7.335561407139913e-09,0.031079185514456986,0.14357062418408478,0.6168357859456337
Full,NH3_H2_0.8_0.2_350K,0.027343750000000003,546.7281588990144,0.14936718099973043,0.05997644142677106,0.00013842611988037264,0.00018422261965184508,9.335163229835102e-09,0.030806616946224125,0.14230983540805014,0.617141734160655
Full,NH3_H2_0.8_0.2_350K,0.029296875000000003,564.7369513059443,0.14744484683941728,0.06312349070895337,0.0001477700137150258,0.00019893633875962995,1.184257712201079e-08,0.030535423404467528,0.14099844458794555,0.6174697989059212
Full,NH3_H2_0.8_0.2_350K,0.03125000000000001,583.241549197553,0.145471997677115,0.06634538203262588,0.00015765177742366657,0.00021446097127065378,1.498523788344755e-08,0.03026567157454119,0.13963624769766658,0.6178211896098783
Full,NH3_H2_0.8_0.2_350K,0.03320312500000001,602.2336440037104,0.1434492836070806,0.06964033645295889,0.0001681140887994817,0.00023081416993270758,1.8926169497959295e-08,0.02999741872346329,0.13822306397393377,0.6181970731034724
Full,NH3_H2_0.8_0.2_350K,0.03515625000000001,621.7048838013178,0.1413773293464011,0.07300662332122411,0.00017920566795674508,0.00024801294468375736,2.3875764638490996e-08,0.029730713736673867,0.13675873413893114,0.6185985718333383
Full,NH3_H2_0.8_0.2_350K,0.037109375000000014,641.646905588787,0.13925673151761164,0.07644256321571229,0.00019098182909213095,0.00026607366071074493,3.0107856234171166e-08,0.029465598160765764,0.135243119524131,0.6190267626052878
Full,NH3_H2_0.8_0.2_350K,0.03906250000000001,662.0513479887857,0.13708805646342426,0.07994652900298181,0.00020350494072097307,0.0002850120362797093,3.7981525674394483e-08,0.029202107253849204,0.13367610210347983,0.619482675729521
Full,NH3_H2_0.8_0.2_350K,0.04101562500000001,682.9098438057807,0.1348718384780104,0.0835169452099363,0.00021684473110241691,0.0003048431394464943,4.797041578349334e-08,0.02894027104691177,0.13205758543149632,0.619967294436316
Full,NH3_H2_0.8_0.2_350K,0.04296875000000001,704.213992493073,0.1326085783441187,0.08715228588445958,0.00023107837130377696,0.00032558138294115017,6.070156404357827e-08,0.02868011542178858,0.1303874963762535,0.6204815544653699
Full,NH3_H2_0.8_0.2_350K,0.04492187500000001,725.9553128919499,0.13029874215520287,0.09085107101404762,0.00024629027776780943,0.00034724051521383597,7.700542561866425e-08,0.028421663209319353,0.12866578749502272,0.6210263437257256
Full,NH3_H2_0.8_0.2_350K,0.04687500000000001,748.1251774718959,0.12794276042956154,0.09461186156961278,0.0002625716072993386,0.0003698336053493564,9.797417753342102e-08,0.028164935309421792,0.12689243979111792,0.6216025019530904
Full,NH3_H2_0.8_0.2_350K,0.04785156250000001,759.3695370264236,0.1267474996528893,0.09651517103568229,0.0002711520699748958,0.00038148688816479274,1.1073891316447224e-07,0.028037223909499663,0.12598628940768644,0.6219026780203607
Full,NH3_H2_0.8_0.2_350K,0.048828125,770.7188627024453,0.125540729038345,0.0984336111213163,0.0002800406912106005,0.0003933821101471541,1.252638585311856e-07,0.027909952847686156,0.12506707099651115,0.6222111084607151
Full,NH3_H2_0.8_0.2_350K,0.0498046875,782.1720092496164,0.1243224870936959,0.10036701479725228,0.00028925073085526754,0.0004055208914659693,1.4181153203636013e-07,0.0277831250761934,0.12413478426628906,0.6225278914595963
Full,NH3_H2_0.8_0.2_350K,0.05078125,793.7277031170993,0.1230928245069774,0.10231519720178514,0.00029879530577005844,0.0004179045004193303,1.6067832432526143e-07,0.027656743136993036,0.12318944752255834,0.6228531117658115
Full,NH3_H2_0.8_0.2_350K,0.0517578125,805.3847404175502,0.12185177515227588,0.10427799346272147,0.000308688159516008,0.00043053445574775095,1.8220452806543424e-07,0.027530810197153626,0.12223106500603731,0.62318686133416
Full,NH3_H2_0.8_0.2_350K,0.052734375,817.1417803883552,0.12059938568312369,0.10625521987822445,0.00031894278203095275,0.00044341190331659394,2.0677682565516431e-07,0.027405329060592048,0.12125966031185312,0.6235292179961504
Full,NH3_H2_0.8_0.2_350K,0.05371093750000001,828.9975448012596,0.11933568574233944,0.10824671220756663,0.00032957329004323926,0.00045653824543767543,2.348400823900437e-07,0.02728030324495155,0.12027524260103468,0.6238802672580211
Full,NH3_H2_0.8_0.2_350K,0.05468750000000001,840.9506101526542,0.11806071844676513,0.11025228632991095,0.0003405934654772223,0.00046991448820655227,2.668998258150865e-07,0.0271557359467691,0.1192778410915298,0.6242400798003349
Full,NH3_H2_0.8_0.2_350K,0.05566406250000001,852.9996077049916,0.11677450988222067,0.1122717768568288,0.00035201775890488906,0.0004835418957229247,3.035386232661008e-07,0.027031631158885152,0.11826747026965408,0.6246087343685769
Full,NH3_H2_0.8_0.2_350K,0.05664062500000001,865.143015411045,0.1154771004386641,0.11430499740683542,0.0003638602503130608,0.0004974213093358481,3.454204777167942e-07,0.026907992587518338,0.11724416536100249,0.6249862941574397
Full,NH3_H2_0.8_0.2_350K,0.05761718750000001,877.3793577023805,0.1141685136845921,0.11635177937628116,0.0003761357855692528,0.0005115538241599185,3.933173770827854e-07,0.026784824809710703,0.1162079466862129,0.6253728307176508
Full,NH3_H2_0.8_0.2_350K,0.05859375000000001,889.7069981538675,0.1128487885230302,0.11841193195849012,0.00038885886087783317,0.0005259400815671398,4.481267074202698e-07,0.0266621321405255,0.11515885602099761,0.6257683992877422
Full,NH3_H2_0.8_0.2_350K,0.060546875000000014,914.628214793515,0.11017614660944205,0.12257158838168322,0.00041568731565411323,0.0005554733062806648,5.816359913239507e-07,0.02641818596915552,0.11302232098860909,0.6265867427593451
Full,NH3_H2_0.8_0.2_350K,0.06250000000000001,939.8906777262105,0.10745972434892746,0.12678202051590037,0.0004444702231949872,0.0005860139614163452,7.562862585164967e-07,0.026176197760354323,0.11083534943759688,0.6274413821332889
Full,NH3_H2_0.8_0.2_350K,0.06445312500000001,965.4795017195471,0.10469978595765951,0.1310416571459323,0.00047534104754323953,0.0006175634800521096,9.847106669321505e-07,0.02593621663704096,0.10859833615997071,0.6283326422503394
Full,NH3_H2_0.8_0.2_350K,0.06640625000000001,991.3784972903562,0.10189664639696352,0.135348815275402,0.0005084458031186,0.0006501200792837529,1.2834448908835492e-06,0.025698297664478138,0.10631176054711351,0.6292607654175962
Full,NH3_H2_0.8_0.2_350K,0.06835937500000001,1017.570049357467,0.09905070319669988,0.13970166909499088,0.0005439467236658681,0.0006836778766428226,1.6739069875316513e-06,0.02546250145846031,0.1039762061330404,0.6302259008205465
Full,NH3_H2_0.8_0.2_350K,0.07031250000000001,1044.035285495968,0.09616247517905371,0.14409821443299478,0.0005820254141968852,0.0007182257877377352,2.1833093479456687e-06,0.025228893334344832,0.10159238558489447,0.6312280918626576
Full,NH3_H2_0.8_0.2_350K,0.07128906250000001,1057.3639377131253,0.09470272475835122,0.14631208189039374,0.0006021116612628671,0.0007358653634996857,2.495037690531122e-06,0.025112938673344205,0.10038265057335045,0.6317430835227268
Full,NH3_H2_0.8_0.2_350K,0.07226562500000003,1070.753829401024,0.09323259424664818,0.14853609727494896,0.0006229278921700042,0.0007537482030541455,2.85054395240133e-06,0.02499755829529141,0.0991610722834701,0.6322674046200226
Full,NH3_H2_0.8_0.2_350K,0.07324218750000003,1084.2021894223305,0.0917521989612592,0.1507699440743592,0.0006445037801369706,0.000771870909245092,3.25594125059468e-06,0.02488276134437265,0.0979277833455003,0.6328010306338518
Full,NH3_H2_0.8_0.2_350K,0.07421875000000003,1097.7060700104792,0.09026168842712418,0.1530132694601682,0.0006668691546198625,0.0007902290731301326,3.7179077482754413e-06,0.02476855604420616,0.09668294969189653,0.6333439126760813
Full,NH3_H2_0.8_0.2_350K,0.07519531250000003,1111.2624849482584,0.08876121544612393,0.15526571538055084,0.0006900562333377873,0.0008088179507209184,4.24391068917122e-06,0.02465495117087148,0.09542673491499928,0.6338960054762328
Full,NH3_H2_0.8_0.2_350K,0.07617187500000003,1124.868270074534,0.08725097088254914,0.15752688503172654,0.0007140970450188987,0.0008276316642474768,4.842169609245882e-06,0.024541954285018125,0.09415933814867256,0.6344572380859802
Full,NH3_H2_0.8_0.2_350K,0.07714843750000003,1138.5202070525925,0.08573115364588642,0.15979637193079277,0.0007390257782908654,0.0008466638451695871,5.521865488890397e-06,0.024429573204695337,0.09288095940085654,0.6350275415524708
Full,NH3_H2_0.8_0.2_350K,0.07812500000000001,1152.2148988506947,0.08420200459789329,0.1620737285498287,0.0007648759387829848,0.0008659068611542946,6.293056639588082e-06,0.0243178141481166,0.09159183641769765,0.6356068198834455
Full,NH3_H2_0.8_0.2_350K,0.0791015625,1165.948877766811,0.08266377776862803,0.16435849304031885,0.0007916828246972992,0.0008853524146961362,7.166918262951439e-06,0.024206683192456422,0.09029221123444696,0.6361949772113275
Full,NH3_H2_0.8_0.2_350K,0.080078125,1179.7184974684037,0.08111677299235888,0.16665016042345357,0.00081948042181135,0.0009049908078997371,8.155617287102756e-06,0.02409618433399274,0.08898236568130458,0.6367918892284132
Full,NH3_H2_0.8_0.2_350K,0.0810546875,1193.52002404646,0.0795613086674309,0.16894820667149085,0.0008483040161963351,0.0009248114849318706,9.27259426382029e-06,0.02398632091411394,0.08766258941100659,0.6373974296398492
Full,NH3_H2_0.8_0.2_350K,0.08203125000000001,1207.3495462119995,0.07799775265915881,0.17125206289479497,0.0008781868435425977,0.0009448023485610368,1.0532388897880143e-05,0.02387709361062605,0.08633321367828595,0.6380114423014289
Full,NH3_H2_0.8_0.2_350K,0.08300781250000001,1221.2030481549998,0.07642649693557131,0.17356113648281296,0.000909162847218899,0.0009649502336670302,1.1950972046748236e-05,0.023768501809182753,0.0849945811180874,0.6386337667529826
Full,NH3_H2_0.8_0.2_350K,0.08398437500000001,1235.0763394005387,0.0748479862270342,0.17587478874819898,0.00094126311088813,0.0009852402914212299,1.3545510435253882e-05,0.02366054154927703,0.08364707741335758,0.6392642113098911
Full,NH3_H2_0.8_0.2_350K,0.08496093750000001,1248.965108222052,0.0732626948862614,0.17819235282832485,0.0009745187659334517,0.0010056563804648909,1.533475672935895e-05,0.023553206817079758,0.08229110310384942,0.6399025774683093
Full,NH3_H2_0.8_0.2_350K,0.08593750000000001,1262.864872507443,0.07167115274973024,0.18051311525633243,0.0010089572491076176,0.0010261805367753028,1.7338740732083295e-05,0.0234464874818544,0.0809271027397586,0.6405486342245335
Full,NH3_H2_0.8_0.2_350K,0.08691406250000001,1276.7710124213502,0.07007392458579347,0.18283633032058114,0.0010446053570258651,0.0010467932687617156,1.957922664578834e-05,0.023340370484043017,0.0795555390068556,0.6412021411411882
Full,NH3_H2_0.8_0.2_350K,0.08789062500000001,1290.6787434240518,0.06847163257598723,0.1851612060214162,0.0010814853816740549,0.0010674731329531472,2.20793178273115e-05,0.023234837811301215,0.07817691896132119,0.6418628241835754
Full,NH3_H2_0.8_0.2_350K,0.08886718750000001,1304.5831268686509,0.0668649387179538,0.18748691459153544,0.0011196183029621046,0.0010881969194015467,2.4863991998152105e-05,0.02312986755425031,0.07679177075017218,0.6425303972409964
Full,NH3_H2_0.8_0.2_350K,0.08984375000000001,1318.47906612738,0.0652545633290332,0.1898125832728765,0.0011590198651416058,0.0011089393553800437,2.795960739016184e-05,0.02302543198610607,0.07540066652483693,0.643204539784866
Full,NH3_H2_0.8_0.2_350K,0.09082031250000001,1332.3612938826802,0.06364127077202825,0.19213730070822857,0.0011997038905249518,0.0011296731679213134,3.1394528705847675e-05,0.022921498457310084,0.07400420202944652,0.6438849166407085
Full,NH3_H2_0.8_0.2_350K,0.09179687500000001,1346.2243922057798,0.0620258833945904,0.19446011292705664,0.0012416783664652119,0.0011503689393383264,3.51985239759328e-05,0.02281802765721405,0.07260301581303062,0.6445711577749811
Full,NH3_H2_0.8_0.2_350K,0.09277343750000001,1360.062755518897,0.06040927093465394,0.1967800253382205,0.0012849488561049642,0.001170995034620728,3.94034962332506e-05,0.022714974318701245,0.07119777193952045,0.6452628761222753
Full,NH3_H2_0.8_0.2_350K,0.09375000000000001,1373.870635434169,0.05879235934124164,0.19909600425311197,0.0013295146694188218,0.0011915176335990014,4.4042762280500734e-05,0.02261228575417381,0.0697891751500559,0.6459596498068528
Full,NH3_H2_0.8_0.2_350K,0.09472656250000001,1387.6420787651775,0.05717612420224014,0.20140697423637247,0.0013753723385044668,0.0012119005120447847,4.915190640242709e-05,0.022509902341773243,0.06837795693087262,0.6466610378350092
Full,NH3_H2_0.8_0.2_350K,0.09570312500000001,1401.3709981046047,0.05556159395601824,0.2037118254185213,0.001422511944068016,0.0012321052753319602,5.4767933863386936e-05,0.022407756438799168,0.06696488633103297,0.6473665650397707
Full,NH3_H2_0.8_0.2_350K,0.0966796875,1415.0510848015767,0.05394984765555472,0.2060094060034765,0.0014709206153977943,0.0012520909834916225,6.093026299494556e-05,0.02230577262292406,0.06555075959455435,0.6480757354639888
Full,NH3_H2_0.8_0.2_350K,0.09765625,1428.6759064226376,0.05234201216634899,0.20829853553510377,0.0015205790774019934,0.0012718146099413036,6.767974646681444e-05,0.022203867093371604,0.06413640640358964,0.6487880202942846
Full,NH3_H2_0.8_0.2_350K,0.0986328125,1442.2387952061272,0.050739264541516,0.21057799241645703,0.0015714651272189363,0.0012912305023872687,7.505981579447417e-05,0.02210194764293343,0.06272268325002751,0.6495028687757922
Full,NH3_H2_0.8_0.2_350K,0.099609375,1455.732973682035,0.04914282290934579,0.2128465332017302,0.0016235504543971506,0.0013102910875908565,8.31153617674587e-05,0.021999913658498762,0.06131047495552203,0.6502196993647975
Full,NH3_H2_0.8_0.2_350K,0.1005859375,1469.151419610027,0.04755395367275896,0.2151028750533443,0.001676804040332412,0.0013289461618990854,9.189404072402052e-05,0.02189765580313472,0.0599006919130454,0.6509379080450344
Full,NH3_H2_0.8_0.2_350K,0.1015625,1482.487020908621,0.04597395591246338,0.21734572102930816,0.0017311892891928007,0.0013471438587448201,0.00010144500230107017,0.021795056721639488,0.05849426682347751,0.6516568628874125
Full,NH3_H2_0.8_0.2_350K,0.1025390625,1495.732418404633,0.04440417354189743,0.2195737374916997,0.0017866672917799485,0.0013648297650425243,0.00011182036064470656,0.021691990415903643,0.057092155885639456,0.6523759096717219
Full,NH3_H2_0.8_0.2_350K,0.103515625,1508.8801908118878,0.04284597318040678,0.22178558526126488,0.0018431942867598878,0.001381948162793098,0.00012307375446337667,0.02158832374719791,0.055695330782735794,0.6530943699900995
Full,NH3_H2_0.8_0.2_350K,0.1044921875,1521.9226766757913,0.04130076129282055,0.22397989208274158,0.0019007247307302705,0.001398440970464201,0.00013526198190056153,0.021483915492998367,0.054304783833748684,0.6538115441254818
Full,NH3_H2_0.8_0.2_350K,0.10546875,1534.8521893501133,0.039769955628050135,0.2261552894053664,0.001959209092686416,0.0014142492633097774,0.00014844338002627217,0.021378618715457355,0.05292151535728419,0.6545267127789384
Full,NH3_H2_0.8_0.2_350K,0.10644531250000001,1547.6608194570185,0.038255007257612134,0.22831038010571597,0.002018596675003718,0.0014293120428201366,0.00016267962746973748,0.0212722794950568,0.051546542721835405,0.6552391372074158
Full,NH3_H2_0.8_0.2_350K,0.10742187500000001,1560.3406788522916,0.03675736582522648,0.23044378053180742,0.002078833728056477,0.0014435680334069563,0.00017803395155492765,0.021164740207279747,0.050180883303098466,0.655948064588129
Full,NH3_H2_0.8_0.2_350K,0.10839843750000001,1572.8836847623343,0.03527850630518128,0.2325540837368267,0.002139865974505672,0.0014569542875057222,0.00019457314217310754,0.02105583794072545,0.048825567288520555,0.6566527254731379
Full,NH3_H2_0.8_0.2_350K,0.10937500000000001,1585.2818305816381,0.033819888516082273,0.23463990622870887,0.0022016370185361013,0.0014694082485455847,0.0002123656772545033,0.02094540869706244,0.04748161653103748,0.6573523427220536
Full,NH3_H2_0.8_0.2_350K,0.11035156250000001,1597.5269527380992,0.032382988398904744,0.23669984691396467,0.0022640905344955154,0.0014808662052433526,0.00023148413794522697,0.020833285530119837,0.04615006087534567,0.6580461263739631
Full,NH3_H2_0.8_0.2_350K,0.11132812500000001,1609.6110249168842,0.030969252581059818,0.23873253761591548,0.002327168934107467,0.001491265604084782,0.0002520036158641519,0.0207193036808906,0.044831913283076605,0.6587332859700791
Full,NH3_H2_0.8_0.2_350K,0.11328125000000001,1633.275036106294,0.02821518221242322,0.24271266084184465,0.002455037260923919,0.0015087107961112194,0.00029748059510219824,0.020485269842057563,0.0422385023983975,0.6600855104838085
Full,NH3_H2_0.8_0.2_350K,0.11523437500000001,1656.203920190546,0.025570031007727752,0.2465683796705758,0.0025847057397537358,0.001521228756118223,0.00034943065567946696,0.020241903344951157,0.039710211341445374,0.6614020942073833
Full,NH3_H2_0.8_0.2_350K,0.11621093750000001,1667.3679926418945,0.024292430671877762,0.24844549915435332,0.0026500426870179014,0.0015254636164331837,0.0003780519441634759,0.020116292191671607,0.03847350916065578,0.6620446359975606
Full,NH3_H2_0.8_0.2_350K,0.11718750000000001,1678.3243171183549,0.02304606821503544,0.25028761843768244,0.0027156659391156675,0.0015282868468245517,0.00040852556413002787,0.019987930862263636,0.03725600092043646,0.6626758886637963
Full,NH3_H2_0.8_0.2_350K,0.11914062500000001,1699.5956423960463,0.02065015775026703,0.25386395769740455,0.002847620158689668,0.0015295560345089125,0.0004752713421544767,0.01972261514951455,0.03488081379137504,0.6639025174303256
Full,NH3_H2_0.8_0.2_350K,0.12109375000000003,1719.9592555839579,0.018391532558777197,0.25728779575524424,0.0029800682242655608,0.001524672686006883,0.0005502668205525786,0.01944515989068207,0.032591904193768444,0.6650761175971068
Full,NH3_H2_0.8_0.2_350K,0.12207031250000003,1729.7808819740505,0.01731651962401696,0.2589393844273569,0.003046312050374878,0.0015198129151803002,0.000591034135631685,0.01930173203324414,0.031482207081933104,0.6656411237715886
Full,NH3_H2_0.8_0.2_350K,0.12304687500000003,1739.3566480622117,0.016278489101553287,0.2605499082411977,0.0031125203028739717,0.0015133022042358394,0.0006340440363524768,0.019155147246528025,0.030396377358177882,0.6661909784042511
Full,NH3_H2_0.8_0.2_350K,0.12402343750000003,1748.6815078010093,0.015278066330270157,0.26211858693354295,0.0031786385686110447,0.0015051185055488898,0.0006793440084205208,0.019005413184258784,0.029335042830700642,0.6667251763643841
Full,NH3_H2_0.8_0.2_350K,0.12500000000000003,1757.7510627415281,0.014315735104435252,0.26364475212394967,0.0032446113679265942,0.0014952474023603563,0.0007269710442650947,0.018852565596979183,0.028298761834323498,0.6672432753933518
Full,NH3_H2_0.8_0.2_350K,0.12597656250000003,1766.5612888609803,0.013391882922858462,0.2651277970306929,0.003310381703508195,0.0014836802242533425,0.0007769535331076752,0.018696664613104246,0.027288052984186392,0.667744878816917
Full,NH3_H2_0.8_0.2_350K,0.12695312500000003,1775.1088681901986,0.012506747426743592,0.26656723469754695,0.0033758907457049616,0.0014704167322992943,0.000829306938325249,0.01853779993780729,0.026303361130757968,0.6682296592882281
Full,NH3_H2_0.8_0.2_350K,0.12792968750000003,1783.3909235860299,0.011660461411386252,0.2679626490631058,0.003441077263291021,0.00145546328935468,0.0008840356583499505,0.018376086900259016,0.025345086833178338,0.66869734097436
Full,NH3_H2_0.8_0.2_350K,0.12890625000000003,1791.4053307714778,0.010853004077936861,0.2693137498675892,0.003505877498759179,0.0014388353031543966,0.0009411288014948509,0.018211670456803646,0.024413554053063287,0.6691477216928204
Full,NH3_H2_0.8_0.2_350K,0.12988281250000003,1799.150462573756,0.010084245538176592,0.27062032535494235,0.003570224559241966,0.0014205554622566954,0.0010005621146435778,0.018044721013296898,0.023509038990547498,0.6695806547098109
Full,NH3_H2_0.8_0.2_350K,0.13085937500000003,1806.6254761287234,0.009353903864379632,0.2718822929830784,0.003634048542516327,0.0014006558718850624,0.0010622940409810795,0.017875437064755178,0.022631740021243987,0.6699960686432658
Full,NH3_H2_0.8_0.2_350K,0.13183593750000003,1813.8300676449417,0.008661588785863518,0.2730996539796705,0.0036972759762689223,0.001379176353111363,0.00112626779811878,0.01770404082652939,0.021781805591089876,0.6703939490288422
Full,NH3_H2_0.8_0.2_350K,0.13281250000000003,1820.7647303296028,0.00800676517647949,0.27427253913885247,0.0037598302596023613,0.0013561662094825093,0.0011924078839198901,0.017530779438398557,0.0209593068029527,0.6707743555212782
Full,NH3_H2_0.8_0.2_350K,0.13378906250000003,1827.430520465292,0.0073887955540793675,0.27540116543361554,0.003821631235014691,0.0013316825784583217,0.0012606223508744782,0.017355920474800578,0.02016426410530328,0.6711374034292259
Full,NH3_H2_0.8_0.2_350K,0.13476562500000003,1833.8292828356366,0.006806910215238354,0.27648587642392713,0.003882595997973372,0.0013057917781567048,0.0013307998614054991,0.01717975174953727,0.01939662280869488,0.6714832779565307
Full,NH3_H2_0.8_0.2_350K,0.13574218750000003,1839.9634287681592,0.006260248037113006,0.2775271011557281,0.003942638668830819,0.0012785676969772862,0.0014028121119385771,0.01700257680896559,0.018656278348621307,0.6718122159674396
Full,NH3_H2_0.8_0.2_350K,0.13671875000000003,1845.8361274002823,0.005747833003846079,0.27852538903911067,0.004001671595662585,0.0012500926906796172,0.0014765113768862182,0.016824713470582977,0.017943054882204504,0.6721245172459184
Full,NH3_H2_0.8_0.2_350K,0.13867187500000003,1856.8103401302953,0.00482240116468056,0.28039537261462294,0.0041164534216539496,0.001189656314715864,0.0016284833961212873,0.016467879029718076,0.016597083605639922,0.6727003305270969
Full,NH3_H2_0.8_0.2_350K,0.14062500000000003,1866.7971641514098,0.0040197983983222,0.28210308481775703,0.004226155983959244,0.0011254051480688444,0.001785121098116227,0.01611229505366814,0.015355485769967306,0.6732148520901216
Full,NH3_H2_0.8_0.2_350K,0.14257812500000003,1875.8426231924225,0.003329894105243382,0.2836559301542917,0.004330089013238606,0.001058216721825851,0.0019447973534713846,0.015760658716883855,0.014214975565379642,0.6736719860328947
Full,NH3_H2_0.8_0.2_350K,0.14453125000000006,1884.0003103087147,0.0027420050213192836,0.28506239874079375,0.004427622259384281,0.0009890270091007125,0.002105739634648635,0.0154155737828628,0.01317156143154324,0.6740760582924437
Full,NH3_H2_0.8_0.2_350K,0.14550781250000006,1887.7680771568764,0.0024822830234488527,0.28571414707982845,0.004473784508663668,0.0009540444619567447,0.002185996301441061,0.015246406750660163,0.012684604782741058,0.6742598918763721
Full,NH3_H2_0.8_0.2_350K,0.14648437500000006,1891.3355039025812,0.0022441006364531993,0.2863326994887124,0.004518146430789166,0.00091892038778657,0.0022658659341591586,0.015079764397981662,0.012220310149815325,0.6744320876984395
Full,NH3_H2_0.8_0.2_350K,0.14746093750000006,1894.7107282610127,0.002026105595820596,0.28691932066632997,0.004560661823338213,0.0008837736708029564,0.0023451085378489887,0.014915906549292654,0.011778032139746505,0.6745932326158512
Full,NH3_H2_0.8_0.2_350K,0.14843750000000006,1897.902083552218,0.0018269694033573461,0.28747529907972064,0.0046012947438229266,0.0008487204626512616,0.0024234910920067857,0.014755071958426283,0.01135709914087373,0.6747439123043529
Full,NH3_H2_0.8_0.2_350K,0.14941406250000006,1900.9179751478719,0.0016454032876290485,0.2880019261307476,0.004640019357723461,0.0008138730815063319,0.0025007897641863377,0.014597477764391792,0.010956825924711045,0.6748847029378662
Full,NH3_H2_0.8_0.2_350K,0.15039062500000006,1903.7668882118312,0.0014801560633494932,0.2885005015306413,0.004676820974714013,0.0007793390019973944,0.002576790915832919,0.014443317354889193,0.01057650941443892,0.6750161719391682
Full,NH3_H2_0.8_0.2_350K,0.15136718750000006,1906.4572802437865,0.0013300263721826102,0.28897231522731837,0.004711695528408211,0.0007452200161360624,0.002651293300344292,0.014292760673780946,0.01021543956076829,0.6751388714681711
Full,NH3_H2_0.8_0.2_350K,0.15234375000000006,1908.9975802857568,0.001193860581255953,0.28941865104746034,0.004744650111578851,0.0007116113616303431,0.002724109156435005,0.014145952802123263,0.009872896322498308,0.6752533391624427
Full,NH3_H2_0.8_0.2_350K,0.15332031250000006,1911.3960984585444,0.0010705615277219428,0.28984077162352406,0.004775702099671855,0.0006786011774463906,0.002795065953634165,0.014003014967814236,0.009548158930682699,0.6753600933083225
Full,NH3_H2_0.8_0.2_350K,0.15429687500000006,1913.66102127542,0.0009590860949518111,0.2902399210788552,0.004804879211549512,0.0006462698410903367,0.0028640072282709646,0.01386404379590671,0.009240503782259806,0.6754596337101886
Full,NH3_H2_0.8_0.2_350K,0.15527343750000003,1915.800338235794,0.0008584508957367331,0.2906173129021979,0.004832218340684143,0.0006146897279565432,0.0029307937018154162,0.013729112867229118,0.008949212219859214,0.6755524383148701
Full,NH3_H2_0.8_0.2_350K,0.15625000000000003,1917.8218368287153,0.0007677294043763762,0.29097413219181756,0.004857765223615432,0.0005839247945996832,0.0029953037007472766,0.013598272553541341,0.008673569075923714,0.6756389642462057
Full,NH3_H2_0.8_0.2_350K,0.15722656250000003,1919.733045637512,0.0006860551110828608,0.2913115262721121,0.0048815730816288705,0.000554030625633333,0.0030574336084185525,0.013471551966393871,0.008412869101297406,0.6757196456179367
Full,NH3_H2_0.8_0.2_350K,0.158203125,1921.5412315821952,0.0006126182402314715,0.2916306068303138,0.004903702015460638,0.0005250542663261047,0.003117097818952543,0.0133489592636662,0.008166415938045072,0.6757948947154182
Full,NH3_H2_0.8_0.2_350K,0.1591796875,1923.2533584332673,0.0005466669307355715,0.2919324429826969,0.004924217577912745,0.000497034517962061,0.0031742285646847845,0.01323048383136515,0.007933527332492302,0.6758651007359529
Full,NH3_H2_0.8_0.2_350K,0.16015625,1924.8760878253145,0.00048750365577029367,0.2922180635013512,0.004943190025052528,0.0004700019943911188,0.003228775424243228,0.013116096931628941,0.007713534358613826,0.6759306310740324
Full,NH3_H2_0.8_0.2_350K,0.1611328125,1926.4157515975699,0.00043448495044955777,0.2924884519991074,0.004960692935283359,0.00044397961006935235,0.003280704613670431,0.01300575396899748,0.00750578555053559,0.6759918307561755
Full,NH3_H2_0.8_0.2_350K,0.162109375,1927.8783572004,0.00038701767934033905,0.2927445493515469,0.004976802436016304,0.0004189828148977584,0.0033299981058549223,0.01289939534484521,0.007309646241765748,0.6760490237813797
Full,NH3_H2_0.8_0.2_350K,0.16308593750000003,1929.2695719282235,0.00034455776272748816,0.2929872506752968,0.004991595961353609,0.00039502021057445636,0.0033766524843399062,0.012796948673073821,0.00712450175132384,0.6761025130581629
Full,NH3_H2_0.8_0.2_350K,0.16406250000000003,1930.5947326383405,0.000306606428336068,0.29321740800719487,0.00500515154520454,0.0003720939074552304,0.003420677728592334,0.012698329707892171,0.006949756746309656,0.6761525817633801
Full,NH3_H2_0.8_0.2_350K,0.16601562500000003,1933.0619900341615,0.00024285984615848117,0.2936425275014324,0.005028782663134677,0.0003293380137826804,0.0035009091371103257,0.012512287965206186,0.006629733498005019,0.6762432507276749
Full,NH3_H2_0.8_0.2_350K,0.16796875000000003,1935.3222525500023,0.00019212021514101213,0.2940267995215255,0.005048406106435349,0.0002905845472645535,0.0035711038634941754,0.012340309161791393,0.006344448805195512,0.6763232778615126
Full,NH3_H2_0.8_0.2_350K,0.16992187500000003,1937.4064088660925,0.00015182023746395705,0.29437543379470216,0.0050645887097193545,0.00025567419531401665,0.0036317417686281593,0.012181462463064247,0.006089953254345622,0.6763942748650184
Full,NH3_H2_0.8_0.2_350K,0.17187500000000003,1939.3408615263618,0.00011986142295870063,0.2946930286909488,0.005077850279776778,0.00022439944854563067,0.0036834012951149036,0.01203476923357575,0.005862650804535833,0.6764576203597289
Full,NH3_H2_0.8_0.2_350K,0.17382812500000003,1941.1479832659822,9.453974625313871e-05,0.2949836205800738,0.005088656843196516,0.00019652061926858424,0.0037267243281633913,0.011899236270826893,0.005659291929258352,0.6765144879423776
Full,NH3_H2_0.8_0.2_350K,0.17578125000000003,1942.846598073146,7.447842199040047e-05,0.29525073864175944,0.005097418259526126,0.0001717795897005216,0.0037623836414291223,0.011773881842981131,0.00547696034217298,0.6765658728056824
Full,NH3_H2_0.8_0.2_350K,0.17968750000000003,1945.9657445226787,4.680616151072524e-05,0.2957238193768301,0.005109870559300979,0.00013091263945333093,0.003812737804177857,0.011550843591827216,0.005167557333591968,0.6766547215774931
Full,NH3_H2_0.8_0.2_350K,0.18359375000000003,1948.8107501210025,2.946329288314306e-05,0.29613543884198856,0.005117810053398366,9.928132571666016e-05,0.003840749352079847,0.011357644786257079,0.0049138823863199,0.6767303797110792
Full,NH3_H2_0.8_0.2_350K,0.18750000000000003,1951.445035285506,1.8577369235195914e-05,0.2965000112700914,0.005122745529475206,7.501259530482431e-05,0.003851199078898642,0.011188353969082975,0.0047027562666752875,0.6767964040148914
Full,NH3_H2_0.8_0.2_350K,0.19140625000000003,1953.9119964911124,1.1710621835060025e-05,0.2968282327928597,0.005125702993740717,5.6505306312455884e-05,0.003848141955834595,0.01103807853101442,0.004524100090162356,0.6768553003002147
Full,NH3_H2_0.8_0.2_350K,0.1953125,1956.2416071003227,7.332120184184212e-06,0.29712803264689364,0.005127368950233568,4.24428277567567e-05,0.0038348943835892673,0.010902884736834399,0.0043702694030399525,0.6769088396068335
Full,NH3_H2_0.8_0.2_350K,0.203125,1960.552517630153,3.1365920211719044e-06,0.2976601331703701,0.005128197717844614,2.4488791131647308e-05,0.003785711274612801,0.010668390339555012,0.004119744867860328,0.6770036400597064
Full,NH3_H2_0.8_0.2_350K,0.2109375,1964.5068707367407,1.3733503930994582e-06,0.2981326396307335,0.005127575020780395,1.4183940908996668e-05,0.003720813399417005,0.010464870780149913,0.003915105870078748,0.6770881679335009
Full,NH3_H2_0.8_0.2_350K,0.21875000000000003,1968.1626095915974,6.177007409913967e-07,0.298561938880717,0.005126297106673659,8.273396424112407e-06,0.0036484382011002345,0.010282500840738798,0.0037402018848883764,0.6771654384431361
Full,NH3_H2_0.8_0.2_350K,0.22656250000000003,1971.5585669289853,2.8713939437174845e-07,0.2989577410380732,0.005124722795802821,4.875445775738248e-06,0.0035732910744889737,0.01011543770456661,0.0035857374020257975,0.6772371556729919
Full,NH3_H2_0.8_0.2_350K,0.23437500000000003,1974.7236347284402,1.395033275036827e-07,0.29932610506874296,0.005123018498974184,2.9138447836977145e-06,0.003498003559981233,0.009960144865297648,0.0034462277922885525,0.6773043454584274
Full,NH3_H2_0.8_0.2_350K,0.24218750000000006,1977.6809251358904,7.220742675661858e-08,0.2996710486301073,0.005121263800123179,1.7753816551246962e-06,0.0034240125843708943,0.00981441197982837,0.003318321519251739,0.6773676707610342
Full,NH3_H2_0.8_0.2_350K,0.25000000000000006,1980.449776470607,4.092912145905335e-08,0.299995412327706,0.005119497834193549,1.1105508921187296e-06,0.003352073397386375,0.009676794755279241,0.003199878243289304,0.6774275925698441
Full,NH3_H2_0.8_0.2_350K,0.25781250000000006,1983.0468043872786,2.613039021058845e-08,0.3003013304509091,0.005117740257825905,7.195692959477333e-07,0.0032825542900610243,0.009546297670024498,0.0030894599452438577,0.6774844541435875
Full,NH3_H2_0.8_0.2_350K,0.26562500000000006,1985.4865101456792,1.9022066274316544e-08,0.3005904923308673,0.0051160010513727336,4.876999151716163e-07,0.0032156049483224535,0.009422194236390066,0.002986047364440789,0.6775385263635596
Full,NH3_H2_0.8_0.2_350K,0.27343750000000006,1987.7816698064503,1.5566017863260015e-08,0.30086429063122827,0.0051142852575954256,3.4861533581812474e-07,0.003151252765854653,0.00930392469545807,0.0028888799684694683,0.6775900328968956
Full,NH3_H2_0.8_0.2_350K,0.28125000000000006,1989.943600579139,1.3860259090511588e-08,0.30112390437272013,0.0051125953469465055,2.6358224435573967e-07,0.003089461249670204,0.009191038500947019,0.0027973642356462535,0.6776391645061659
Full,NH3_H2_0.8_0.2_350K,0.2968750000000001,1993.8979770284118,1.2904543879112698e-08,0.30160351812743813,0.005109296517392517,1.8643310206066427e-07,0.0029734791658000905,0.008980324739200216,0.0026298429255848816,0.6777308008539085
Full,NH3_H2_0.8_0.2_350K,0.31250000000000006,1997.4473477194476,1.2837133346868777e-08,0.3020388375860394,0.005106097315967436,1.53825131306846e-07,0.002866368860207773,0.008786972794033416,0.00247914588378529,0.6778147297844582
Full,NH3_H2_0.8_0.2_350K,0.32812500000000006,2000.647266541039,1.3028892371208448e-08,0.3024354157698368,0.0051029940719027065,1.385211704751013e-07,0.002767303456478315,0.008609006172175923,0.0023429782005387574,0.6778918749217752
Full,NH3_H2_0.8_0.2_350K,0.34375000000000006,2003.5435040996776,1.3293660864023423e-08,0.30279788153713677,0.005099982227149368,1.3011817635893125e-07,0.002675523375411227,0.008444760081455992,0.0022194782374183866,0.6779630118624984
Full,NH3_H2_0.8_0.2_350K,0.35937500000000006,2006.1740527417394,1.3573276572568665e-08,0.3031301362645746,0.005097057155309125,1.2456922550113545e-07,0.0025903488457802108,0.008292808842288456,0.0021071056772988964,0.6780287994352213
Full,NH3_H2_0.8_0.2_350K,0.37500000000000006,2008.570639741806,1.3848862586700401e-08,0.3034354926946378,0.005094214463121376,1.202725475240622e-07,0.002511178055945804,0.008151919592965424,0.0020045716070950645,0.6780898019169521
Full,NH3_H2_0.8_0.2_350K,0.390625,2010.7598843332628,1.4114283623923298e-08,0.3037167784130434,0.005091450110722325,1.1658319886461027e-07,0.002437479683971198,0.008021019699692041,0.00191079138537174,0.6781465056882314
Full,NH3_H2_0.8_0.2_350K,0.40625,2012.7641854573362,1.436768970221394e-08,0.303976411697473,0.005088760465714124,1.1323626450380518e-07,0.0023687854769563676,0.007899173937702342,0.001824852631425291,0.6781993319562114
Full,NH3_H2_0.8_0.2_350K,0.43750000000000006,2016.2743490261598,1.4836388416956729e-08,0.30443666722231444,0.00508359557547057,1.0723163505890494e-07,0.002245428945766597,0.007680285733158854,0.0016742137842783555,0.6782944434282768
Full,NH3_H2_0.8_0.2_350K,0.46875000000000006,2019.2856059042372,1.526581118689896e-08,0.3048358702762724,0.00507865961378215,1.0182173835952701e-07,0.0021367713531353864,0.007488359653984802,0.0015449263418383734,0.6783779439192519
Full,NH3_H2_0.8_0.2_350K,0.5000000000000001,2021.8891011746068,1.5661501695383885e-08,0.3051843638204775,0.005073928835147823,9.692299777183137e-08,0.0020405815470883604,0.0073191695211056425,0.0014332088127903115,0.6784517144080253
Full,NH3_H2_0.8_0.2_350K,0.5312500000000001,2024.1550409889378,1.6027742181420958e-08,0.30549029853841353,0.005069382714699944,9.248606295224229e-08,0.0019550744073614074,0.007169298272748962,0.001336099171114147,0.6785172535678212
Full,NH3_H2_0.8_0.2_350K,0.5625000000000001,2026.1381419016511,1.636780907718588e-08,0.3057601630117064,0.00506500369170313,8.847010371648835e-08,0.0018788020010203103,0.007035960687222702,0.0012512621061743273,0.6785757717815512
Full,NH3_H2_0.8_0.2_350K,0.5937500000000002,2027.8813592585043,1.6684101272313643e-08,0.3059991644745564,0.005060777001564574,8.483814077592534e-08,0.001810581611386032,0.006916866725000284,0.0011768466392128249,0.6786282578067315
Full,NH3_H2_0.8_0.2_350K,0.6250000000000001,2029.4184448006383,1.6978161396763864e-08,0.30621149906580547,0.005056690630836187,8.155735852176786e-08,0.001749443250100331,0.006810120092755604,0.0011113884344385362,0.6786755267147846
Full,NH3_H2_0.8_0.2_350K,0.6875000000000001,2031.9526798472282,1.749971562771854e-08,0.30656597712771655,0.005048911113785993,7.597893285438846e-08,0.0016463116588316031,0.006629049085197514,0.0010039448086148113,0.6787564318290231
Full,NH3_H2_0.8_0.2_350K,0.7500000000000001,2034.0021050766711,1.796301343583175e-08,0.3068548475540185,0.005041503179783314,7.134911863856572e-08,0.001561273365847342,0.006480191184449084,0.0009176238150135394,0.6788234385176487
Full,NH3_H2_0.8_0.2_350K,0.8125,2035.6782677874285,1.8376706759981696e-08,0.3070925328801044,0.00503440492184477,6.749569951166323e-08,0.0014906313783055835,0.006356759637640739,0.0008475956224311581,0.6788794858561378
Full,NH3_H2_0.8_0.2_350K,0.8750000000000001,2037.0620567791575,1.8746060422407265e-08,0.3072896911578646,0.005027566412923406,6.42772957637206e-08,0.0014316159972638971,0.006253639522008556,0.000790315049966919,0.6789267724746009
Full,NH3_H2_0.8_0.2_350K,0.9375000000000001,2038.2134129242538,1.9074878250523895e-08,0.30745434367281815,0.005020947220898302,6.157974882320628e-08,0.0013820982268979167,0.0061669194002294874,0.0007431452389378079,0.6789669780709919
Full,NH3_H2_0.8_0.2_350K,1.0000000000000002,2039.1774750386103,1.9366137106134175e-08,0.30759261907591634,0.005014514656096284,5.931135182894868e-08,0.0013404173343979583,0.0060935636371571185,0.0007040980975409814,0.6790014090596305
Full,NH3_H2_0.8_0.2_350K,1.0625000000000002,2039.9885093162577,1.9622185351098576e-08,0.3077092478799085,0.005008242684963954,5.73987664144854e-08,0.001305268938036168,0.0060311844380113,0.0006716619761059574,0.679031097575596
Full,NH3_H2_0.8_0.2_350K,1.1250000000000002,2040.672323817499,1.984460877380082e-08,0.3078078876754571,0.005002111578264151,5.578393902401984e-08,0.0012756322462526995,0.005977881623628844,0.0006446924595378423,0.6790568700094377
Full,NH3_H2_0.8_0.2_350K,1.25,2041.7138076039864,2.018728995453754e-08,0.30795943823517785,0.004990233481480435,5.331674269466542e-08,0.0012306407940080712,0.005893971165695159,0.000604668849715564,0.679098666012273
Full,NH3_H2_0.8_0.2_350K,1.375,2042.4935010478248,2.0442934304228445e-08,0.3080728489321222,0.004978673983864498,5.1483174150524367e-08,0.0011976199722080736,0.005830175796824229,0.0005758148521335093,0.6791315589908554
Full,NH3_H2_0.8_0.2_350K,1.5,2043.0839898340616,2.0627207061953985e-08,0.30815864601592013,0.004967363338170176,5.010914452583632e-08,0.0011733654618187412,0.0057809082918393595,0.0005550081619403991,0.6791580346557529
Full,NH3_H2_0.8_0.2_350K,1.7500000000000002,2043.8426653138056,2.0810008384677387e-08,0.3082690924968144,0.004945359643076623,4.837438462069361e-08,0.0011445905997629737,0.005714041076159518,0.0005312093093857364,0.6791970554697141
Full,NH3_H2_0.8_0.2_350K,2.0,2044.3392616222802,2.0872805434687076e-08,0.30834034255630816,0.0049237936047632335,4.7285708902228146e-08,0.0011284395372509021,0.005668676234078949,0.0005184650239188661,0.679226332443904
Full,NH3_H2_0.8_0.2_350K,2.5,2044.8943588631864,2.0783078358369595e-08,0.3084170894130139,0.004881651320192743,4.618039915112852e-08,0.0011173465508220238,0.005614293334776849,0.0005113524702672032,0.6792682954519275
Full,NH3_H2_0.8_0.2_350K,3.0,2045.260463549879,2.0605450095130018e-08,0.3084646494491169,0.004840235962400939,4.5547662032276174e-08,0.0011154633299820247,0.0055771643430701555,0.0005120765522404532,0.6793020547199706
Full,NH3_H2_0.8_0.2_350K,3.4999999999999996,2045.545684442855,2.039986916002148e-08,0.3084995675200347,0.004799680038642342,4.511559071970371e-08,0.0011172794347868368,0.0055482513994190566,0.000515892171100583,0.6793316134008325
Full,NH3_H2_0.8_0.2_350K,4.25,2045.8867897619164,2.0120195220211566e-08,0.3085384881340915,0.004744451268343279,4.4657856477084295e-08,0.0011219809062473403,0.005516823442396892,0.0005227597956421882,0.6793679818692682
Full,NH3_H2_0.8_0.2_350K,5.0,2045.8867897619164,2.0120195223641623e-08,0.3085384881866906,0.004744451269152105,4.4657856484697494e-08,0.0011219809064386137,0.005516823443337391,0.0005227597957313075,0.6793679818146074
Reduced,NH3_H2_0.8_0.2_350K,0.0,350.0,0.1790735939379893,0.011335402336688356,4.066250093210543e-06,4.467228895673529e-05,1.820653872208604e-11,0.03649388918757391,0.1599245232104089,0.613108633443945
Reduced,NH3_H2_0.8_0.2_350K,0.007812500000000002,369.35016920177236,0.17695769581062962,0.015007654886342139,5.5181204695160965e-06,6.549514312683936e-05,2.2387205712525643e-11,0.035549488310634265,0.15888290303873798,0.6135098090648557
Reduced,NH3_H2_0.8_0.2_350K,0.015625000000000003,393.55122863535996,0.17430510558747828,0.019598312866250394,7.4666086951269445e-06,9.455885313182213e-05,4.278017251634566e-11,0.03455598379101668,0.15749410504999242,0.6139145482080934
Reduced,NH3_H2_0.8_0.2_350K,0.023437500000000003,423.28650794611724,0.1710537417751593,0.02521090706716288,1.004898674207911e-05,0.00013422281235863842,9.313823957032746e-11,0.03352164358021512,0.15569242961978608,0.6143357245200329
Reduced,NH3_H2_0.8_0.2_350K,0.027343750000000003,440.5233618141631,0.16917767552726226,0.02844305262687417,1.1651620842618735e-05,0.00015913521241468282,1.4461769002487276e-10,0.03299162295034953,0.15460824362087278,0.6145602793949858
Reduced,NH3_H2_0.8_0.2_350K,0.03125000000000001,459.46330698426397,0.16712447401608713,0.0319747523100336,1.3503293438599148e-05,0.00018807095890054995,2.2823251439222549e-10,0.03245491784654829,0.15338763978582506,0.6148001604003783
Reduced,NH3_H2_0.8_0.2_350K,0.03515625000000001,480.16264294301845,0.16489042770621773,0.035810208463830866,1.5640202256997943e-05,0.0002214532841046952,3.6611384438097045e-10,0.03191285797073839,0.15202274486155487,0.615060837010663
Reduced,NH3_H2_0.8_0.2_350K,0.03906250000000001,502.66464303520127,0.16247302180404913,0.039951111045287896,1.8104766605846435e-05,0.0002597115922671403,5.971666908118434e-10,0.03136673513561444,0.15050632641438372,0.6153484713938316
Reduced,NH3_H2_0.8_0.2_350K,0.04296875000000001,526.9993759104174,0.1598708248037385,0.04439686980914428,2.094697824029476e-05,0.00030327796266017766,9.909628071111397e-10,0.03081777860223051,0.1488318221194869,0.6156697926507533
Reduced,NH3_H2_0.8_0.2_350K,0.04687500000000001,553.1840797267379,0.15708334168140994,0.049144920851930986,2.422599298738889e-05,0.00035258426040157994,1.6735016900475337e-09,0.030267135937571035,0.14699333878026022,0.6160319544379631
Reduced,NH3_H2_0.8_0.2_350K,0.05078125,581.2240060691515,0.15411084650750098,0.054191072760431794,2.8011956052988374e-05,0.0004080599166247314,2.8738396946513682e-09,0.029715860031800254,0.1449856278312685,0.6164423879053051
Reduced,NH3_H2_0.8_0.2_350K,0.052734375,595.9525612233068,0.152554330839855,0.05682613005441166,3.012880068265222e-05,0.00043830296623121337,3.814057530095985e-09,0.02944025069023719,0.14391559169896392,0.6166685406594369
Reduced,NH3_H2_0.8_0.2_350K,0.05468750000000001,611.1546580043282,0.15095078696816563,0.05953540831922986,3.241011761778268e-05,0.0004703151055154735,5.078646150460754e-09,0.029164839926352652,0.14280018913264403,0.6169101774183441
Reduced,NH3_H2_0.8_0.2_350K,0.05664062500000001,626.8279267772418,0.14930040832155678,0.06231801871095597,3.486941608318322e-05,0.0005041527490971748,6.78584592395208e-09,0.028889735484213783,0.14163890093803316,0.6171682999907558
Reduced,NH3_H2_0.8_0.2_350K,0.05859375000000001,642.9694346487079,0.14760340621289017,0.06517302793674788,3.752138861688442e-05,0.0005398719040678361,9.093924816613988e-09,0.028615038674046932,0.14043124423341025,0.6174439023373416
Reduced,NH3_H2_0.8_0.2_350K,0.060546875000000014,659.5757225754543,0.1458600044499993,0.06809946697083384,4.038199078228756e-05,0.0005775281616392623,1.2215049088810764e-08,0.02834084470515921,0.13917677151122465,0.6177379671977188
Reduced,NH3_H2_0.8_0.2_350K,0.06250000000000001,676.6428361811593,0.144070434216832,0.07109633864055617,4.346851715413948e-05,0.0006171766938068149,1.6431731666600525e-08,0.028067243123773556,0.13787506999307292,0.6180514630568574
Reduced,NH3_H2_0.8_0.2_350K,0.06445312500000001,694.1663488360332,0.1422349292415466,0.07416262400475337,4.6799670992722936e-05,0.000658872252738374,2.2117178212436875e-08,0.02779431835769982,0.13652576130520352,0.618385341438497
Reduced,NH3_H2_0.8_0.2_350K,0.06640625000000001,712.1413760745141,0.14035372127662865,0.07729728746544602,5.039562496500036e-05,0.0007026691697969148,2.9760448785432877e-08,0.027522150370613563,0.13512850146066394,0.6187405345092745
Reduced,NH3_H2_0.8_0.2_350K,0.06835937500000001,730.562580928097,0.13842703592891667,0.08049928056767126,5.427807040303374e-05,0.0007486213498575198,3.999748562035277e-08,0.027250815429032446,0.13368298110479548,0.6191179529736343
Reduced,NH3_H2_0.8_0.2_350K,0.07031250000000001,749.4241702404031,0.1364550888963282,0.08376754445299638,5.8470252779608966e-05,0.0007967822547246036,5.3648693216600503e-08,0.02698038698458378,0.13218892596731874,0.6195184842353312
Reduced,NH3_H2_0.8_0.2_350K,0.07226562500000003,768.7198824816077,0.13443808268830662,0.08710101094544691,6.299699098724373e-05,0.0008472048668009315,7.175790554645077e-08,0.026710936672198548,0.13064609747237385,0.6199429907962637
Reduced,NH3_H2_0.8_0.2_350K,0.07324218750000003,778.5298086416838,0.13341264279880471,0.08879198367897845,6.53963615436115e-05,0.0008732882837683905,8.296470810756722e-08,0.026576600281771983,0.12985621074074025,0.6201645694949082
Reduced,NH3_H2_0.8_0.2_350K,0.07421875000000003,788.4469053513009,0.13237589028801053,0.09049901590430803,6.789064829125776e-05,0.0008999662729053653,9.582890893842456e-08,0.026442536289407806,0.12905389987788965,0.6203925492174177
Reduced,NH3_H2_0.8_0.2_350K,0.07519531250000003,798.470223251815,0.13132784683080576,0.09222196735511021,7.048347071457808e-05,0.0009272454802121467,1.1058534205036768e-07,0.02630875382919763,0.1282391452588643,0.620627032569267
Reduced,NH3_H2_0.8_0.2_350K,0.07617187500000003,808.5987780671438,0.13026853291216528,0.09396069686078767,7.317854791146118e-05,0.000955132494647236,1.2749693970851597e-07,0.026175262144487618,0.1274119297541998,0.6208681202951838
Reduced,NH3_H2_0.8_0.2_350K,0.07714843750000003,818.8315494706328,0.12919796782956702,0.09571506220596064,7.597969575083012e-05,0.0009836338389298787,1.468629747892174e-07,0.026042070632000886,0.12657223879446072,0.6211159112403034
Reduced,NH3_H2_0.8_0.2_350K,0.07812500000000001,829.1674799147496,0.1281161697178099,0.09748491996517551,7.889082307309893e-05,0.001012755958292766,1.6903080348255904e-07,0.025909188887458696,0.12572006044215978,0.6213705023124803
Reduced,NH3_H2_0.8_0.2_350K,0.080078125,850.142163842004,0.12591911965168004,0.10107034581124613,8.50534634283033e-05,0.001072873052849256,2.2298860224128906e-07,0.025644390284115658,0.12397841263651435,0.6219003187772292
Reduced,NH3_H2_0.8_0.2_350K,0.08203125000000001,871.5115806596805,0.12367776392631603,0.10471540736571348,9.169876082187299e-05,0.0011355091544276478,2.932352791505105e-07,0.0253809468891015,0.12218734366240754,0.6224580484473196
Reduced,NH3_H2_0.8_0.2_350K,0.08398437500000001,893.2660284643775,0.12139220582920622,0.10841892027242357,9.885978807208609e-05,0.0012007099929761665,3.8444736206211964e-07,0.02511894608824464,0.12034686230586922,0.623044376969163
Reduced,NH3_H2_0.8_0.2_350K,0.08593750000000001,915.3950938132878,0.11906254220751752,0.11217965604590256,0.0001065699558639672,0.001268517982601465,5.026730061616301e-07,0.024858482937738964,0.11845703166604576,0.6236599556387487
Reduced,NH3_H2_0.8_0.2_350K,0.08789062500000001,937.8876005385366,0.1166888722865243,0.11599632967949457,0.00011486226219187829,0.001338970881837851,6.556987692227213e-07,0.024599661575023704,0.11651797717949071,0.6243053993380993
Reduced,NH3_H2_0.8_0.2_350K,0.08984375000000001,960.7315518487562,0.11427130959775879,0.11986758480132183,0.00012376823738810363,0.001412099977504418,8.535126898320219e-07,0.024342596504962333,0.11452989720138373,0.6249812839552156
Reduced,NH3_H2_0.8_0.2_350K,0.09179687500000001,983.9140639825806,0.11180999735819877,0.12379197618040527,0.0001333165378963053,0.001487927677448109,1.1088573738600454e-06,0.024087413684913427,0.11249307638763174,0.6256881431698831
Reduced,NH3_H2_0.8_0.2_350K,0.09375000000000001,1007.4212896973272,0.10930512757336977,0.12776794944676867,0.00014353117091942208,0.001566464388468676,1.437874189108734e-06,0.023834251316184506,0.11040790198934258,0.6264264644851728
Reduced,NH3_H2_0.8_0.2_350K,0.09570312500000001,1031.23834122085,0.10675696400738914,0.13179381799961765,0.00015442937735330044,0.001647704554148095,1.860834521609391e-06,0.023583260238676646,0.10827488301298341,0.6271966843825286
Reduced,NH3_H2_0.8_0.2_350K,0.09765625,1055.3493964759678,0.10416586934153166,0.13586773694300963,0.00016601925896922974,0.0017316217320984676,2.402966615403057e-06,0.023334603782245986,0.10609467215018553,0.6279991824252847
Reduced,NH3_H2_0.8_0.2_350K,0.099609375,1079.7377305262219,0.10153233638811565,0.1399876742414188,0.00017829730002107177,0.0018181626186979864,3.0953600813452138e-06,0.023088456961224205,0.10386809014609832,0.6288342741513407
Reduced,NH3_H2_0.8_0.2_350K,0.1015625,1104.3856559082558,0.0988570229984444,0.1441513798838065,0.00019124599960490966,0.001907239985568887,3.975945841301101e-06,0.022845004806576356,0.10159615188804781,0.629702202641139
Reduced,NH3_H2_0.8_0.2_350K,0.103515625,1129.2744607872403,0.09614079007390675,0.14835635397662672,0.00020483188346834358,0.0019987245661508965,5.090517138023729e-06,0.02260443965836511,0.09928009337682617,0.6306031286494387
Reduced,NH3_H2_0.8_0.2_350K,0.10546875,1154.384343602102,0.09338474191640025,0.15259981485326762,0.00021900419060215723,0.0020924360354047915,6.493659928334157e-06,0.022366957246361743,0.09692139866359223,0.6315371191883374
Reduced,NH3_H2_0.8_0.2_350K,0.10742187500000001,1179.694347664941,0.09059026745059437,0.15687866902722683,0.00023369452023612222,0.002188133367216582,8.248945083183844e-06,0.022132751386998713,0.09452182573714216,0.6325041345097214
Reduced,NH3_H2_0.8_0.2_350K,0.10839843750000001,1192.4166479190555,0.08917924548836476,0.1590300938773541,0.00024120236919943734,0.0022366103308262084,9.284977833464366e-06,0.022016951263042435,0.09330745601554169,0.6329999843291876
Reduced,NH3_H2_0.8_0.2_350K,0.10937500000000001,1205.180900521701,0.08775922190750443,0.16118910764847155,0.0002488075503551767,0.0022854639877473906,1.0438537277183337e-05,0.02190204048472723,0.09208357247481187,0.6335041093801195
Reduced,NH3_H2_0.8_0.2_350K,0.11035156250000001,1217.9840982046408,0.0863304732401144,0.16335521809658293,0.0002564973480801476,0.0023346417887150877,1.1721522183435411e-05,0.021788039470079328,0.09085048500273277,0.6340164673540444
Reduced,NH3_H2_0.8_0.2_350K,0.11132812500000001,1230.8231487456342,0.08489330173468995,0.1655279087381047,0.00026425842162488964,0.002384085503051397,1.3146458405704081e-05,0.021674966998154577,0.0896085246231475,0.6345370060128434
Reduced,NH3_H2_0.8_0.2_350K,0.11230468750000001,1243.6948728095203,0.0834480367224165,0.16770663814557216,0.0002720769734178624,0.00243373097229899,1.472667032422651e-05,0.02156283989477168,0.08835804389665909,0.6350656625618754
Reduced,NH3_H2_0.8_0.2_350K,0.11328125000000001,1256.59600195629,0.08199503583113797,0.16989083943407035,0.0002799389397926795,0.002483507902049676,1.6476369415681438e-05,0.02145167270180472,0.08709941722889174,0.6356023630101814
Reduced,NH3_H2_0.8_0.2_350K,0.11425781250000001,1269.523176707945,0.08053468609180181,0.1720799198825676,0.0002878302021127484,0.002533339699243307,1.8410709544130226e-05,0.021341477335828765,0.08583304108524227,0.6361470215127847
Reduced,NH3_H2_0.8_0.2_350K,0.11523437500000001,1282.4729446402444,0.0790674049403075,0.17427326067599794,0.00029573681569016385,0.002583143362631198,2.0545828630777158e-05,0.02123226274198099,0.08455933410212825,0.636699539702124
Reduced,NH3_H2_0.8_0.2_350K,0.11621093750000001,1295.4417584633343,0.07759364111436229,0.17647021675941696,0.0003036452532393053,0.002632829433838781,2.2898884521316932e-05,0.02112403454784056,0.08327873709521107,0.6372598060081028
Reduced,NH3_H2_0.8_0.2_350K,0.11718750000000001,1308.4259740855048,0.07611387543152041,0.17867011680619282,0.0003115426591003158,0.002682302016255576,2.5488088363327127e-05,0.021016794723306285,0.08199171295711005,0.6378276949761182
Reduced,NH3_H2_0.8_0.2_350K,0.11816406250000001,1321.421848644773,0.07462862144127186,0.18087226329724765,0.0003194171099920323,0.0027314588683929105,2.8332736977447882e-05,0.020910541251714997,0.08069874644668994,0.638403066584547
Reduced,NH3_H2_0.8_0.2_350K,0.11914062500000001,1334.425538515403,0.07313842593635445,0.1830759327129629,0.00032725787771255743,0.0027801915774637014,3.145324529033059e-05,0.020805267818573524,0.0794003438652097,0.6389857655722296
Reduced,NH3_H2_0.8_0.2_350K,0.12011718750000001,1347.4330972936282,0.07164386931650685,0.185280375833738,0.00033505568898580917,0.002828385818021056,3.487117992193242e-05,0.02070096352337594,0.07809703262324981,0.6395756207787362
Reduced,NH3_H2_0.8_0.2_350K,0.12109375000000003,1360.4404737857121,0.07014556579308706,0.18748481814703088,0.000342802977545847,0.0028759216989167713,3.8609295932714514e-05,0.02059761262083314,0.07678936069670947,0.6401724445085417
Reduced,NH3_H2_0.8_0.2_350K,0.12207031250000003,1373.4435100247738,0.06864416343209225,0.18968846035277134,0.0003504941236349333,0.002922674200648535,4.269158048661314e-05,0.02049519429673846,0.07547789597770294,0.6407760319225995
Reduced,NH3_H2_0.8_0.2_350K,0.12304687500000003,1386.43793935327,0.06714034403328788,0.19189047895603611,0.0003581256762610514,0.002968513702961214,4.7143311446134486e-05,0.020393682484407403,0.074163225521659,0.6413861604679569
Reduced,NH3_H2_0.8_0.2_350K,0.12402343750000003,1399.4193846068365,0.06563482285808865,0.19409002692384922,0.00036569655395628524,0.003013306601214438,5.199114755103242e-05,0.020293045726775403,0.07284595469811939,0.6420025893482548
Reduced,NH3_H2_0.8_0.2_350K,0.12500000000000003,1412.3833564163765,0.06412834823455936,0.1962862343626964,0.0003732082202210581,0.003056916007317311,5.72632855929045e-05,0.02019324709077311,0.07152670624906707,0.6426250590428713
Reduced,NH3_H2_0.8_0.2_350K,0.12597656250000003,1425.3252515986894,0.06262170111059072,0.198478209129207,0.00038066483050494114,0.0030992025296351,6.298975875621064e-05,0.020094244142159497,0.07020611926298467,0.6432532908722834
Reduced,NH3_H2_0.8_0.2_350K,0.12695312500000003,1438.2403514771106,0.0611156947024012,0.2006650371952146,0.0003880733482527095,0.0031400251231077938,6.92030313073627e-05,0.019995988995762628,0.06888484806913553,0.6438869866057445
Reduced,NH3_H2_0.8_0.2_350K,0.12890625000000003,1463.9765827335214,0.05810796648928478,0.20502072465410592,0.00040277689943229235,0.003216873789831758,8.319407185854547e-05,0.019801550666427477,0.0662421044509581,0.6451698527644183
Reduced,NH3_H2_0.8_0.2_350K,0.13085937500000003,1489.547493479324,0.05511317043911739,0.20934459281664392,0.00041744024178542826,0.003286250953046632,9.952571534027641e-05,0.019609397308062063,0.06360477417766368,0.6464703673237024
Reduced,NH3_H2_0.8_0.2_350K,0.13281250000000003,1514.9115885989972,0.05213872485671459,0.213628769656547,0.00043221997702031075,0.003347081144034657,0.00011849341075832811,0.019418963811390112,0.06097846930295115,0.6477854579267347
Reduced,NH3_H2_0.8_0.2_350K,0.13476562500000003,1540.0257054520116,0.04919239440471486,0.21786517275267417,0.000447315247868068,0.003398359770684661,0.00014042085544732126,0.019229617139909803,0.05836891911512976,0.6491117394275342
Reduced,NH3_H2_0.8_0.2_350K,0.13671875000000003,1564.8451777758937,0.04628221701205334,0.22204556127496836,0.0004629633676117366,0.003439185212504281,0.00016565896338947877,0.01904066894435625,0.055781924583140026,0.6504455253061708
Reduced,NH3_H2_0.8_0.2_350K,0.13867187500000003,1589.324061598831,0.04341642333753206,0.22616159110118444,0.0004794339843904109,0.003468787858549304,0.00019458560042688515,0.018851390779239665,0.05322331212560141,0.6517828464697446
Reduced,NH3_H2_0.8_0.2_350K,0.14062500000000003,1613.4154224916113,0.04060334867755042,0.23020487442664567,0.0004970222613498517,0.003486554376775824,0.00022760468682940003,0.018661031519895763,0.050698887176727096,0.6531194781243771
Reduced,NH3_H2_0.8_0.2_350K,0.14257812500000003,1637.0716786680164,0.03785133776103928,0.23416704438041486,0.0005160415197116191,0.003492045843676535,0.0002651440585226766,0.018468836676955307,0.04821438778350683,0.6544509752721951
Reduced,NH3_H2_0.8_0.2_350K,0.14453125000000006,1660.2449925207093,0.03516864285100498,0.23803982496627413,0.0005368156984778562,0.003485008805360326,0.0003076516565912239,0.018274069329405153,0.045775438310308066,0.6557727172055939
Reduced,NH3_H2_0.8_0.2_350K,0.14648437500000006,1682.8877032568546,0.03256331555744058,0.24181510653745253,0.0005596718501329227,0.0034653788431495388,0.00035558967003295676,0.018076032356013644,0.043387503246509605,0.657079961061501
Reduced,NH3_H2_0.8_0.2_350K,0.14843750000000006,1704.952794616329,0.030043092942040835,0.24548502686012444,0.0005849327418578376,0.0034332767378040044,0.00040942628978156014,0.017874091537996593,0.0410558411229476,0.6583679040447673
Reduced,NH3_H2_0.8_0.2_350K,0.15039062500000006,1726.3943933095804,0.027615278891733566,0.24904205760817263,0.0006129094942042121,0.003388997829251853,0.0004696247475209244,0.017667698947403974,0.038785458633910364,0.6596317533618378
Reduced,NH3_H2_0.8_0.2_350K,0.15234375000000006,1747.1682950481186,0.025286622274609184,0.2524790959201294,0.00064389409017547,0.0033329956173068845,0.0005366292654041357,0.017456415847417407,0.03658106521070735,0.660866802290429
Reduced,NH3_H2_0.8_0.2_350K,0.15429687500000006,1767.2325155932317,0.023063193859383643,0.2557895606246495,0.0006781515498060195,0.003265861006013674,0.0006108472884948571,0.017239934119983757,0.034447028474683616,0.6620685102475442
Reduced,NH3_H2_0.8_0.2_350K,0.15625000000000003,1786.5478646905992,0.020950263963288737,0.2589674933911426,0.0007159116052357397,0.0031882988207472614,0.0006926265004782003,0.017018094954673903,0.03238733119541763,0.663232584342245
Reduced,NH3_H2_0.8_0.2_350K,0.15722656250000003,1795.9099502664114,0.019937035932660573,0.2605045494616241,0.0007361752296779378,0.003145903070437501,0.0007364490362271457,0.01690517248734161,0.03138685320636006,0.663798946407305
Reduced,NH3_H2_0.8_0.2_350K,0.158203125,1805.070463586817,0.01895314084837661,0.26200639903063283,0.000757385876969243,0.0031011843050541077,0.0007822606954283797,0.016790926199622334,0.030406389463580583,0.6643543474875316
Reduced,NH3_H2_0.8_0.2_350K,0.1591796875,1814.025537255032,0.017998967501277347,0.2634725123247006,0.0007795581121144001,0.0030542532065915267,0.0008300803732145512,0.016675384808100827,0.029446313551533824,0.6648983512033912
Reduced,NH3_H2_0.8_0.2_350K,0.16015625,1822.7715672652632,0.017074840213185647,0.2649024115224196,0.0008027026970127121,0.0030052229347164203,0.0008799198066437913,0.016558588217920275,0.028506970000584962,0.6654305493870982
Reduced,NH3_H2_0.8_0.2_350K,0.1611328125,1831.305254155963,0.016181013083808062,0.2662956776572875,0.0008268261279621007,0.00295420888770288,0.0009317825399346036,0.01644058775263609,0.027588670869650226,0.6659505652460851
Reduced,NH3_H2_0.8_0.2_350K,0.162109375,1839.6236152880474,0.01531766907129694,0.2676519520735439,0.0008519303377238257,0.0029013281612477377,0.0009856632709131293,0.016321446044691115,0.026691695372377686,0.6664580547029452
Reduced,NH3_H2_0.8_0.2_350K,0.16308593750000003,1847.72400076959,0.014484918810888727,0.26897093846363074,0.0008780123872534319,0.002846699135104101,0.0010415471984734517,0.01620123686492201,0.025816289138098206,0.6669527077792688
Reduced,NH3_H2_0.8_0.2_350K,0.16406250000000003,1855.6041084750455,0.013682799896458575,0.27025240464571,0.0009050641799817412,0.002790441130902709,0.001099409422921548,0.016080044847031707,0.024962663577387443,0.6674342497493309
Reduced,NH3_H2_0.8_0.2_350K,0.16503906250000003,1863.2619980250379,0.012911276637066139,0.2714961840711807,0.0009330722066264593,0.0027326741415683955,0.0011592143932306553,0.01595796510631166,0.024130995356521374,0.6679024420524432
Reduced,NH3_H2_0.8_0.2_350K,0.16601562500000003,1870.6961035714266,0.012170240297078246,0.2727021770552033,0.0009620173298352953,0.0026735186300528417,0.0012209153850860268,0.01583510275246205,0.023321425987747238,0.6683570829541317
Reduced,NH3_H2_0.8_0.2_350K,0.16796875000000003,1884.8916021710916,0.01077883940588433,0.2750010975579255,0.001022646190239533,0.0025513969299307423,0.0013498335686897463,0.015587358495965452,0.021768649310422647,0.6692253402791906
Reduced,NH3_H2_0.8_0.2_350K,0.16992187500000003,1898.1880866777751,0.00950577679887055,0.277150015532505,0.001086625647035707,0.0024252096937323127,0.0014855170790036955,0.015337960482549961,0.020304513343845653,0.6700383544212414
Reduced,NH3_H2_0.8_0.2_350K,0.17187500000000003,1910.587487280785,0.008347752132195338,0.2791505414534296,0.0011535850546284536,0.0022959234409703397,0.0016272117860757656,0.015088033794041996,0.018928863522525013,0.670795862973151
Reduced,NH3_H2_0.8_0.2_350K,0.17382812500000003,1922.098357559164,0.007300489022491824,0.28100534411912964,0.0012230584812223837,0.002164510074580878,0.0017739862179853379,0.014838786593990743,0.017640987459864456,0.6714981708816714
Reduced,NH3_H2_0.8_0.2_350K,0.17578125000000003,1932.7358045478422,0.006358863700668766,0.28271808917469304,0.001294492932298912,0.002031945984807132,0.0019247561818207502,0.014591476245652688,0.01643963365794644,0.6721461152782423
Reduced,NH3_H2_0.8_0.2_350K,0.17773437500000003,1942.5212617211312,0.005517051582994237,0.28429335687017254,0.0013672621143134315,0.0018992085399377428,0.002078314723982299,0.014347373254554952,0.015323038913139825,0.6727410190399568
Reduced,NH3_H2_0.8_0.2_350K,0.17968750000000003,1951.482099260079,0.004768686499061766,0.28573653958876977,0.0014406853225170668,0.0017672687996136292,0.0022333682302450916,0.0141077249865444,0.014288964072997812,0.6732846353055616
Reduced,NH3_H2_0.8_0.2_350K,0.18164062500000003,1959.6510775576326,0.004107025585278171,0.2870537224506713,0.0015140504673293264,0.0016370799856258653,0.00238857725491297,0.013873720954654256,0.013334737475671979,0.6737790854695195
Reduced,NH3_H2_0.8_0.2_350K,0.18359375000000003,1967.065660446505,0.0035251124133801287,0.28825155176325334,0.0015866397466917342,0.001509562029131368,0.0025425996667302543,0.013646461304738086,0.012457305086059673,0.6742267932313806
Reduced,NH3_H2_0.8_0.2_350K,0.18554687500000003,1973.767214065917,0.003015931364983309,0.2893370967981122,0.0016577561178091657,0.001385583248415492,0.0026941333302180626,0.013426929885408992,0.011653286054850647,0.6746304171752652
Reduced,NH3_H2_0.8_0.2_350K,0.18750000000000003,1979.8001248715286,0.002572547340732413,0.2903177105158841,0.001726748588259247,0.0012659407671108554,0.0028419556056693916,0.013215972958423843,0.010919032188305528,0.674992784146871
Reduced,NH3_H2_0.8_0.2_350K,0.18945312500000003,1985.2108752330246,0.0021882263822168564,0.2912008945325268,0.0017930344612212775,0.0011513415663945462,0.0029849573403574153,0.01301428421545927,0.010250689647656306,0.6753168254209359
Reduced,NH3_H2_0.8_0.2_350K,0.19140625000000003,1990.0471168059673,0.001856534463021298,0.2919941729301065,0.00185611701341743,0.0010423860417769098,0.0031221696353960953,0.012822396351390888,0.009644261113740832,0.6756055173336137
Reduced,NH3_H2_0.8_0.2_350K,0.193359375,1994.3567802695347,0.00157141336662138,0.29270497857752587,0.0019155975966373842,0.0009395556331088685,0.0032527823982781735,0.012640679040029868,0.009095666664822567,0.6758618277083132
Reduced,NH3_H2_0.8_0.2_350K,0.1953125,1998.1872553963562,0.001327234047350934,0.2933405545647097,0.0019711817474446333,0.0008432055922920078,0.0033761544241648254,0.012469342799242545,0.008600801725084083,0.6760886690415363
Reduced,NH3_H2_0.8_0.2_350K,0.197265625,2001.5846684518147,0.0011188290533720076,0.2939078722820026,0.002022679471734629,0.0007535633504071392,0.003491815398685705,0.012308447943904009,0.008155590640163508,0.6762888590501037
Reduced,NH3_H2_0.8_0.2_350K,0.19921875,2004.5932755387605,0.0009415064189951842,0.2944135666951719,0.002070000361303787,0.0006707323490520813,0.003599460713779531,0.012157917621226135,0.00775603470814454,0.6764650888271339
Reduced,NH3_H2_0.8_0.2_350K,0.201171875,2007.2549817215604,0.0007910478943694922,0.2948638885586718,0.0021131445451528243,0.0005947006935040064,0.003698940290677584,0.012017553803768104,0.007398253817312134,0.6766198985310522
Reduced,NH3_H2_0.8_0.2_350K,0.203125,2009.6089875335786,0.0006636944862278003,0.29526467275669155,0.002152190657045333,0.0005253536185849482,0.0037902426744958907,0.01188705506438997,0.007078521191545003,0.6767556602606848
Reduced,NH3_H2_0.8_0.2_350K,0.205078125,2011.691557622762,0.0005561220451710965,0.2956213217692808,0.002187282018716467,0.0004624885471270667,0.003873475444330806,0.011766034935705367,0.006793291099367925,0.6768745675791396
Reduced,NH3_H2_0.8_0.2_350K,0.20703125,2013.5359016018963,0.0004654090211036153,0.29593880363694186,0.0022186121165310465,0.00040583145456996354,0.003948842319031995,0.011654039589927449,0.0065392197321006845,0.6769786310819035
Reduced,NH3_H2_0.8_0.2_350K,0.2109375,2016.600715353328,0.0003268662976150823,0.2964699748035357,0.0022706824953769742,0.00031014261703863727,0.004076810127767666,0.011455589052384318,0.006115117161577217,0.6771477309867348
Reduced,NH3_H2_0.8_0.2_350K,0.21484375000000003,2019.043071730497,0.00022911735543162652,0.29689442617239103,0.0023108972967808266,0.0002345381150995069,0.0041778568612141674,0.011286749516687,0.005779770339783854,0.6772778166835838
Reduced,NH3_H2_0.8_0.2_350K,0.21875000000000003,2021.0206211712948,0.00016043776509278555,0.29723668778733486,0.0023414005343371405,0.0001757659582064038,0.004255553699577785,0.011143103692325835,0.005514721391216746,0.677378564455781
Reduced,NH3_H2_0.8_0.2_350K,0.22265625000000003,2022.6543294676728,0.00011230973876337523,0.2975161292272558,0.002364183458621002,0.00013070575133987468,0.004313521982676402,0.011020467155798106,0.005304785376412018,0.6774574833432107
Reduced,NH3_H2_0.8_0.2_350K,0.22656250000000003,2024.0352243417435,7.863009686679354e-05,0.29774781253995763,0.002380976157804618,9.655680135065305e-05,0.0043551826248235306,0.010915067602949276,0.0051376960712818855,0.6775202955674524
Reduced,NH3_H2_0.8_0.2_350K,0.23046875000000003,2025.230753655461,5.506755265114599e-05,0.29794331334099916,0.0023932116689838277,7.09229589146126e-05,0.0043836079888961155,0.010823627062327203,0.005003692357029879,0.6775712983568847
Reduced,NH3_H2_0.8_0.2_350K,0.23437500000000003,2026.2903025049814,3.856811442723329e-05,0.2981114487410314,0.0024020356757455427,5.1826611787398764e-05,0.004401457039697395,0.010743376344676642,0.004895099607569481,0.6776136816733954
Reduced,NH3_H2_0.8_0.2_350K,0.23828125000000003,2027.2497226056753,2.698649289377493e-05,0.29825889173368064,0.0024083401379456472,3.767995744571967e-05,0.00441096762193981,0.010672026731422382,0.004805939962055326,0.6776497929790597
Reduced,NH3_H2_0.8_0.2_350K,0.24218750000000006,2028.1349100608413,1.8817030120474213e-05,0.2983906735904493,0.0024128059119412734,2.7234955074873785e-05,0.004413982357821873,0.010607718130026016,0.004731588938717821,0.6776813499374306
Reduced,NH3_H2_0.8_0.2_350K,0.25000000000000006,2029.7387269995938,9.533087426195095e-06,0.298618645340192,0.0024177584683221375,1.455393005789139e-05,0.004404984323539319,0.010495738156699961,0.0046166220283115796,0.6777345654357841
Reduced,NH3_H2_0.8_0.2_350K,0.25781250000000006,2031.2102170446842,4.827447197908062e-06,0.2988186625129304,0.002419985936609978,7.707498884664439e-06,0.004384460889322463,0.010397622303702666,0.004527539320200007,0.677780716894577
Reduced,NH3_H2_0.8_0.2_350K,0.26562500000000006,2032.5936757697368,2.381396706941699e-06,0.2990012152187511,0.0024208126635410464,3.980477257551986e-06,0.004357511194809792,0.010308373895184138,0.00445382175769999,0.6778228032394341
Reduced,NH3_H2_0.8_0.2_350K,0.28125000000000006,2035.1681122052896,7.129007611210895e-07,0.2993320162598312,0.002420407668123886,1.293121570443029e-06,0.004293706256302443,0.01014732616971934,0.004333891785066469,0.6778996237686861
Reduced,NH3_H2_0.8_0.2_350K,0.2968750000000001,2037.5655257408537,2.209576578522447e-07,0.29963718524757943,0.002419251470901005,4.65983667882857e-07,0.00422731488713012,0.009998805745670695,0.004229860163310723,0.6779712093169363
Reduced,NH3_H2_0.8_0.2_350K,0.31250000000000006,2039.8143410648436,7.21750087816013e-08,0.2999236336957738,0.0024178892217622777,2.1006414304391692e-07,0.004161941461923763,0.009858843251711363,0.004134838907888488,0.6780389340527223
Reduced,NH3_H2_0.8_0.2_350K,0.32812500000000006,2041.9305388867674,2.6087506611330975e-08,0.3001944037412831,0.002416479275710677,1.299791077578637e-07,0.004098766049943123,0.009725767973759753,0.004046181586112571,0.6781033618632337
Reduced,NH3_H2_0.8_0.2_350K,0.34375000000000006,2043.9256733132531,1.149660793443407e-08,0.30045118302526125,0.002415067823847882,1.0443190246876904e-07,0.00403810603101755,0.009598741890513537,0.003962730419669858,0.6781648087193355
Reduced,NH3_H2_0.8_0.2_350K,0.35937500000000006,2045.809208304711,6.783087282743274e-09,0.3006951365389461,0.002413668404354786,9.596869922408855e-08,0.003979978184772594,0.009477241639261148,0.0038838714058778067,0.6782235048815692
Reduced,NH3_H2_0.8_0.2_350K,0.37500000000000006,2047.5892598547748,5.198305230179446e-09,0.30092718746054725,0.0024122849967840557,9.286543024810289e-08,0.0039242991981716015,0.009360875853978419,0.0038092081751776425,0.6782796428478832
Reduced,NH3_H2_0.8_0.2_350K,0.40625,2050.8599507365207,4.6903476867188494e-09,0.3013577869043758,0.0024095699007772586,9.109596416711432e-08,0.0038200719608042595,0.009142621787999428,0.0036716001920859193,0.6783847504180034
Reduced,NH3_H2_0.8_0.2_350K,0.43750000000000006,2053.8210832914483,4.681687001615414e-09,0.30175147921590506,0.00240691477153152,9.013715832243887e-08,0.0037238136317473596,0.008941051716137067,0.003546511264850801,0.678481503259134
Reduced,NH3_H2_0.8_0.2_350K,0.46875000000000006,2056.5137666026885,4.746838051722132e-09,0.3021127363935284,0.0024043172604406395,8.929735668930124e-08,0.0036346818283378526,0.008754345577409135,0.003432349315998252,0.678570875015145
Reduced,NH3_H2_0.8_0.2_350K,0.5000000000000001,2058.971915519078,4.8184047851524485e-09,0.30244531196608154,0.0024017750284914584,8.84722392442748e-08,0.0035519516898242535,0.008580943035816245,0.0033277906320520294,0.6786536913517479
Reduced,NH3_H2_0.8_0.2_350K,0.5312500000000001,2061.223642333555,4.885555147552414e-09,0.3027523718140978,0.0023992859503216713,8.764840349406555e-08,0.003474998557479191,0.008419499208642734,0.003231730243249749,0.6787306580423559
Reduced,NH3_H2_0.8_0.2_350K,0.5625000000000001,2063.2922831422397,4.9468179279648195e-09,0.30303659451626674,0.002396848195440798,8.682677046826757e-08,0.003403284324632126,0.008268848750301587,0.0031432448487673584,0.6788023825303497
Reduced,NH3_H2_0.8_0.2_350K,0.5937500000000002,2065.197142759978,5.002302410160636e-09,0.30330024753392393,0.00239446031016539,8.601043899660163e-08,0.003336346506544341,0.008127977052465696,0.0030615663060634545,0.6788693906506872
Reduced,NH3_H2_0.8_0.2_350K,0.6250000000000001,2066.954009736057,5.052354628188044e-09,0.30354524152504564,0.00239212132737089,8.520293594966452e-08,0.003273787984071665,0.007995998784255111,0.002986067252391647,0.6789321394444336
Reduced,NH3_H2_0.8_0.2_350K,0.6875000000000001,2070.061257397125,5.13697829588986e-09,0.30398374989360444,0.002387589112687154,8.363179818096993e-08,0.0031609897276622238,0.007756514105577754,0.0028521845904412708,0.6790460445511591
Reduced,NH3_H2_0.8_0.2_350K,0.7500000000000001,2072.774065844625,5.206402339601194e-09,0.30437029536700067,0.0023832087221048143,8.21016202888269e-08,0.0030607163233108033,0.0075432769775072355,0.0027349300366259163,0.6791472439006897
Reduced,NH3_H2_0.8_0.2_350K,0.8125,2075.161330493665,5.263114971282457e-09,0.30471334234238046,0.0023789674654612052,8.062067768677301e-08,0.0029710750703142884,0.007352340059495227,0.002631492005083736,0.6792377161536971
Reduced,NH3_H2_0.8_0.2_350K,0.8750000000000001,2077.2766175917427,5.309185223509536e-09,0.30501958115591105,0.0023748540603895415,7.919523758173324e-08,0.0028905455615190504,0.007180524039917014,0.0025396621812919075,0.6793190405284087
Reduced,NH3_H2_0.8_0.2_350K,0.9375000000000001,2079.162030973442,5.346334195107933e-09,0.3052943500920348,0.002370858625429928,7.782932918681344e-08,0.0028178941144357227,0.007025244604177823,0.002457693121361512,0.6793924949680172
Reduced,NH3_H2_0.8_0.2_350K,1.0000000000000002,2080.8508122297253,5.37597983250489e-09,0.3055419317962006,0.002366972783313215,7.652542984045203e-08,0.002752116820093614,0.006884382429716982,0.002384197688682542,0.6794591272708623
Reduced,NH3_H2_0.8_0.2_350K,1.0625000000000002,2082.368993596686,5.3992646455482794e-09,0.3057657550312719,0.0023631899716951665,7.528517766696009e-08,0.0026924014609425746,0.006756186029648057,0.002318084532791042,0.6795198077119988
Reduced,NH3_H2_0.8_0.2_350K,1.1250000000000002,2083.7362251120185,5.417074258026603e-09,0.3059685185944224,0.00235950613301168,7.411025547217591e-08,0.002638104289178123,0.006639199032099064,0.0022585282307955707,0.6795752679088227
Reduced,NH3_H2_0.8_0.2_350K,1.25,2086.0571482962573,5.438280280275211e-09,0.3063166294125167,0.0023524348716002555,7.197682902154938e-08,0.002544493319293248,0.006435330778561972,0.002157519085844541,0.6796723782371652
Reduced,NH3_H2_0.8_0.2_350K,1.375,2088.0098834978917,5.4479160948329095e-09,0.30661141008600207,0.002345648118691768,7.005150216584588e-08,0.0024648686870715614,0.00626133228513499,0.0020726096778655276,0.6797553805168092
Reduced,NH3_H2_0.8_0.2_350K,1.5,2089.6642801293165,5.449239309597264e-09,0.30686266387740585,0.002339118133089235,6.832278108806429e-08,0.002396770847889332,0.0061118155685150515,0.0020008108630677137,0.6798269345952479
Reduced,NH3_H2_0.8_0.2_350K,1.7500000000000002,2092.202803449099,5.433761201943952e-09,0.30725340528731393,0.0023268072557311877,6.54719166863564e-08,0.0022906350391711312,0.005874437482564285,0.0018913934032395766,0.6799418369257622
Reduced,NH3_H2_0.8_0.2_350K,2.0,2094.1588118771056,5.4089207432859175e-09,0.30755602871067944,0.0023151251840904984,6.312867026671e-08,0.002208352951364972,0.005689072945056913,0.0018077702427656912,0.6800321402987833
Reduced,NH3_H2_0.8_0.2_350K,2.25,2095.693521228593,5.380544035822586e-09,0.3077941719688567,0.0023039529302719217,6.120199279497116e-08,0.002143701820594792,0.005542238261133346,0.0017428824874714127,0.6801042995134391
Reduced,NH3_H2_0.8_0.2_350K,2.5,2096.912256202207,5.351745564759285e-09,0.30798353587398036,0.0022932076724332374,5.96179542078197e-08,0.0020924892993295307,0.005424794189587662,0.0016920882791142124,0.6801626856301428
Reduced,NH3_H2_0.8_0.2_350K,3.0,2098.5839322709135,5.29801794047644e-09,0.3082446546676969,0.0022729186212496967,5.735161847625519e-08,0.0020227736862984936,0.005259701787746726,0.0016248683409913341,0.6802472939982309
Reduced,NH3_H2_0.8_0.2_350K,3.4999999999999996,2099.745700550372,5.253906727959653e-09,0.3084242772616347,0.002253663918527524,5.573867313648435e-08,0.00197581627019584,0.005146504621015291,0.0015803091173104806,0.6803070277630834
Reduced,NH3_H2_0.8_0.2_350K,4.25,2100.81158972541,5.213057098696836e-09,0.3085824796421913,0.0022281810239375113,5.426684078224426e-08,0.0019361958444767773,0.005051105584919395,0.0015425458186891397,0.6803598022463269
Reduced,NH3_H2_0.8_0.2_350K,5.0,2100.81158972541,5.213057098364954e-09,0.3085824796225459,0.002228181023795658,5.426684077878944e-08,0.0019361958443535122,0.005051105584597824,0.001542545818590936,0.6803598022666763
Optimized,NH3_H2_0.8_0.2_350K,0.0,350.0,0.16871375110048342,0.02917596837884303,1.0402216583506219e-06,3.239998938421864e-05,6.286260316959414e-11,0.032537717534747886,0.15422446538880605,0.6152635807748572
Optimized,NH3_H2_0.8_0.2_350K,0.003906250000000001,375.7038301897881,0.16600789066364663,0.03383004088497532,1.2245159808273956e-06,3.989096304786074e-05,7.001747325040193e-11,0.03187772361871113,0.15260431577395178,0.6155763719874604
Optimized,NH3_H2_0.8_0.2_350K,0.007812500000000002,403.7167736638636,0.16307465256235218,0.03886562920415231,1.4750228667829759e-06,4.858131990817517e-05,9.861447019906368e-11,0.031220777550311746,0.15079326334821547,0.6159197770191946
Optimized,NH3_H2_0.8_0.2_350K,0.011718750000000002,434.0115926800485,0.1599210114434722,0.04426550078116958,1.8019757358188473e-06,5.855786314653902e-05,1.5448474310666067e-10,0.030568541114144553,0.14878821473502826,0.6163052815113015
Optimized,NH3_H2_0.8_0.2_350K,0.015625000000000003,466.5410824510605,0.15655447679876427,0.050011139502206606,2.220337373893571e-06,6.99029383379829e-05,2.659619971462618e-10,0.02992232634151032,0.14658708277113594,0.6167444686813889
Optimized,NH3_H2_0.8_0.2_350K,0.017578125000000003,483.6448900242214,0.15479219720547133,0.053010333834666475,2.4719828612317078e-06,7.612817856242093e-05,3.689713200555028e-10,0.029601740887082055,0.14541089625338832,0.6169883844163997
Optimized,NH3_H2_0.8_0.2_350K,0.019531250000000003,501.2998020787016,0.1529780399775232,0.056091380706035435,2.7557505182782764e-06,8.274192001988044e-05,5.273772204761172e-10,0.029283044747506124,0.14418344584260992,0.6172507095339724
Optimized,NH3_H2_0.8_0.2_350K,0.021484375000000003,519.4955880788804,0.1511129667052777,0.05925188383536056,3.0753348705809033e-06,8.975423201358048e-05,7.779788209724077e-10,0.028966327396614,0.14290463729546196,0.6175328559002252
Optimized,NH3_H2_0.8_0.2_350K,0.023437500000000003,538.2215894119107,0.14919789706191908,0.06248952953119741,3.4349389769514017e-06,9.717497813361154e-05,1.1812763788777898e-09,0.02865166306187946,0.1415743970725008,0.6178361875902973
Optimized,NH3_H2_0.8_0.2_350K,0.025390625,557.4668542616384,0.1472337025402716,0.06580209806205817,3.839339293200265e-06,0.00010501383567630819,1.8357899652415168e-09,0.028339112427024752,0.14019266714826165,0.6181620183356659
Optimized,NH3_H2_0.8_0.2_350K,0.027343750000000003,577.2202538971735,0.14522120159094626,0.06918747095012613,4.29396268717282e-06,0.00011328031183871491,2.8987799290905415e-09,0.028028724353743185,0.1387594009076844,0.6185116103029408
Optimized,NH3_H2_0.8_0.2_350K,0.029296875000000003,597.4705768555979,0.1431611558331086,0.0726436347231364,4.80497851084358e-06,0.00012198375568326094,4.6149278089086935e-09,0.027720537623039648,0.13727456014211825,0.6188861739669241
Optimized,NH3_H2_0.8_0.2_350K,0.03125000000000001,618.2065983251525,0.14105426705687968,0.07616868160871738,5.3794097740025316e-06,0.00013113336465179015,7.353651036782179e-09,0.027414582708184795,0.13573811316586462,0.6192868688522758
Optimized,NH3_H2_0.8_0.2_350K,0.03320312500000001,639.4171232229221,0.13890117479206307,0.07976080759607126,6.0252686858688436e-06,0.00014073818405545768,1.165474229983946e-08,0.027110883602814773,0.13415003405390716,0.6197148049407576
Optimized,NH3_H2_0.8_0.2_350K,0.03515625000000001,661.0910026544034,0.1367024542637264,0.08341830821924101,6.751722927570492e-06,0.00015080709732686907,1.828143998725402e-08,0.02680945973770593,0.1325103029574198,0.6201710445666222
Optimized,NH3_H2_0.8_0.2_350K,0.037109375000000014,683.2171245350611,0.13445861456219801,0.08713957236745039,7.569299746141792e-06,0.00016134880397617192,2.8280302533097122e-08,0.026510328027392872,0.13081890738135263,0.6206566046545784
Optimized,NH3_H2_0.8_0.2_350K,0.03906250000000001,705.7843799796498,0.1321700968522906,0.0909230743783457,8.490134962063037e-06,0.00017237178091733353,4.3048627794411986e-08,0.026213505090484347,0.12907584425420693,0.6211724591768283
Optimized,NH3_H2_0.8_0.2_350K,0.04101562500000001,728.7816078573153,0.12983727243635965,0.09476736465112415,9.528272889294025e-06,0.00018388422131074693,6.441285320037759e-08,0.02591900968477016,0.12728112258507118,0.621719541726216
Optimized,NH3_H2_0.8_0.2_350K,0.04296875000000001,752.1975205162794,0.12746044052356192,0.09867105897966834,1.070002045995961e-05,0.00019589394300652477,9.472574320845304e-08,0.025626865387411147,0.1254347665369636,0.6222987481011912
Optimized,NH3_H2_0.8_0.2_350K,0.04492187500000001,776.0206142866451,0.12503982563354663,0.10263282678421728,1.2024354147545191e-05,0.00020840825643177424,1.3699650587845723e-07,0.02533710353282836,0.12353681881640939,0.6229109387950182
Optimized,NH3_H2_0.8_0.2_350K,0.04687500000000001,800.2390686235525,0.12257557473534006,0.10665137833982563,1.3523371219587893e-05,0.00022143377900325436,1.9507608796463163e-07,0.02504976639483629,0.12158734442574794,0.623556941251182
Optimized,NH3_H2_0.8_0.2_350K,0.048828125,824.8406378253424,0.12006775446056407,0.1107254510030529,1.5222767648708859e-05,0.00023497618047725813,2.7392862371950547e-07,0.024764910568745746,0.11958643497963933,0.6242375517209527
Optimized,NH3_H2_0.8_0.2_350K,0.05078125,849.8125387575174,0.117516349090213,0.1148537942402473,1.71523142025302e-05,0.0002490398406995534,3.8002718833734613e-07,0.02448261047276628,0.11753421398923745,0.624953536502208
Optimized,NH3_H2_0.8_0.2_350K,0.052734375,875.1413372599994,0.11492126042464891,0.11903515304042016,1.934629143952778e-05,0.0002636273988997235,5.219148816163036e-07,0.02420296185046199,0.11543084367474547,0.6257056322928418
Optimized,NH3_H2_0.8_0.2_350K,0.05468750000000001,900.8128346359688,0.11228231113323599,0.12326824899304695,2.1843835372079637e-05,0.0002787391716022794,7.10968586300725e-07,0.023926085113710853,0.11327653403075927,0.6264945453084239
Optimized,NH3_H2_0.8_0.2_350K,0.05664062500000001,926.8119543887009,0.10959925360558036,0.1275517580711555,2.4689141187517586e-05,0.00029437241568952164,9.62391742731253e-07,0.02365212832026334,0.11107155493164939,0.6273209487463948
Optimized,NH3_H2_0.8_0.2_350K,0.05859375000000001,953.1226280168313,0.10687178668204571,0.13188428395473997,2.793147449687889e-05,0.000310520413893715,1.2964452625877893e-06,0.023381269523516303,0.10881625209777958,0.6281854780684832
Optimized,NH3_H2_0.8_0.2_350K,0.060546875000000014,979.7276778397882,0.10409958274707438,0.13626432574030523,3.162495011397163e-05,0.00032717136390640286,1.739903368730013e-06,0.023113718166222916,0.10651106763249824,0.6290887234938414
Optimized,NH3_H2_0.8_0.2_350K,0.06250000000000001,1006.6086941784963,0.1012823275273353,0.14069023906309555,3.582805690616197e-05,0.0003443070595244282,2.3276869550649606e-06,0.02284971510973772,0.10415656568304456,0.6300312189862091
Optimized,NH3_H2_0.8_0.2_350K,0.06445312500000001,1033.7459138727513,0.0984197742991665,0.1451601901965428,4.060293318593028e-05,0.0003619013653961002,3.1045246930612483e-06,0.02258953082243338,0.10175346346986101,0.6310134269865534
Optimized,NH3_H2_0.8_0.2_350K,0.06640625000000001,1061.1183598186653,0.09551181350708188,0.14967210328306021,4.601442624767384e-05,0.00037991850503468224,4.126110348512659e-06,0.02233346112937199,0.09930266779549182,0.6320357180546975
Optimized,NH3_H2_0.8_0.2_350K,0.06738281250000001,1074.885346838153,0.09404081607005324,0.15194292580624746,4.898491140280178e-05,0.0003890680899371286,4.753518407118393e-06,0.022207094462172568,0.09805977193006912,0.6325620197659645
Optimized,NH3_H2_0.8_0.2_350K,0.06835937500000001,1088.7031835159103,0.09255844238501362,0.15422339548081299,5.214147962818864e-05,0.00039830553624548693,5.469935200710335e-06,0.022081878065349152,0.09680528409800264,0.6330985445130131
Optimized,NH3_H2_0.8_0.2_350K,0.06933593750000001,1102.5688812326662,0.09106475739940839,0.15651315438750327,5.5492724730168046e-05,0.0004076226715293443,6.287109336213299e-06,0.021957852636008943,0.09553938883844118,0.6336453033143349
Optimized,NH3_H2_0.8_0.2_350K,0.07031250000000001,1116.4793419722164,0.08955986135353194,0.15881181032597222,5.904709212392283e-05,0.00041701028143573967,7.217689592845221e-06,0.021835057727172192,0.09426229903613792,0.634202288286684
Optimized,NH3_H2_0.8_0.2_350K,0.07128906250000001,1130.4314039726632,0.08804387792594454,0.16111894807098803,6.281311265272266e-05,0.00042645815353278046,8.27548856156212e-06,0.021713532699733622,0.09297424181750329,0.6347694849163966
Optimized,NH3_H2_0.8_0.2_350K,0.07226562500000003,1144.4217906933106,0.08651697371252103,0.16343411411237,6.679910818599491e-05,0.0004359549304276343,9.475470091144271e-06,0.021593314588553132,0.0916754754397582,0.6353468569118336
Optimized,NH3_H2_0.8_0.2_350K,0.07324218750000003,1158.4471489935738,0.08497934661114746,0.16575682711749012,7.101345757858187e-05,0.0004454881371823457,1.0833948429720291e-05,0.02147443904342686,0.0903662756774391,0.6359343582979907
Optimized,NH3_H2_0.8_0.2_350K,0.07421875000000003,1172.5040040296922,0.08343124485203862,0.1680865639627888,7.54642919730588e-05,0.0004550440765384292,1.2368506576995522e-05,0.021356938008655842,0.0890469519869936,0.6365319182094814
Optimized,NH3_H2_0.8_0.2_350K,0.07519531250000003,1186.5887892187886,0.08187295569685403,0.17042276924924604,8.01597952683865e-05,0.00046460784055276527,1.4098207624604939e-05,0.021240840668443027,0.08771783445667726,0.6371394527511399
Optimized,NH3_H2_0.8_0.2_350K,0.07617187500000003,1200.6978074317817,0.0803048235815066,0.17276484289964358,8.510789328220988e-05,0.00047416326069410307,1.6043468970207613e-05,0.021126170993991344,0.08637928900739536,0.6377568499131022
Optimized,NH3_H2_0.8_0.2_350K,0.07714843750000003,1214.8272521579347,0.07872723914315762,0.17511214863069183,9.03165899238349e-05,0.00048369290455193875,1.822630612613405e-05,0.021012948717036937,0.08503170497940585,0.6383839811577412
Optimized,NH3_H2_0.8_0.2_350K,0.07812500000000001,1228.9731755020725,0.07714065596613999,0.17746400341772917,9.57936533181496e-05,0.0004931780935685315,2.067016719079532e-05,0.02090118682066353,0.08367550912092075,0.6390206866794536
Optimized,NH3_H2_0.8_0.2_350K,0.0791015625,1243.1315000894094,0.07554557997879005,0.17981968480831625,0.00010154698708698766,0.0005025988852775387,2.340022726099461e-05,0.02079089256873766,0.08231115389988615,0.6396667866793965
Optimized,NH3_H2_0.8_0.2_350K,0.080078125,1257.2979945172056,0.07394258429881825,0.18217842252603067,0.00010758431459805164,0.0005119341701787474,2.6443197743751936e-05,0.020682065033208696,0.08093913004366193,0.6403220672139641
Optimized,NH3_H2_0.8_0.2_350K,0.0810546875,1271.4682756845411,0.072332299112693,0.18453940445975744,0.0001139135828338245,0.0005211616388860717,2.9827716717505644e-05,0.020574696207330604,0.07955995567570777,0.6409862911158651
Optimized,NH3_H2_0.8_0.2_350K,0.08203125000000001,1285.6377924736043,0.07071542420146026,0.186901770583644,0.00012054264357588915,0.0005302579668877702,3.358420464522394e-05,0.020468768674208392,0.07817418718751333,0.6416591846847292
Optimized,NH3_H2_0.8_0.2_350K,0.08300781250000001,1299.8018182197397,0.06909271959942292,0.18926461729755564,0.0001274796848911839,0.0005391987640934167,3.7745512496501514e-05,0.020364256830282146,0.07678240932126132,0.6423404481843863
Optimized,NH3_H2_0.8_0.2_350K,0.08398437500000001,1313.9554432778446,0.0674650156854315,0.1916269935267754,0.00013473290466425563,0.0005479588517968513,4.2347130979483335e-05,0.020261124815431384,0.0753852441903344,0.6430297435986554
Optimized,NH3_H2_0.8_0.2_350K,0.08593750000000001,1342.2168512506908,0.06419713443345372,0.19634762550585566,0.00015021117460543664,0.0005648626008434001,5.298535871356199e-05,0.020058845270816833,0.07257657629164169,0.6444313603689905
Optimized,NH3_H2_0.8_0.2_350K,0.08789062500000001,1370.3737820688991,0.0609207793327486,0.20105400492131825,0.00016704892286921146,0.0005807366907907116,6.582496057028157e-05,0.019861411810493872,0.06975471440760618,0.6458600163717416
Optimized,NH3_H2_0.8_0.2_350K,0.08984375000000001,1398.379893061541,0.057644710040969674,0.20573709160167133,0.00018532475562570895,0.0005953660222685518,8.120199981036559e-05,0.019668182039251,0.0669256878512658,0.6473118447912022
Optimized,NH3_H2_0.8_0.2_350K,0.09179687500000001,1426.1852807271612,0.054378549956604676,0.21038725029459507,0.00020512552918806778,0.000608538014051745,9.94898292470643e-05,0.01947835681665157,0.06409596241526581,0.6487824408956308
Optimized,NH3_H2_0.8_0.2_350K,0.09375000000000001,1453.7364476269993,0.051132672035146154,0.2149943218182756,0.00022654725228934492,0.0006200491231938141,0.00012109923073570608,0.019290991601540044,0.06127239025300338,0.6502668826142709
Optimized,NH3_H2_0.8_0.2_350K,0.09570312500000001,1480.976402026579,0.04791806656831469,0.21954770408581428,0.0002496951255530984,0.0006297113188540785,0.00014647953735239734,0.019105014106782454,0.058462151910570095,0.6517597645985845
Optimized,NH3_H2_0.8_0.2_350K,0.09765625,1507.8449105079942,0.0447461947274383,0.2240364428764592,0.0002746825120846583,0.0006373580741524202,0.00017611910750788538,0.01891924791816111,0.05567269205670145,0.6532552457400608
Optimized,NH3_H2_0.8_0.2_350K,0.099609375,1534.2789135587495,0.041628830690150366,0.2284493320475087,0.0003016286901337583,0.0006428494659655982,0.00021054422698304045,0.018732441978661495,0.05291165000738962,0.6547471104230111
Optimized,NH3_H2_0.8_0.2_350K,0.1015625,1560.2131051982592,0.03857789328607744,0.23277502351237384,0.00033065530718440813,0.0006460760398093123,0.00025031561113007437,0.01854330592343246,0.05018678561744442,0.6562288440088606
Optimized,NH3_H2_0.8_0.2_350K,0.103515625,1585.5806699715733,0.0356052664773208,0.23700214791885224,0.00036188153257759155,0.0006469611961202248,0.00029602164612904425,0.018350551091036227,0.0475059006594588,0.657693722950662
Optimized,NH3_H2_0.8_0.2_350K,0.10546875,1610.3141651569613,0.032722607206918754,0.24111944736023147,0.0003954179862449852,0.0006454619831908558,0.0003482674995120325,0.01815293661356012,0.04487675552199396,0.6591349193926057
Optimized,NH3_H2_0.8_0.2_350K,0.10742187500000001,1634.3465316906759,0.029941139573476185,0.24511592137059668,0.0004313596091726997,0.0006415683259547696,0.0004076592531516644,0.017949319367123254,0.04230698103050383,0.6605456191845593
Optimized,NH3_H2_0.8_0.2_350K,0.10937500000000001,1657.6122139479803,0.027271435761656502,0.24898098701637653,0.0004697777350601904,0.0006353008685423028,0.0004747822639440171,0.01773870584940549,0.03980398540365328,0.6619191510767092
Optimized,NH3_H2_0.8_0.2_350K,0.11132812500000001,1680.0483644914534,0.024723186395045282,0.25270465313161394,0.0005107117320990416,0.0006267077320709552,0.0005501729177095849,0.017520303313286453,0.03737485685167613,0.6632491236145446
Optimized,NH3_H2_0.8_0.2_350K,0.11328125000000001,1701.5961059708368,0.022304965133155562,0.25627770831134716,0.0005541607200646769,0.0006158605487935994,0.0006342824611462358,0.01729356674472843,0.035026263006623475,0.6645295651841344
Optimized,NH3_H2_0.8_0.2_350K,0.11425781250000001,1712.014799156691,0.021147560699926522,0.2580043279302288,0.000576809438090243,0.0006096247144193568,0.0006797291216661574,0.01717697958257179,0.03388468596325575,0.6651490770716489
Optimized,NH3_H2_0.8_0.2_350K,0.11523437500000001,1722.190300218864,0.020025436173219675,0.2596900941457077,0.0006000681731827832,0.0006028563978198504,0.0007274759357379752,0.017058237663816717,0.032765646369692286,0.6657541012754791
Optimized,NH3_H2_0.8_0.2_350K,0.11621093750000001,1732.1168607002492,0.018939264965210298,0.26133414473075156,0.0006239222779195097,0.0005955695968822835,0.0007775427888976606,0.016937359147409358,0.03166982248444223,0.6663440611431477
Optimized,NH3_H2_0.8_0.2_350K,0.11718750000000001,1741.7892820347913,0.01788960289450978,0.2629357124550451,0.0006483532194260521,0.0005877791974998781,0.0008299373341654687,0.016814383962106192,0.03059784065748507,0.6669184346921183
Optimized,NH3_H2_0.8_0.2_350K,0.11816406250000001,1751.2028096799183,0.016876905921362616,0.26449410507221693,0.0006733388639327144,0.000579500591364409,0.0008846554296449484,0.01668937248559195,0.02955028643376137,0.6674767484583569
Optimized,NH3_H2_0.8_0.2_350K,0.11914062500000001,1760.3533017544416,0.015901505230086134,0.2660087345321655,0.0006988530621495463,0.0005707499641832218,0.000941678746162382,0.016562406866237243,0.02852768816495611,0.6680185892214252
Optimized,NH3_H2_0.8_0.2_350K,0.12011718750000001,1769.237122320532,0.01496362591002132,0.2674790968592072,0.000724865973714032,0.0005615439862790194,0.0010009754127299402,0.016433589331518117,0.027530528254009454,0.6685435970729137
Optimized,NH3_H2_0.8_0.2_350K,0.12109375000000003,1777.8512980690955,0.01406336504998287,0.2689047992811475,0.0007513438078384204,0.0005519000961093049,0.0010624979667119181,0.016303042788989027,0.026559227595053428,0.669051476057362
Optimized,NH3_H2_0.8_0.2_350K,0.12207031250000003,1786.1934107759967,0.013200711335641121,0.27028554002364596,0.0007782491941330631,0.00054183627246812,0.0011261842167069405,0.01617090878383219,0.02561415687981674,0.6695419864904621
Optimized,NH3_H2_0.8_0.2_350K,0.12304687500000003,1794.2617389674024,0.012375526643044681,0.2716211328458584,0.0008055410898392965,0.000531371322601021,0.001191955560847368,0.016037347358577148,0.024695622168467928,0.6700149542121451
Optimized,NH3_H2_0.8_0.2_350K,0.12500000000000003,1809.5767095768522,0.010836496495989728,0.2741571231735257,0.0008611561510980138,0.0005092957114460308,0.0013294759446906106,0.01576645243148283,0.022938579658517737,0.670908068359048
Optimized,NH3_H2_0.8_0.2_350K,0.12695312500000003,1823.797953348837,0.009442290280092105,0.27651362491057235,0.0009177360981876393,0.00048587038207804575,0.001474046468250125,0.015492141641917088,0.02128921406263392,0.6717309883836903
Optimized,NH3_H2_0.8_0.2_350K,0.12890625000000003,1836.9349648816367,0.008188022511102745,0.27869284891766943,0.0009748454559698374,0.00046127514703656026,0.0016245433483106685,0.015216169820810145,0.01974781382388306,0.672484455183011
Optimized,NH3_H2_0.8_0.2_350K,0.13085937500000003,1849.0073839221113,0.007067360577775901,0.28069860540090685,0.0010320185764274162,0.00043570806914610885,0.001779643512951091,0.014940401993773392,0.018313710896319575,0.6731700636170357
Optimized,NH3_H2_0.8_0.2_350K,0.13281250000000003,1860.0443758862032,0.0060727815436880175,0.2825361697584332,0.0010887733162083372,0.00040938611579919887,0.0019378749399564523,0.014666741605243215,0.016985320735956225,0.6737901646905348
Optimized,NH3_H2_0.8_0.2_350K,0.13476562500000003,1870.0837408413697,0.005195853584106285,0.2842121102132267,0.0011446260781822614,0.00038254422447328947,0.0020976721637319573,0.014397059627372468,0.01576020494184451,0.6743477485782305
Optimized,NH3_H2_0.8_0.2_350K,0.13671875000000003,1879.170794472997,0.004427525682393885,0.28573408504489106,0.0011991072755051563,0.00035543242763024375,0.00225743499870935,0.014133129354321676,0.014635153677598411,0.6748463158969731
Optimized,NH3_H2_0.8_0.2_350K,0.13867187500000003,1887.3570785167976,0.003758409317724636,0.287110620209987,0.00125177628797007,0.000328310979712578,0.002415586876799785,0.013876570610068098,0.013606283956186254,0.6752897448475801
Optimized,NH3_H2_0.8_0.2_350K,0.14062500000000003,1894.6989655012778,0.003179038116013921,0.2883508789833591,0.0013022350527412724,0.0003014437156103799,0.002570629026995383,0.01362880588679376,0.012669149195946772,0.6756821612618706
Optimized,NH3_H2_0.8_0.2_350K,0.14257812500000003,1901.2562241094638,0.002680094945202526,0.28946443464103616,0.0013501395556811044,0.00027509012332381874,0.0027211873087480518,0.013391029678455468,0.01181885517981398,0.6760278174245657
Optimized,NH3_H2_0.8_0.2_350K,0.14453125000000006,1907.090608009783,0.002252599931318389,0.29046105563274865,0.001395208653745369,0.00024949680338281924,0.0028660494760683226,0.013164191121258152,0.011050177625146256,0.6763309840510167
Optimized,NH3_H2_0.8_0.2_350K,0.14648437500000006,1912.2645235260704,0.0018880567771257042,0.2913505105048157,0.0014372298483576787,0.00022488909438705406,0.003004191775839584,0.01294898911826528,0.01035767695014548,0.6765958582105506
Optimized,NH3_H2_0.8_0.2_350K,0.14843750000000006,1916.839821209764,0.0015785581723846644,0.29214239733845276,0.0014760618246522693,0.0002014636654456512,0.003134794940099253,0.01274587848602528,0.009735806415798435,0.6768264884785019
Optimized,NH3_H2_0.8_0.2_350K,0.15039062500000006,1920.876744095795,0.0013168538434858114,0.2928459998033968,0.0015116337371563716,0.0001793828322008236,0.0032572508006180143,0.012555085355508719,0.009179010551023704,0.6770267172651399
Optimized,NH3_H2_0.8_0.2_350K,0.15136718750000006,1922.7148319105581,0.0012014749852204073,0.29316799003953403,0.001528194545864403,0.00016889397839107344,0.0033152714130680037,0.012464319811329378,0.008922979435745508,0.6771167735331497
Optimized,NH3_H2_0.8_0.2_350K,0.15234375000000006,1924.4390241768094,0.0010956948577915526,0.2934710956317774,0.0015439382968378812,0.00015878750971873648,0.003371107835722643,0.012376628942833114,0.008681272885517654,0.6772004983273107
Optimized,NH3_H2_0.8_0.2_350K,0.15332031250000006,1926.0560776304812,0.0009987898634561188,0.2937563552786738,0.0015588732185968345,0.00014907296527077115,0.0034247338479286957,0.012291986643629264,0.008453227529407779,0.677278301263614
Optimized,NH3_H2_0.8_0.2_350K,0.15429687500000006,1927.5725182416847,0.0009100793379500825,0.2940247721787115,0.0015730108587971275,0.00013975740418350653,0.003476134308020975,0.012210356951271949,0.008238193213583222,0.6773505738018246
Optimized,NH3_H2_0.8_0.2_350K,0.15625000000000003,1930.3225638856036,0.0007553161616774434,0.2945140032798453,0.0015989392575308278,0.00012233620947521337,0.003572247214851828,0.012055994933459492,0.00784523248196733,0.6774796521603882
Optimized,NH3_H2_0.8_0.2_350K,0.158203125,1932.7443170801937,0.000626063730293113,0.2949472278781024,0.0016219095144815138,0.00010652376947715427,0.0036595839272345215,0.01191303488799854,0.007496603137078611,0.6775910105199644
Optimized,NH3_H2_0.8_0.2_350K,0.16015625,1934.8804019521283,0.0005183640906969868,0.29533102337791933,0.0016421059931964008,9.229320241354356e-05,0.003738372183793166,0.011780931916781708,0.007187755077525379,0.6776870969488531
Optimized,NH3_H2_0.8_0.2_350K,0.162109375,1936.7692261449552,0.000428798634634214,0.29567136284871015,0.0016597360493645313,7.95887405152132e-05,0.003808938694954518,0.01165907005775479,0.0069144529698310754,0.6777700840725336
Optimized,NH3_H2_0.8_0.2_350K,0.16406250000000003,1938.445067334741,0.00035443536679846725,0.29597362973179125,0.0016750207020996043,6.833192305942346e-05,0.0038716866646771597,0.01154678691497963,0.006672787212974772,0.6778418849409739
Optimized,NH3_H2_0.8_0.2_350K,0.16601562500000003,1939.9382486703291,0.0002927749240417,0.29624264366866637,0.0016881863095504262,5.842773451735908e-05,0.003927074275875342,0.01144339507220324,0.00645917609874618,0.677904171982533
Optimized,NH3_H2_0.8_0.2_350K,0.16796875000000003,1941.2753794717303,0.0002416978034225648,0.296482694119073,0.0016994574644200924,4.977039491255155e-05,0.003975595006282631,0.011348200156519007,0.00627036074633217,0.6779583977153649
Optimized,NH3_H2_0.8_0.2_350K,0.16992187500000003,1942.4796396809697,0.00019941435315270028,0.29669757918132866,0.0017090512169788618,4.224854887494286e-05,0.0040177601451941766,0.0112605155180278,0.006103394374913315,0.6780058161753983
Optimized,NH3_H2_0.8_0.2_350K,0.17187500000000003,1943.5710894541512,0.00016441835521442073,0.29689064776886553,0.001717172621010981,3.574965792901046e-05,0.004054083437933784,0.0111796735377583,0.0059556274012233425,0.678047504274578
Optimized,NH3_H2_0.8_0.2_350K,0.17578125000000003,1945.4674504867924,0.00011248836890525171,0.29722018645829035,0.0017295688056340513,2.5489259252434868e-05,0.004110715658031987,0.011036589598008276,0.005710567159827169,0.6781164535853123
Optimized,NH3_H2_0.8_0.2_350K,0.17968750000000003,1947.092423265519,7.692203301728604e-05,0.29749374683816593,0.0017382101299606141,1.801101399189962e-05,0.004150040084239825,0.010913573088660084,0.005516350429757548,0.6781720996154568
Optimized,NH3_H2_0.8_0.2_350K,0.18359375000000003,1948.5225960981527,5.252507023046382e-05,0.29772552037161926,0.0017441324089301686,1.262365692023466e-05,0.004175486974318884,0.01080663382763787,0.005360773001039018,0.6782184364771587
Optimized,NH3_H2_0.8_0.2_350K,0.18750000000000003,1949.812467171332,3.57065393679347e-05,0.2979261502063072,0.0017481269003589276,8.770307383702946e-06,0.004189988510401945,0.010712443817627091,0.005234392378382022,0.6782582850646791
Optimized,NH3_H2_0.8_0.2_350K,0.1953125,1952.0872149321829,1.7346981443689556e-05,0.29825789282061976,0.0017520945739927353,4.372925642904882e-06,0.004193417330222845,0.010554142321644167,0.005047460196707521,0.6783244716196725
Optimized,NH3_H2_0.8_0.2_350K,0.203125,1954.1319645993078,8.489735591585903e-06,0.2985368917898202,0.0017535254858020903,2.1805014416084133e-06,0.0041770463094456005,0.010420619785193501,0.004909971916776751,0.6783816252451121
Optimized,NH3_H2_0.8_0.2_350K,0.2109375,1956.0292055818404,4.160957628590069e-06,0.29878405183048024,0.0017537591851921079,1.090241093540807e-06,0.004149485576680172,0.010302666173111036,0.004801280275440945,0.6784337554024946
Optimized,NH3_H2_0.8_0.2_350K,0.21875000000000003,1957.8202986935455,1.9825054400347312e-06,0.29901088339330667,0.0017534442230492766,5.377772173474536e-07,0.004115957861334105,0.01019475322154943,0.004709655217552289,0.6784827955097454
Optimized,NH3_H2_0.8_0.2_350K,0.23437500000000003,1961.150151923671,5.685601179182264e-07,0.2994230743689425,0.0017521139803297378,1.7878106899229642e-07,0.0040403943812741105,0.009999102760579642,0.004557333679342961,0.6785745286414743
Optimized,NH3_H2_0.8_0.2_350K,0.25000000000000006,1964.2264545402413,1.7038924215599365e-07,0.2998018343231839,0.0017505984416803816,7.814107988569559e-08,0.0039636495648327896,0.009818834685837703,0.004424040769911488,0.6786604301462941
Optimized,NH3_H2_0.8_0.2_350K,0.26562500000000006,1967.0840367629537,5.462239275566503e-08,0.3001549542387407,0.0017490690204408973,4.9207503063904364e-08,0.00388900840207196,0.009649660151582183,0.004302475514937825,0.6787414088394028
Optimized,NH3_H2_0.8_0.2_350K,0.28125000000000006,1969.7467194754627,1.9934920788808707e-08,0.30048623295805765,0.0017475662730917368,4.062681666268325e-08,0.003817450008406379,0.009489668232112556,0.004189708619541831,0.6788179810108388
Optimized,NH3_H2_0.8_0.2_350K,0.2968750000000001,1972.233524126583,9.250869469681097e-09,0.3007980386685087,0.0017460987919793866,3.798019622236293e-08,0.0037491630973333556,0.00933780385273346,0.00408432576914449,0.6788905352559367
Optimized,NH3_H2_0.8_0.2_350K,0.31250000000000006,1974.560531673099,5.881460669467688e-09,0.3010921411467998,0.0017446673721294478,3.7112955710637646e-08,0.003684073800349182,0.00919334456769733,0.003985476618631367,0.6789594007270706
Optimized,NH3_H2_0.8_0.2_350K,0.32812500000000006,1976.741590811675,4.799837193280183e-09,0.3013699969217048,0.0017432709990572294,3.679419494778812e-08,0.003622028090810589,0.00905571775584096,0.0038925512488034784,0.6790248672445706
Optimized,NH3_H2_0.8_0.2_350K,0.34375000000000006,1978.788683052119,4.4428841800737236e-09,0.30163285301700526,0.0017419083576555694,3.664772740139047e-08,0.003562854461961636,0.008924435979965593,0.003805068303319697,0.679087193047974
Optimized,NH3_H2_0.8_0.2_350K,0.37500000000000006,1982.5118892799183,4.346086845950733e-09,0.302116616839741,0.0017392805969170574,3.650271157406805e-08,0.003452791965147835,0.008679696374553313,0.0036452627123186943,0.6792031106473115
Optimized,NH3_H2_0.8_0.2_350K,0.40625,1985.846020243376,4.36158090586804e-09,0.30255496242493524,0.0017367592743269412,3.638806304410311e-08,0.0033518133885760497,0.008455216583388303,0.0035013963430161974,0.6793090003987567
Optimized,NH3_H2_0.8_0.2_350K,0.43750000000000006,1988.8482194133258,4.389675838072774e-09,0.302953965274026,0.001734334764260776,3.628072039889654e-08,0.003258867318818825,0.00824856311341772,0.003371239644276573,0.6794061578588277
Optimized,NH3_H2_0.8_0.2_350K,0.46875000000000006,1991.5645709975445,4.41484165139544e-09,0.3033186283999731,0.0017319988906682585,3.617695976778012e-08,0.003173065643755507,0.008057679706349151,0.003252973294083717,0.6794956622365087
Optimized,NH3_H2_0.8_0.2_350K,0.5000000000000001,1994.0324266671366,4.4350323726083906e-09,0.3036530928453768,0.001729744785453518,3.6076205253883615e-08,0.003093654990663577,0.007880819455206332,0.0031451095472826867,0.6795784208231622
Optimized,NH3_H2_0.8_0.2_350K,0.5312500000000001,1996.2820675507,4.450416092480076e-09,0.3039607959671441,0.0017275668149895566,3.597846796675779e-08,0.003019996318296791,0.007716489663684553,0.0030464336890592848,0.6796552023345053
Optimized,NH3_H2_0.8_0.2_350K,0.5625000000000001,1998.3378645672822,4.461485087266204e-09,0.30424458427630424,0.0017254605821055628,3.588393711650637e-08,0.002951546764361557,0.007563411012341201,0.0029559686492379982,0.6797266618726485
Optimized,NH3_H2_0.8_0.2_350K,0.6250000000000001,2001.9251930618761,4.472109149144319e-09,0.3047470085555429,0.001721454082915272,3.570681114146241e-08,0.002829194033185396,0.007287879346859333,0.002797472906193607,0.6798552830326291
Optimized,NH3_H2_0.8_0.2_350K,0.6875000000000001,2005.0179161176889,4.472286001869315e-09,0.30518539193764105,0.0017176522750443357,3.55382130391104e-08,0.002721263810206977,0.007044437099660247,0.0026601879794078023,0.6799685749421072
Optimized,NH3_H2_0.8_0.2_350K,0.7500000000000001,2007.7118163588539,4.464595823441164e-09,0.3055712964351705,0.0017140288270919841,3.5377931253202026e-08,0.0026253567402932418,0.006827743491679083,0.002540143761317893,0.6800691812092695
Optimized,NH3_H2_0.8_0.2_350K,0.8125,2010.0794571437457,4.451019200913453e-09,0.305913647250386,0.0017105620880627308,3.522569797937627e-08,0.0025395808547165515,0.006633592330473105,0.0024342981204267633,0.6801591581339791
Optimized,NH3_H2_0.8_0.2_350K,0.8750000000000001,2012.1767754792857,4.433083429809633e-09,0.30621943763262544,0.001707234076556906,3.508115539394536e-08,0.002462422945365814,0.006458629960107914,0.0023402859369461267,0.6802401302789542
Optimized,NH3_H2_0.8_0.2_350K,0.9375000000000001,2014.0475357175594,4.411969921348753e-09,0.30649421895296197,0.0017040297424470723,3.494389462619754e-08,0.002392659959121752,0.006300151490948459,0.0022562433099057233,0.6803133988664276
Optimized,NH3_H2_0.8_0.2_350K,1.0000000000000002,2015.726393183796,4.388593861076748e-09,0.30674244539587486,0.0017009364376941634,3.4813493784182445e-08,0.0023292950819257946,0.006155953096018795,0.002180685044851544,0.680380019257218
Optimized,NH3_H2_0.8_0.2_350K,1.0625000000000002,2017.2410149419377,4.363662866929293e-09,0.3069677183388425,0.0016979435656624255,3.4689554189251796e-08,0.0022715114240931043,0.006024223415760459,0.002112419167822342,0.6804408576113908
Optimized,NH3_H2_0.8_0.2_350K,1.1250000000000002,2018.6135197238978,4.337718713193531e-09,0.3071729584874441,0.0016950424117341356,3.4571741552720954e-08,0.0022186391619712412,0.005903462524065501,0.0020504885932898288,0.6804966332154035
Optimized,NH3_H2_0.8_0.2_350K,1.1875,2019.86137051368,4.31116508729635e-09,0.3073605222375332,0.001692226201959141,3.445984226345762e-08,0.00217013383820037,0.005792420565025836,0.0019941350637696425,0.6805479505842721
Optimized,NH3_H2_0.8_0.2_350K,1.25,2020.9977443017578,4.2842910053355e-09,0.30753226889570057,0.0016894905063084347,3.43538482080731e-08,0.002125563910002026,0.005690051351629302,0.001942786689053035,0.680595323565827
Optimized,NH3_H2_0.8_0.2_350K,1.375,2022.961758123608,4.2303647139372035e-09,0.3078322393788278,0.0016842573747622902,3.4161832137580185e-08,0.002047395151138314,0.005508786594996042,0.0018540570550709518,0.6806795485601058
Optimized,NH3_H2_0.8_0.2_350K,1.5,2024.6482535002883,4.177714380617832e-09,0.30809143198802247,0.0016792498678494805,3.398534511445463e-08,0.0019795415950060193,0.005351028613866957,0.0017778525416426037,0.6807528810324881
Optimized,NH3_H2_0.8_0.2_350K,1.625,2026.1096478182099,4.127144811156778e-09,0.3083172010716821,0.0016744398126891462,3.382270442222327e-08,0.001920215612550074,0.005212736274941821,0.0017118520607130607,0.6808172372776197
Optimized,NH3_H2_0.8_0.2_350K,1.7500000000000002,2027.3827240147568,4.079051421264067e-09,0.30851486483695045,0.0016698085711035421,3.367304416462454e-08,0.0018681157651421626,0.00509084632492109,0.0016544210752367401,0.6808740970195677
Optimized,NH3_H2_0.8_0.2_350K,2.0,2029.4255682780336,3.99116113146922e-09,0.30883575217768744,0.0016610726947927578,3.3418070857163115e-08,0.0017833155426789317,0.004889510063167266,0.0015626688144986754,0.6809688419954405
Optimized,NH3_H2_0.8_0.2_350K,2.25,2031.0721496903725,3.91313854463558e-09,0.3090956353295374,0.0016527892533140438,3.3194500697475476e-08,0.0017144786177748087,0.004725365812240234,0.0014890432520717608,0.6810463455628859
Optimized,NH3_H2_0.8_0.2_350K,2.5,2032.4184471942742,3.844593034704058e-09,0.30930880816254275,0.001644887566256569,3.2997835415500715e-08,0.0016579699424767492,0.004590022516443728,0.0014291954354402165,0.681110550888116
Optimized,NH3_H2_0.8_0.2_350K,3.0,2034.3661570745792,3.734783553743117e-09,0.30961967541772084,0.0016301756201641394,3.269110781531375e-08,0.0015758113827451287,0.004389546987411707,0.0013439470576892122,0.681207138459447
Optimized,NH3_H2_0.8_0.2_350K,3.4999999999999996,2035.8025995824717,3.6509985537489362e-09,0.30984758740987245,0.0016163890568389608,3.244042803236088e-08,0.0015159308824036417,0.0042437433098475846,0.0012821119555510977,0.6812777917998931
Optimized,NH3_H2_0.8_0.2_350K,4.25,2037.2232193955574,3.5755499758397626e-09,0.31006525578183547,0.0015983645081175425,3.2157785433515105e-08,0.0014595165828338763,0.0041118677418614,0.0012223802441035452,0.6813415857201424
Optimized,NH3_H2_0.8_0.2_350K,5.0,2037.2232193955574,3.5755499759750653e-09,0.3100652557935687,0.0015983645081780265,3.2157785434731994e-08,0.0014595165828891062,0.004111867742016998,0.0012223802441498016,0.681341585708084
Full,NH3_NO_Ar_phi1.46,0.0,500.0,0.057909425215353486,0.001271391084990624,0.03986653541859195,2.759902585974313e-07,3.0483148055846553e-25,,5.8112247437665005e-15,0.0006020152829497261
Full,NH3_NO_Ar_phi1.46,890.4347826086956,504.16080388591826,0.05750101154677147,0.0016893787915824318,0.03960487632438742,4.219742700788174e-07,3.8231329855160804e-25,,8.124208547284104e-15,0.0008414766210024601
Full,NH3_NO_Ar_phi1.46,1780.8695652173913,509.78184140617304,0.05696985780500608,0.0022399712307694794,0.039248212607677475,6.43493568535461e-07,8.976917370206495e-25,,1.1607760519734614e-14,0.001173837417703612
Full,NH3_NO_Ar_phi1.46,2671.304347826087,517.3364710305193,0.056280351535044085,0.0029616141142706086,0.0387621104980947,9.779216001543766e-07,2.4769602184318796e-24,,1.6834710595885125e-14,0.0016331430870528212
Full,NH3_NO_Ar_phi1.46,3561.7391304347825,527.4242238798042,0.055388492712392386,0.003901347594910937,0.03810102984279759,1.479476103967347e-06,8.322337624453276e-24,,2.4661447544214884e-14,0.0022643176107595866
Full,NH3_NO_Ar_phi1.46,4006.95652173913,534.1054170706675,0.05481465045411933,0.004508455738767647,0.03765327389905822,1.8525599428795467e-06,2.1844621154714688e-23,,3.052037085185369e-14,0.002695062016153521
Full,NH3_NO_Ar_phi1.46,4452.173913043478,540.7866102615307,0.05424126525771616,0.005115080324678841,0.037205874590205766,2.2253466227823103e-06,3.535613426835642e-23,,3.6374627562698776e-14,0.0031254633362473795
Full,NH3_NO_Ar_phi1.46,4897.391304347826,549.5503087035939,0.053508707772620984,0.005891295151422026,0.036603554464853826,2.7743574231366936e-06,1.172001178970574e-22,,4.5153593278772834e-14,0.0037079182499907422
Full,NH3_NO_Ar_phi1.46,5342.608695652174,558.3140071456572,0.052776789116897295,0.00666683307725294,0.03600175959491863,3.322889456661583e-06,1.989727291874918e-22,,5.392490326643608e-14,0.004289865231846068
Full,NH3_NO_Ar_phi1.46,5787.826086956522,569.6758328883479,0.0518507696161157,0.007647153411596724,0.03519874663547833,4.120449086984521e-06,8.833163488089413e-22,,6.712628667846251e-14,0.005068887245972723
Full,NH3_NO_Ar_phi1.46,6233.04347826087,581.0376586310385,0.0509256286756778,0.008626543667719524,0.03439649553401301,4.917252033174619e-06,1.5670106979072974e-21,,8.031514528735242e-14,0.005847170163516738
Full,NH3_NO_Ar_phi1.46,6678.260869565217,595.5697323565448,0.049768968589843525,0.00984701885532946,0.03333789501756654,6.0582905973073855e-06,8.859874603359627e-21,,1.003372381902871e-13,0.006875675585770429
Full,NH3_NO_Ar_phi1.46,7123.478260869565,610.1018060820511,0.04861349234670167,0.011066244885429892,0.03228037797975044,7.198161307389951e-06,1.6145274255703197e-20,,1.2033883846218791e-13,0.007903128331751127
Full,NH3_NO_Ar_phi1.46,7568.695652173913,628.4082253257484,0.0471885804853282,0.012561377938652701,0.030903321974303014,8.801278208939431e-06,1.083040185487126e-19,,1.515896439088082e-13,0.00924099045867354
Full,NH3_NO_Ar_phi1.46,8013.913043478262,646.7146445694457,0.04576522506970204,0.014054877842804687,0.029527770141163798,1.0402644009560106e-05,2.0036209690614822e-19,,1.8280631378216458e-13,0.010577391225160663
Full,NH3_NO_Ar_phi1.46,8459.130434782608,669.3985084476615,0.04403639725050222,0.01585474329775688,0.0277632078917327,1.2601692198656358e-05,1.6755793530354388e-18,,2.370392658925376e-13,0.012289277555784734
Full,NH3_NO_Ar_phi1.46,8904.347826086956,692.0823723258774,0.04230955842943932,0.017652538026522856,0.026000675752522903,1.4798210406049054e-05,3.1490993873006162e-18,,2.9120982356460347e-13,0.013999194379275434
Full,NH3_NO_Ar_phi1.46,9349.565217391304,719.705654333765,0.04024555615861745,0.019779963373938406,0.02377640966194417,1.7617893186181898e-05,2.813931064589809e-17,,4.456085522787436e-13,0.016151308715061437
Full,NH3_NO_Ar_phi1.46,9794.782608695652,747.3289363416526,0.038184016410878,0.021904850529367345,0.02155479730225855,2.04342118547392e-05,5.309970654385902e-17,,5.998230707142752e-13,0.01830085540288366
Full,NH3_NO_Ar_phi1.46,10240.0,780.3056120668526,0.03576283839723907,0.024368988773244435,0.018806008632895374,2.2331261698694423e-05,4.0274194655576614e-16,,1.685879366829896e-12,0.020952961112879608
Full,NH3_NO_Ar_phi1.46,10685.217391304348,813.2822877920527,0.033344602632000044,0.02683013256286651,0.016060560328849616,2.4226006221918822e-05,7.519592965697423e-16,,2.7706158725866818e-12,0.02360184394800325
Full,NH3_NO_Ar_phi1.46,11130.434782608696,850.8395048490604,0.030607080856630636,0.02955965083355472,0.012827263737240318,1.63712226613358e-05,3.1179169317396877e-15,,4.777959940189007e-12,0.02672957534477431
Full,NH3_NO_Ar_phi1.46,11575.652173913044,888.396721906068,0.027872839657440075,0.032285898119259686,0.009597841845687481,8.525852072759325e-06,5.4810392637065905e-15,,6.782898457928615e-12,0.029853558548122248
Full,NH3_NO_Ar_phi1.46,12020.869565217392,922.3920810989356,0.025360525771150704,0.03471171128194981,0.00658255446668865,4.527210687209671e-06,1.0447120826963622e-14,,3.871336787970133e-12,0.0327832464058212
Full,NH3_NO_Ar_phi1.46,12466.08695652174,956.3874402918032,0.022850649711661175,0.03713517055392116,0.003570192975423003,5.324493881356505e-07,1.540838354700551e-14,,9.62600355378372e-13,0.035710091437385315
Full,NH3_NO_Ar_phi1.46,12911.304347826086,971.3777141081778,0.02173269130211623,0.03819761856290008,0.002223989077941597,2.8225268589872597e-07,1.3533890720602053e-14,,5.5550329412117e-13,0.037019788416333535
Full,NH3_NO_Ar_phi1.46,13356.521739130434,986.3679879245523,0.02061519106917023,0.03925963114529145,0.0008783368996636635,3.215852260521698e-08,1.1660166123804106e-14,,1.485730748013544e-13,0.03832894863782965
Full,NH3_NO_Ar_phi1.46,13801.739130434782,990.1872210582235,0.020329598495758872,0.039529846312975334,0.0005343118369708813,1.772511899501067e-08,8.871819848812354e-15,,9.067957781144636e-14,0.03866376593245455
Full,NH3_NO_Ar_phi1.46,14246.95652173913,994.0064541918947,0.020044035451280192,0.03980003354167815,0.0001903223448561289,3.2932077310460473e-09,6.0837618757482895e-15,,3.279206673761078e-14,0.03899854860854144
Full,NH3_NO_Ar_phi1.46,15137.391304347826,995.6771879676205,0.01991884762867964,0.03991821278711139,3.968780815657876e-05,3.392307156426859e-10,4.4612794405993015e-15,,7.970322416567114e-15,0.03914524947183967
Full,NH3_NO_Ar_phi1.46,16027.826086956524,996.0313154739988,0.019892226417625034,0.03994326400034797,7.72659311906066e-06,2.091145760018217e-11,4.4186046950367006e-15,,1.9563968414077603e-15,0.03917641571191873
Full,NH3_NO_Ar_phi1.46,16918.260869565216,996.1051927275051,0.01988660671614398,0.03994849121938933,1.0326717149975892e-06,4.678427293313293e-13,7.140654869278371e-15,,4.614175551646565e-16,0.039182974625289496
Full,NH3_NO_Ar_phi1.46,17808.695652173912,996.1163486108617,0.01988567404218748,0.039949291511029765,2.7624936819745065e-10,-2.238944930491228e-13,1.2595054084654418e-12,,1.476901149557078e-17,0.03918402559799823
Full,NH3_NO_Ar_phi1.46,18699.130434782608,996.1161968664373,0.01988561123603705,0.03994929134818846,1.9957860009154926e-13,-7.247874999020781e-16,1.6316531645965919e-12,,5.777252670842454e-19,0.03918406193446078
Full,NH3_NO_Ar_phi1.46,19589.565217391304,996.1161116717412,0.019885577131826242,0.03994929119038951,-2.8356661182640142e-15,-1.3458061254138542e-17,1.6315855659437576e-12,,2.233676421235065e-19,0.039184082001132395
Full,NH3_NO_Ar_phi1.46,20480.0,996.1161116717412,0.019885577131828813,0.03994929119039468,-2.8356661182643807e-15,-1.3458061254140281e-17,1.6315855659439687e-12,,2.233676421235354e-19,0.03918408200113746
Reduced,NH3_NO_Ar_phi1.46,0.0,500.0,0.05939999999994698,3.68069914148804e-14,0.04069999999996406,9.74025216340053e-23,-1.822445952097917e-27,,-8.186538577693902e-27,3.0968181904813385e-14
Reduced,NH3_NO_Ar_phi1.46,1861.818181818182,546.5668061721632,0.059399998852148785,1.0854709151360915e-09,0.040699998959225325,5.437455102537911e-18,-6.488791566288835e-23,,-4.45213846685064e-22,1.0307991848673876e-09
Reduced,NH3_NO_Ar_phi1.46,3723.636363636364,585.1415542114964,0.05939999897028348,9.758209119936388e-10,0.04069999908407479,4.469184505572602e-18,-4.0136057280849416e-22,,-3.4841516943872054e-22,9.068628440484206e-10
Reduced,NH3_NO_Ar_phi1.46,5585.454545454546,617.8643608817408,0.059399999029653615,9.197080120117362e-10,0.04069999913975285,3.2534103958983006e-18,-2.2561411383053368e-21,,3.8994506557805435e-23,8.50767281241341e-10
Reduced,NH3_NO_Ar_phi1.46,7447.272727272728,645.7734677799048,0.05939999905789189,8.92370487571311e-10,0.040699999159260786,-2.278791408478132e-18,-1.2465975882023848e-20,,1.106814153780822e-21,8.29574045847262e-10
Reduced,NH3_NO_Ar_phi1.46,9309.09090909091,669.3544411494237,0.059399999070691226,8.795020057669269e-10,0.040699999158448776,-2.7259328467957096e-17,-5.983414505770107e-20,,3.727010765931213e-21,8.250914239403916e-10
Reduced,NH3_NO_Ar_phi1.46,11170.909090909092,688.8092005726274,0.059399999080661126,8.694575016432216e-10,0.040699999144391076,-1.0907853415519404e-16,-2.2473188384727067e-19,,9.499742079178374e-21,8.236555202364208e-10
Reduced,NH3_NO_Ar_phi1.46,13032.727272727274,704.2049162080157,0.05939999910282044,8.482222879039093e-10,0.04069999912013317,-3.089098109764163e-16,-6.439918031402592e-19,,2.063565953017613e-20,8.10121126359961e-10
Reduced,NH3_NO_Ar_phi1.46,14894.545454545456,715.5677115297035,0.05939999915421932,7.99771413355339e-10,0.040699999088536304,-6.883066916005164e-16,-1.4035276024944269e-18,,3.907206028832967e-20,7.678021341721876e-10
Reduced,NH3_NO_Ar_phi1.46,16756.36363636364,722.9527850097984,0.059399999243851025,7.15585148986259e-10,0.040699999053839725,-1.2607764878012405e-15,-2.3290734466043827e-18,,6.483947335879837e-20,6.878048365303045e-10
Reduced,NH3_NO_Ar_phi1.46,18618.18181818182,726.5045376134065,0.05939999936134174,6.053718054922153e-10,0.04069999902019655,-1.9596023163115886e-15,-2.9725135883209857e-18,,9.507757841502103e-20,5.796847008223971e-10
Reduced,NH3_NO_Ar_phi1.46,20480.0,726.5045376134065,0.05939999936134174,6.053718054922153e-10,0.04069999902019655,-1.9596023163115886e-15,-2.972513588320987e-18,,9.507757841502103e-20,5.796847008223971e-10
Optimized,NH3_NO_Ar_phi1.46,0.0,500.0,0.05939999999989149,5.90653729471064e-14,0.040699999999936114,1.1615912647539995e-22,-2.434945753548689e-26,,1.2570710650386693e-26,6.016430324234334e-14
Optimized,NH3_NO_Ar_phi1.46,1861.818181818182,548.3154447226375,0.05939999769776786,1.7222832344742024e-09,0.04069999820932512,3.9035196311083456e-18,-8.657942748992793e-22,,6.996624764230281e-22,1.989279640934918e-09
Optimized,NH3_NO_Ar_phi1.46,3723.636363636364,587.1350558111362,0.05939999800436907,1.4988010717372824e-09,0.04069999848683722,2.7678973894946994e-18,-8.371712873734134e-22,,6.580862350459425e-22,1.6791060848853505e-09
Optimized,NH3_NO_Ar_phi1.46,5585.454545454546,619.161579397562,0.059399998160026925,1.3838211035212132e-09,0.04069999861172177,1.2414831582306447e-18,-2.432372701740274e-21,,6.60720553626377e-22,1.536896126971424e-09
Optimized,NH3_NO_Ar_phi1.46,7447.272727272728,645.7734677799048,0.059399998236091524,1.3270787070222354e-09,0.04069999865966459,-4.321361304560669e-18,-9.823411533612568e-21,,6.618407641053026e-22,1.4796986119637135e-09
Optimized,NH3_NO_Ar_phi1.46,9309.09090909091,667.7046463994827,0.059399998270178445,1.3013559540388627e-09,0.040699998668187444,-2.553154778533049e-17,-4.120649197379811e-20,,6.628221851019999e-22,1.4647213611134301e-09
Optimized,NH3_NO_Ar_phi1.46,11170.909090909092,685.3668316730783,0.05939999828454392,1.2899744108620624e-09,0.0406999986562645,-8.758760758004359e-17,-1.4534091028216224e-19,,6.6482366455118445e-22,1.4675072019976492e-09
Optimized,NH3_NO_Ar_phi1.46,13032.727272727274,699.0205735118316,0.059399998295255545,1.2801413525843673e-09,0.04069999863388523,-2.274853445281989e-16,-4.003862307495576e-19,,6.663645540702207e-22,1.4712611614017793e-09
Optimized,NH3_NO_Ar_phi1.46,14894.545454545456,708.874321340556,0.059399998315241564,1.2609553091111776e-09,0.040699998607394185,-4.794907547617211e-16,-8.481720485501241e-19,,6.651568989796434e-22,1.4630379607642176e-09
Optimized,NH3_NO_Ar_phi1.46,16756.36363636364,715.1467146592607,0.059399998351290124,1.226676322405214e-09,0.040699998581636275,-8.468741423782996e-16,-1.3768297198376527e-18,,6.578524668754785e-22,1.4361565532076729e-09
Optimized,NH3_NO_Ar_phi1.46,18618.18181818182,718.1082785190065,0.05939999840011288,1.1806969454048892e-09,0.04069999855974694,-1.2856951108068028e-15,-1.731177246236064e-18,,6.480447963618586e-22,1.3937602338203003e-09
Optimized,NH3_NO_Ar_phi1.46,20480.0,718.1082785190065,0.05939999840011291,1.1806969454048896e-09,0.04069999855974695,-1.2856951108068032e-15,-1.7311772462361033e-18,,6.480447963618588e-22,1.393760233820301e-09
Full,pure_NH3_phi0.9,0.0,298.0,0.18979817700793825,0.014892833773855276,1.1773598970364632e-05,2.1451894630333768e-05,3.3369669010520073e-13,,0.16293462844986942,0.6300842496164002
Full,pure_NH3_phi0.9,0.015625000000000003,323.6669133688311,0.18619637745625603,0.020007312657958614,1.6106137923314853e-05,3.188590484537906e-05,4.1230174073481834e-13,,0.1611891045024917,0.6300815471743019
Full,pure_NH3_phi0.9,0.03125000000000001,355.69800989294066,0.1818259258016662,0.02629205058959107,2.1631341574615062e-05,4.6242103606129314e-05,1.5474563370987425e-12,,0.15896944591879822,0.6301393307799346
Full,pure_NH3_phi0.9,0.03906250000000001,374.39070222130033,0.1793299851048993,0.02990704984907206,2.4915776688016498e-05,5.52709613327661e-05,3.5043495863322987e-12,,0.1576548963216889,0.6302067206545033
Full,pure_NH3_phi0.9,0.04687500000000001,394.96476667714586,0.176621185618473,0.033844227729021,2.858401178523283e-05,6.574260127947812e-05,7.451607959720148e-12,,0.15619190169728342,0.6303105880018803
Full,pure_NH3_phi0.9,0.05468750000000001,417.4389347299276,0.17370081810774787,0.03809898591765649,3.265503959982046e-05,7.778305342201339e-05,1.5265364602901626e-11,,0.154575352486617,0.6304594935184447
Full,pure_NH3_phi0.9,0.06250000000000001,441.8132838022118,0.17057152938027437,0.042664004865289644,3.71473126277351e-05,9.151476696883227e-05,3.026699407386101e-11,,0.1528010812215176,0.6306623898490854
Full,pure_NH3_phi0.9,0.07031250000000001,468.07198796650096,0.16723694168801656,0.04752998059128099,4.20799345654505e-05,0.0001070560647049314,5.811335660193773e-11,,0.1508657420945224,0.6309283825515202
Full,pure_NH3_phi0.9,0.07812500000000001,496.18656137962705,0.163701301515279,0.05268632095084469,4.7474451540911906e-05,0.00012452089735488976,1.080659793081902e-10,,0.14876667619813685,0.6312665176949128
Full,pure_NH3_phi0.9,0.08593750000000001,526.1192096137459,0.1599691807364541,0.058121747660201416,5.335735254977004e-05,0.00014401878660984027,1.947473224926627e-10,,0.14650177890075383,0.6316856096886985
Full,pure_NH3_phi0.9,0.09375000000000001,557.8259777098,0.15604524007561096,0.06382477767390678,5.976334779763212e-05,0.00016565485051717998,3.4058831516038655e-10,,0.1440693804994438,0.6321941140123959
Full,pure_NH3_phi0.9,0.09765625,574.3440383040917,0.15401180245211288,0.06677443488714158,6.318285855237414e-05,0.00017732327171826522,4.4903935166721947e-10,,0.14278891450729328,0.632485037604698
Full,pure_NH3_phi0.9,0.1015625,591.2992523743004,0.15193101056824684,0.06978827683536734,6.675695157996227e-05,0.00018958513170558004,5.874261782489204e-10,,0.14146484247574845,0.6328020996699684
Full,pure_NH3_phi0.9,0.10546875,608.6850951701635,0.14980344660496953,0.07286486120456541,7.049481844215306e-05,0.00020245314129469758,7.632856905318645e-10,,0.14009703592847725,0.6331462705211376
Full,pure_NH3_phi0.9,0.10937500000000001,626.4950636149354,0.14762967383422196,0.07600278258156955,7.440718135311484e-05,0.00021593968650467852,9.860460907484178e-10,,0.1386853801940927,0.6335184851648143
Full,pure_NH3_phi0.9,0.11328125000000001,644.7227183636271,0.14541023486693944,0.07920067563823441,7.850651141212609e-05,0.00023005682008015412,1.2676596662907548e-09,,0.13722977279808252,0.6339196431723626
Full,pure_NH3_phi0.9,0.11718750000000001,663.3617161032053,0.14314565039988603,0.08245721716010884,8.280726194514711e-05,0.0002448162503154513,1.6235299394227603e-09,,0.1357301221690157,0.6343506088200407
Full,pure_NH3_phi0.9,0.12109375000000003,682.4058323804237,0.1408364183626507,0.08577112708612525,8.732611959770182e-05,0.00026022932677509587,2.0738840327012855e-09,,0.134186346639846,0.6348122114288235
Full,pure_NH3_phi0.9,0.12500000000000003,701.8489752320504,0.13848301337206145,0.08914116870761798,9.208227628273428e-05,0.00027630702246352794,2.6458189885355765e-09,,0.13259837372729832,0.6353052458392793
Full,pure_NH3_phi0.9,0.12890625000000003,721.6851898337256,0.13608588640884556,0.09256614815338482,9.709772528836567e-05,0.0002930599119677658,3.3763653962076e-09,,0.13096613967600812,0.6358304729610658
Full,pure_NH3_phi0.9,0.13281250000000003,741.9086542913833,0.13364546464107452,0.09604491326309517,0.00010239758474045675,0.0003104981451335747,4.317080088117131e-09,,0.12928958925823203,0.6363886203399222
Full,pure_NH3_phi0.9,0.13671875000000003,762.513666586724,0.13116215133185585,0.09957635192422545,0.00010801045132955324,0.0003286314160076964,5.540922933122946e-09,,0.12756867582381592,0.6369803826871756
Full,pure_NH3_phi0.9,0.14062500000000003,783.494622569577,0.1286363257864659,0.10315938991753634,0.00011396878716589463,0.0003474689271495915,7.152517033795149e-09,,0.12580336159828237,0.6376064223173947
Full,pure_NH3_phi0.9,0.14453125000000006,804.8459847769685,0.12606834331868763,0.10679298828229003,0.00012030934353852554,0.00036701934999584936,9.303368583319745e-09,,0.12399361822990485,0.6382673694386125
Full,pure_NH3_phi0.9,0.14843750000000006,826.5622417586989,0.12345853524955908,0.11047614017423274,0.0001270736281565311,0.00038729078263584327,1.2214270546730961e-08,,0.12213942759136676,0.6389638222359669
Full,pure_NH3_phi0.9,0.15234375000000006,848.6378575033482,0.12080720899572035,0.11420786714628162,0.00013430842805012768,0.0004082907068468358,1.6207980730430798e-08,,0.12024078285153199,0.6396963466831437
Full,pure_NH3_phi0.9,0.15625000000000003,871.0672104826016,0.11811464835988444,0.11798721473364757,0.00014206640924278,0.0004300259461534878,2.1756410611724036e-08,,0.11829768985246839,0.6404654760060311
Full,pure_NH3_phi0.9,0.16015625,893.8445217587251,0.11538111420239326,0.12181324717198193,0.0001504068263723994,0.0004525026257678043,2.9548065090344768e-08,,0.11631016886040908,0.641271709708985
Full,pure_NH3_phi0.9,0.16406250000000003,916.9637715245709,0.11260684574919808,0.12568504101951453,0.00015939638945520877,0.00047572613374864057,4.058343237642185e-08,,0.11427825680929278,0.6421155120557733
Full,pure_NH3_phi0.9,0.16796875000000003,940.4186033673843,0.1097920628763825,0.12960167739234574,0.00016911034875461572,0.0004997010813940436,5.6308546346942735e-08,,0.1122020102212517,0.6429973098744375
Full,pure_NH3_phi0.9,0.17187500000000003,964.2022154751706,0.1069369698035105,0.13356223245590018,0.0001796338692626623,0.0005244312606542331,7.880013022683272e-08,,0.11008150906576838,0.6439174895280357
Full,pure_NH3_phi0.9,0.17578125000000003,988.3072379581245,0.10404176072782967,0.13756576574421703,0.00019106377029801664,0.0005499195973388444,1.1101963182022618e-07,,0.10791686190103217,0.6448763928614798
Full,pure_NH3_phi0.9,0.17968750000000003,1012.7255954742203,0.10110662804025052,0.14161130580143627,0.00020351070001739977,0.0005761680999565402,1.571580277837731e-07,,0.10570821271847625,0.6458743118981962
Full,pure_NH3_phi0.9,0.18359375000000003,1037.448494130394,0.09813177403606517,0.14569783234830763,0.0002171017960727307,0.0006031778023280816,2.2309829402333445e-07,,0.10345575008127242,0.6469114819745709
Full,pure_NH3_phi0.9,0.18750000000000003,1062.4663225437093,0.09511742708151902,0.14982425421883133,0.00023198385093545475,0.0006309486963438809,3.1702691303434115e-07,,0.10115971913592427,0.6479880729658841
Full,pure_NH3_phi0.9,0.19140625000000003,1087.7684461429699,0.09206386307882912,0.15398938259089126,0.0002483269543793005,0.000659479650095308,4.50220835778817e-07,,0.09882043692234756,0.6491041782757863
Full,pure_NH3_phi0.9,0.1953125,1113.3430400176062,0.0889714331839029,0.1581918989438322,0.0002663285236581213,0.0006887683030865659,6.379045648091518e-07,,0.09643831149584328,0.6502598011831263
Full,pure_NH3_phi0.9,0.197265625,1126.2284583575931,0.0874108279174583,0.16030660399655203,0.00027603941203014086,0.0007036953810596766,7.590732781157978e-07,,0.09523137608155731,0.6508523942950691
Full,pure_NH3_phi0.9,0.19921875,1139.177426700779,0.08584061749840496,0.1624301471435044,0.00028625885806481994,0.0007188125445164337,9.022044265677961e-07,,0.09401383734578239,0.6514549151339704
Full,pure_NH3_phi0.9,0.201171875,1152.1880121885397,0.08426088691941207,0.1645623048224657,0.0002970215926623004,0.0007341190433413225,1.071127402461549e-06,,0.0927857849169398,0.6520673299872032
Full,pure_NH3_phi0.9,0.203125,1165.258168143589,0.08267173448550509,0.1667028366921249,0.00030836487308430916,0.0007496140021916685,1.2701549097963865e-06,,0.09154731961083458,0.6526895954603041
Full,pure_NH3_phi0.9,0.205078125,1178.3857269369232,0.08107327396117145,0.16885148367346453,0.000320328587495803,0.000765296405036297,1.5042106881357169e-06,,0.0902985546584822,0.653321657560281
Full,pure_NH3_phi0.9,0.20703125,1191.5683928003514,0.07946563685880464,0.171007965920274,0.0003329553437003301,0.0007811650766976321,1.7789146345197531e-06,,0.08903961702658574,0.6539634507002526
Full,pure_NH3_phi0.9,0.208984375,1204.803734474681,0.07784897491851231,0.17317198067631293,0.0003462905378557306,0.000797218660637064,2.1006632212729406e-06,,0.08777064883343404,0.6546148966185922
Full,pure_NH3_phi0.9,0.2109375,1218.0891776150975,0.07622346279036371,0.17534320001433185,0.00036038239911430505,0.0008134555921351175,2.4767127419935827e-06,,0.08649180886204841,0.6552759032089707
Full,pure_NH3_phi0.9,0.21289062500000003,1231.4219968576936,0.07458930091904178,0.1775212684616003,0.0003752820063595078,0.0008298740659202809,2.915266806292572e-06,,0.08520327417111431,0.6559463632591365
Full,pure_NH3_phi0.9,0.21484375000000003,1244.7993074226918,0.07294671862489348,0.17970580052036217,0.0003910432735853705,0.0008464719971921919,3.4255683255036386e-06,,0.08390524180274708,0.656626153097418
Full,pure_NH3_phi0.9,0.21679687500000003,1258.2180560995712,0.07129597737016027,0.18189637809419118,0.00040772290098911953,0.0008632469748899408,4.0179961241695915e-06,,0.08259793058447157,0.6573151311471818
Full,pure_NH3_phi0.9,0.21875000000000003,1271.6750114346007,0.06963737419402181,0.18409254783332707,0.0004253802895545714,0.0008801962059686489,4.704166505189483e-06,,0.08128158302092206,0.6580131363907067
Full,pure_NH3_phi0.9,0.22070312500000003,1285.1667529254594,0.0679712452951445,0.18629381841380396,0.0004440774177778289,0.0008973164493850225,5.497040437917716e-06,,0.0799564672687196,0.6587199867451732
Full,pure_NH3_phi0.9,0.22265625000000003,1298.689659026299,0.06629796973603486,0.18849965776647373,0.00046387868021393724,0.0009146039384607556,6.411037496104046e-06,,0.07862287918580337,0.6594354773546308
Full,pure_NH3_phi0.9,0.22460937500000003,1312.2398937837918,0.0646179732400489,0.190709490272755,0.0004848506886699884,0.0009320542902982747,7.4621582293470754e-06,,0.07728114444424966,0.6601593788027521
Full,pure_NH3_phi0.9,0.22656250000000003,1325.813391964483,0.06293173204990211,0.19292269394401995,0.000507062038088846,0.0009496624009697992,8.66811734404884e-06,,0.07593162069342636,0.6608914352519516
Full,pure_NH3_phi0.9,0.22851562500000003,1339.405842596837,0.061239776815634715,0.1951385976013223,0.0005305830403922269,0.0009674223252909195,1.0048490508605127e-05,,0.07457469975830291,0.6616313625149761
Full,pure_NH3_phi0.9,0.23046875000000003,1353.012670921396,0.059542696481979476,0.19735647807074994,0.0005554854307174052,0.0009853271401102778,1.1624878593355464e-05,,0.07321080985603051,0.6623788460653088
Full,pure_NH3_phi0.9,0.23242187500000003,1366.6290188393136,0.057841142147550484,0.1995755574086073,0.0005818420514906124,0.0010033687902009005,1.3421093392987228e-05,,0.07184041781259948,0.6631335389929266
Full,pure_NH3_phi0.9,0.23437500000000003,1380.249724056772,0.05613583087328437,0.20179500016859406,0.0006097265205625949,0.001021537915998648,1.54633695436636e-05,,0.07046403126061833,0.6638950599120397
Full,pure_NH3_phi0.9,0.23632812500000003,1393.869298212116,0.05442754942317041,0.2040139107212581,0.0006392128901004795,0.0010398236625889748,1.7780607620020328e-05,,0.06908220079906818,0.6646629908277651
Full,pure_NH3_phi0.9,0.23828125000000003,1407.4819043506398,0.052717157926351454,0.2062313306340852,0.000670375303023713,0.001058213469471732,2.0404653577612125e-05,,0.0676955220962762,0.6654368749693447
Full,pure_NH3_phi0.9,0.24023437500000003,1421.0813341631335,0.05100559345528132,0.20844623611889554,0.0007032876534473486,0.0010766928407152294,2.3370619772189843e-05,,0.06630463791825907,0.6662162145987796
Full,pure_NH3_phi0.9,0.24218750000000006,1434.660985422283,0.04929387351900667,0.2106575355518675,0.0007380232568374357,0.0010952450951275793,2.6717252829743617e-05,,0.06491024006590666,0.6670004688057837
Full,pure_NH3_phi0.9,0.24414062500000006,1448.2138400336455,0.04758309947323267,0.21286406707046862,0.0007746545344033393,0.001113851096011794,3.0487353868255067e-05,,0.06351307120603611,0.6677890513028143
Full,pure_NH3_phi0.9,0.24609375000000006,1461.7324430682113,0.04587445984963978,0.21506459625044846,0.0008132527146907685,0.0011324889599236122,3.47282575090599e-05,,0.062113926582991606,0.6685813282377324
Full,pure_NH3_phi0.9,0.24804687500000006,1475.2088830678667,0.044169233607321556,0.2172578138632749,0.0008538875534612289,0.0011511337436148374,3.9492379256681053e-05,,0.06071365559902394,0.6693766160460519
Full,pure_NH3_phi0.9,0.25000000000000006,1488.634773818597,0.04246879331417461,0.21944233370505428,0.0008966270708334712,0.0011697571080198964,4.483785064461841e-05,,0.05931316325303716,0.6701741793693236
Full,pure_NH3_phi0.9,0.25195312500000006,1502.0012376603734,0.040774608290449654,0.22161669045706192,0.0009415373024218822,0.0011883269577233036,5.0829291490158105e-05,,0.057913411428308456,0.6709732290692711
Full,pure_NH3_phi0.9,0.25390625000000006,1515.2988901933127,0.03908824783324569,0.22377933744104758,0.0009886820589397587,0.0012068070538009004,5.753885847173327e-05,,0.056515420020128396,0.6717729203644666
Full,pure_NH3_phi0.9,0.25585937500000006,1528.5178257623743,0.037411384910742355,0.22592864384081185,0.001038122686481215,0.0012251565971682502,6.504797427158618e-05,,0.055120267892698055,0.6725723510950882
Full,pure_NH3_phi0.9,0.25781250000000006,1541.6476018141138,0.03574580150627549,0.22806289011121916,0.001089917817170528,0.0012433297783770465,7.345090781211297e-05,,0.0537290936464975,0.673370560046683
Full,pure_NH3_phi0.9,0.26171875000000006,1567.6091036047114,0.032453753466396416,0.23228130035334957,0.0012007286326704018,0.001278999540667732,9.327855816855774e-05,,0.050961938024400744,0.674960437925153
Full,pure_NH3_phi0.9,0.26562500000000006,1593.079062791145,0.029230240086197814,0.23641728462144304,0.0013215109874448042,0.001313288069060825,0.00011798301712379432,,0.048225592359811525,0.6765326595339922
Full,pure_NH3_phi0.9,0.26953125000000006,1617.9551793110747,0.026093059047167865,0.24045417315053355,0.0014525998823530593,0.0013456053890062549,0.00014867478451162814,,0.04553121784069741,0.6780774899268491
Full,pure_NH3_phi0.9,0.27148437500000006,1630.1272310653897,0.024564325464161842,0.24242839796245189,0.0015221043640959088,0.0013607497568114686,0.00016674138379798253,,0.04420451346973003,0.67883553402048
Full,pure_NH3_phi0.9,0.27343750000000006,1642.107265106426,0.023064728228047313,0.24437081403826658,0.0015942867004604326,0.0013751103567777305,0.00018685118521022143,,0.04289300394527838,0.6795825731184909
Full,pure_NH3_phi0.9,0.27539062500000006,1653.8800552642983,0.021596932033551175,0.24627894364311734,0.0016691582566925897,0.0013885720433090734,0.00020923645359111848,,0.04159833878364739,0.6803171491407466
Full,pure_NH3_phi0.9,0.27734375000000006,1665.429944661388,0.020163658568639727,0.24815024450366482,0.0017467197972635834,0.0014010089527000697,0.00023414666248581343,,0.040322212117037876,0.6810377699402491
Full,pure_NH3_phi0.9,0.27929687500000006,1676.7408945420666,0.01876767289014437,0.2499821146508104,0.0018269592952629321,0.001412284087284197,0.00026185205964442674,,0.039066357508996674,0.6817429185415234
Full,pure_NH3_phi0.9,0.28125000000000006,1687.7965532535231,0.01741176352150928,0.2517719020650566,0.0019098492998060785,0.0014222490750897636,0.0002926446320092602,,0.03783254156177492,0.6824310647625703
Full,pure_NH3_phi0.9,0.28320312500000006,1698.5803466442392,0.016098717027661726,0.2535169183140229,0.00199534381692026,0.0014307441880171197,0.00032683741256290833,,0.03662255613808913,0.6831006793100944
Full,pure_NH3_phi0.9,0.28515625000000006,1709.0755927496537,0.01483128704314461,0.25521445633455403,0.0020833746794552206,0.0014375987189399588,0.0003647622064810735,,0.035438209016692396,0.6837502504840975
Full,pure_NH3_phi0.9,0.28710937500000006,1719.2656441453826,0.01361215755916951,0.25686181285616316,0.0021738474111280648,0.001442631835325532,0.0004067654867810992,,0.03428131280093707,0.6843783035871495
Full,pure_NH3_phi0.9,0.2890625000000001,1729.1340612462436,0.01244390038026059,0.25845631605280406,0.002266636633223465,0.001445654041278104,0.0004532020881431352,,0.03315367191051765,0.6849834230325191
Full,pure_NH3_phi0.9,0.2910156250000001,1738.6648191884724,0.011328926941838624,0.25999535895067216,0.0023615811225434053,0.0014464693877507847,0.0005044263117796284,,0.03205706751443486,0.6855642769884195
Full,pure_NH3_phi0.9,0.2929687500000001,1747.8425496939908,0.01026943510779749,0.2614764389275275,0.0024584787070543726,0.0014448785675144028,0.0005607801235076741,,0.030993240312618367,0.6861196441830055
Full,pure_NH3_phi0.9,0.2949218750000001,1756.6528173967529,0.009267352125093158,0.26289720330471394,0.0025570812798378093,0.0014406830120782207,0.0006225782862211971,,0.02996387114850119,0.6866484422302834
Full,pure_NH3_phi0.9,0.2968750000000001,1765.0824274676954,0.008324275570104558,0.2642555005484828,0.0026570903170892164,0.0014336900667696294,0.0006900905242348585,,0.028970559537708652,0.6871497565336173
Full,pure_NH3_phi0.9,0.2988281250000001,1773.11975805027,0.007441414822119029,0.2655494359712327,0.002758153391647542,0.0014237192531605055,0.0007635211681922704,,0.02801480032926116,0.6876228685063277
Full,pure_NH3_phi0.9,0.3007812500000001,1780.7551071868966,0.006619536255052348,0.2667774300928875,0.0028598622637274686,0.0014106095329261955,0.0008429871547698596,,0.02709795887252934,0.6880672815574145
Full,pure_NH3_phi0.9,0.3027343750000001,1787.981039909503,0.0058589158356225565,0.2679382770592826,0.002961753183697864,0.0013942273661253853,0.0009284957113136277,,0.026221245238975018,0.6884827430764243
Full,pure_NH3_phi0.9,0.3046875000000001,1794.7927174732424,0.005159303029669007,0.26903119982278373,0.003063310033232523,0.0013744752176897343,0.0010199234748047056,,0.025385688231499618,0.6888692605731364
Full,pure_NH3_phi0.9,0.3066406250000001,1801.1881879360424,0.004519899736461694,0.27005589829726856,0.0031639708373056886,0.0013513000233402789,0.0011169990942586753,,0.024592110090802193,0.6892271102387183
Full,pure_NH3_phi0.9,0.3085937500000001,1807.1686160624486,0.003939357325111596,0.27101258653282867,0.003263137983787796,0.0013247010014652597,0.0012192914614038842,,0.023841102958796573,0.6895568365305397
Full,pure_NH3_phi0.9,0.31054687500000006,1812.738431399645,0.0034157937395136234,0.271902015215432,0.003360192187434777,0.0012947361162740194,0.0013262055398295587,,0.023133008263021292,0.6898592419450591
Full,pure_NH3_phi0.9,0.31250000000000006,1817.9053766486156,0.002946831156693536,0.27272547652693374,0.0034545098487532284,0.001261526485322201,0.0014369872894737493,,0.02246790022224221,0.6901353668912401
Full,pure_NH3_phi0.9,0.31445312500000006,1822.6804441028285,0.0025296529983159133,0.27348478956677374,0.0035454830266247873,0.0012252581008031593,0.0015507384361172687,,0.021845574623905864,0.6903864604257357
Full,pure_NH3_phi0.9,0.31640625,1827.0776955212305,0.002161077433268523,0.2741822660202193,0.0036325408283477633,0.001186180405983981,0.0016664408965281622,,0.02126554387628825,0.6906139434426886
Full,pure_NH3_phi0.9,0.318359375,1831.11396954402,0.001837643111245421,0.27482065737100375,0.0037151706950153645,0.0011446015258621022,0.0017829896692365338,,0.02072703908851276,0.6908193665964995
Full,pure_NH3_phi0.9,0.3203125,1834.8084895970567,0.0015557019391115893,0.27540308647238,0.0037929378935238193,0.0011008802661360035,0.0018992320958810603,,0.02022901958806782,0.6910043656637619
Full,pure_NH3_phi0.9,0.322265625,1838.1823930306507,0.0013115133854286012,0.2759329674858713,0.0038655015674173964,0.0010554153234450419,0.002014010746395112,,0.01977018986919894,0.6911706171516764
Full,pure_NH3_phi0.9,0.32421875,1841.2582079645629,0.0011013351132093327,0.27641391888584294,0.003932625958694887,0.001008632441535118,0.002126206919307004,,0.019349023510814307,0.6913197967221608
Full,pure_NH3_phi0.9,0.3251953125,1842.6930296728174,0.0010076321617098086,0.2766374351601133,0.003964100103492668,0.0009849118673070938,0.002180945454244683,,0.019151925554378283,0.6913885958317474
Full,pure_NH3_phi0.9,0.32617187500000006,1844.061943986511,0.0009210852392409898,0.27685010292254847,0.00399417306429392,0.0009610255896944238,0.002234651753395588,,0.018963608200752394,0.6914537204609134
Full,pure_NH3_phi0.9,0.32812500000000006,1846.6110838509505,0.0007681314461699792,0.2772443419776515,0.004050121588619471,0.0009129182992178572,0.002338620046082922,,0.01861257560661852,0.6915735362236101
Full,pure_NH3_phi0.9,0.33007812500000006,1848.9326894196952,0.0006386625321650703,0.27760091614936183,0.004100577549923443,0.0008647906230663128,0.0024372144024627502,,0.01829357034971539,0.6916809718513435
Full,pure_NH3_phi0.9,0.33105468750000006,1850.016686917563,0.0005815876133079164,0.27776642720935096,0.00412381289831242,0.0008408682104176347,0.0024842580555782014,,0.018145292927427115,0.6917305603497059
Full,pure_NH3_phi0.9,0.33203125000000006,1851.052132068106,0.0005292676025174893,0.27792384647293195,0.00414574597562539,0.000817086535437429,0.0025297294439984392,,0.018004250457534413,0.6917775471344734
Full,pure_NH3_phi0.9,0.3330078125,1852.0417257049776,0.0004813568347614738,0.27807360417335236,0.004166411095346544,0.0007934895346211366,0.0025735715903281104,,0.017870172144198816,0.6918220867115789
Full,pure_NH3_phi0.9,0.33398437500000006,1852.9880856217985,0.00043752744377146993,0.2782161175246744,0.004185846345962483,0.0007701184624808833,0.0026157378924945773,,0.017742786575157966,0.6918643260596173
Full,pure_NH3_phi0.9,0.33496093750000006,1853.8937393604735,0.000397469360030277,0.27835178986374054,0.004204093020001302,0.0007470117308379417,0.002656191825747701,,0.017621822855134046,0.6919044046484799
Full,pure_NH3_phi0.9,0.33593750000000006,1854.7611183180038,0.0003608901577633761,0.27848100997706576,0.00422119504222616,0.0007242047902789867,0.0026949065482955166,,0.017507011679268766,0.6919424545209282
Full,pure_NH3_phi0.9,0.33789062500000006,1856.3880831300157,0.000297340889927416,0.27872122097715357,0.004252104006773227,0.0006795867832988978,0.002767067087480587,,0.01729504109946132,0.6920128439615064
Full,pure_NH3_phi0.9,0.33984375000000006,1857.8889775114862,0.0002446004077634642,0.27893994937776123,0.0042790175819545076,0.0006365134432312857,0.002832196561955294,,0.017104454891148306,0.6920765578506837
Full,pure_NH3_phi0.9,0.34179687500000006,1859.2793870193277,0.00020095017902228555,0.27913971670623283,0.004302329574716224,0.0005951577402946499,0.002890396527295262,,0.016933249965755185,0.6921343965701913
Full,pure_NH3_phi0.9,0.34375000000000006,1860.5732038442209,0.00016490714403749165,0.2793227949379434,0.004322429737042781,0.0005556469915905821,0.002941869497092988,,0.01677952351665441,0.6921870629883574
Full,pure_NH3_phi0.9,0.34570312500000006,1861.7826873401598,0.0001352020709304517,0.27949121462589055,0.0043396933878091255,0.0005180666618378123,0.002986898521312383,,0.01664148750815791,0.6922351717150388
Full,pure_NH3_phi0.9,0.34765625000000006,1862.9185609776985,0.00011075653341662403,0.27964677807253413,0.004354473753199663,0.0004824649767843391,0.0030258269887106343,,0.016517478265341837,0.6922792585516099
Full,pure_NH3_phi0.9,0.34960937500000006,1863.990133724238,9.065981391778095e-05,0.27979107589180796,0.0043670968382830185,0.00044885795070547657,0.0030590396417727868,,0.016405961659612722,0.6923197897053934
Full,pure_NH3_phi0.9,0.35156250000000006,1865.005435398068,7.41466160823399e-05,0.2799255056705762,0.004377858486942899,0.00041723449369803715,0.0030869453784394766,,0.0163055345347796,0.6923571704978537
Full,pure_NH3_phi0.9,0.35546875000000006,1866.8879603530922,4.994635611414356e-05,0.28016844286297965,0.0043945920258289875,0.0003598366544349208,0.0031280927375446853,,0.016134119478408183,0.6924235404498534
Full,pure_NH3_phi0.9,0.35937500000000006,1868.61666712801,3.3671224109376005e-05,0.28038474002949115,0.00440670648744145,0.000309701307831198,0.0031531517717616115,,0.01599310012420899,0.6924810662797043
Full,pure_NH3_phi0.9,0.36328125000000006,1870.2222717688192,2.272791329694264e-05,0.28058023967602447,0.004415499191314875,0.00026619675932315303,0.0031652317648967867,,0.015875612444308608,0.6925314522035161
Full,pure_NH3_phi0.9,0.36718750000000006,1871.726885553588,1.5357676394590517e-05,0.28075930638032687,0.0044219194324961845,0.000228627353982692,0.003167053766921463,,0.015776279385469348,0.6925760062841921
Full,pure_NH3_phi0.9,0.37109375000000006,1873.146522966263,1.0374769894181186e-05,0.2809251938819128,0.004426649660472114,0.00019629433077815382,0.0031609152384916715,,0.01569094086637441,0.6926157442171827
Full,pure_NH3_phi0.9,0.37500000000000006,1874.4929507900492,6.9811632644252215e-06,0.2810803342921609,0.004430175548970048,0.00016853337463021054,0.0031487033811201984,,0.015616406736124256,0.6926514650951474
Full,pure_NH3_phi0.9,0.38281250000000006,1876.9928182968315,3.344707254693601e-06,0.2813638881377116,0.004434648617060588,0.00012489747897634094,0.0031106008438312877,,0.015492446870317127,0.6927127707530196
Full,pure_NH3_phi0.9,0.390625,1879.2843918425638,1.6274644726669817e-06,0.2816213831250756,0.004437285217903865,9.281847272647223e-05,0.003062764940552426,,0.015389226199320078,0.6927643473562718
Full,pure_NH3_phi0.9,0.3984375,1881.3982331899076,8.051043284413237e-07,0.2818583510902875,0.004438882202644519,6.921531533949075e-05,0.0030102122740122824,,0.015299697559829323,0.6928086154137831
Full,pure_NH3_phi0.9,0.40625,1883.3564809743848,4.0538957283428377e-07,0.2820782755573899,0.004439861710278653,5.180683655975408e-05,0.0029558829215603757,,0.015219809920250202,0.6928472699451614
Full,pure_NH3_phi0.9,0.4140625,1885.1763496294639,2.080861986707268e-07,0.2822834958010587,0.004440457999506487,3.892577190944183e-05,0.0029014620159140505,,0.015147190835205873,0.6928815259008476
Full,pure_NH3_phi0.9,0.421875,1886.8718806316367,1.0912986153764216e-07,0.28247569253218074,0.004440807698012929,2.9360018938499484e-05,0.0028478910576728127,,0.0150804051208517,0.6929122704483766
Full,pure_NH3_phi0.9,0.42968750000000006,1888.454886081177,5.866507275672015e-08,0.2826561514833854,0.004440994322102915,2.222924813676491e-05,0.0027956765042315996,,0.015018542383507234,0.69294016165564
Full,pure_NH3_phi0.9,0.43750000000000006,1889.93550453757,3.246831573693497e-08,0.2828259091328829,0.004441071025543271,1.689312155844453e-05,0.002745072661293668,,0.014960988704228108,0.6929656946281882
Full,pure_NH3_phi0.9,0.44531250000000006,1891.3225585908094,1.860136918275834e-08,0.2829858353053746,0.004441072753596081,1.2884479560222524e-05,0.002696189006003423,,0.014907300441833114,0.6929892469500362
Full,pure_NH3_phi0.9,0.45312500000000006,1892.6238025487019,1.1094459809964324e-08,0.2831366814498122,0.004441023061240873,9.861186054522704e-06,0.0026490529012903226,,0.014857134387447492,0.6930111104795472
Full,pure_NH3_phi0.9,0.46093750000000006,1893.846103325719,6.915361644463214e-09,0.2832791096616025,0.004440938126930363,7.571541576181486e-06,0.002603646509040596,,0.01481020889867321,0.6930315138955521
Full,pure_NH3_phi0.9,0.46875000000000006,1894.9955740840635,4.4941616413318195e-09,0.28341370895403806,0.004440829222004816,5.829430031002978e-06,0.00255993076976393,,0.014766281770908439,0.6930506387765861
Full,pure_NH3_phi0.9,0.4843750000000001,1897.0924141338835,2.415327036788875e-09,0.28366096325129825,0.00444056335036781,3.5722597308120042e-06,0.002477482529969327,,0.014686768762683693,0.69308549031054
Full,pure_NH3_phi0.9,0.5000000000000001,1898.9625528649128,1.553123295501556e-09,0.2838832018137986,0.0044402704146363275,2.233186693852046e-06,0.0024009734941443325,,0.014616667762227427,0.6931166883168776
Full,pure_NH3_phi0.9,0.5156250000000001,1900.6364509385012,1.1419500128631414e-09,0.28408351544190064,0.004439968809278192,1.4306099261033763e-06,0.0023299090286509764,,0.014554748686574116,0.6931448309715486
Full,pure_NH3_phi0.9,0.5312500000000001,1902.1394453339665,9.174668059611584e-10,0.2842645232603578,0.004439667856563877,9.447623792330804e-07,0.0022638360600371384,,0.014499959976849237,0.6931703625539438
Full,pure_NH3_phi0.9,0.5468750000000001,1903.4927996624876,7.797579722018925e-10,0.28442846221878226,0.004439372131998247,6.475959742878949e-07,0.0022023452556999717,,0.014451399204102308,0.6931936265529999
Full,pure_NH3_phi0.9,0.5625000000000001,1904.714488304564,6.870007214203992e-10,0.28457725311756404,0.004439083709103292,4.6370082241110905e-07,0.0021450693986435204,,0.014408290612448959,0.6932148974567428
Full,pure_NH3_phi0.9,0.5781250000000002,1905.8197978768646,6.197500282773655e-10,0.28471255271801305,0.004438803344281328,3.4819678717624236e-07,0.0020916801415262736,,0.01436996612575313,0.6932344004844742
Full,pure_NH3_phi0.9,0.5937500000000002,1906.821791791489,5.68027975102233e-10,0.2848357937254708,0.004438531107752702,2.7404086324313794e-07,0.002041887559987048,,0.014335848015620928,0.6932523241759981
Full,pure_NH3_phi0.9,0.6250000000000001,1908.5492872038967,4.945574184550698e-10,0.28504970523368384,0.004438010170856646,1.99904017577959e-07,0.0019524837548920348,,0.01427870154423149,0.6932839100106976
Full,pure_NH3_phi0.9,0.6562500000000001,1909.9932889080842,4.409979083121287e-10,0.28522966235850133,0.004437514224967739,1.6411993813531428e-07,0.001874267233383662,,0.01423259892199362,0.6933108545283242
Full,pure_NH3_phi0.9,0.6875000000000001,1911.2077290791938,3.995058018393622e-10,0.28538185482630607,0.004437039383824043,1.4460521066455273e-07,0.0018057309729010097,,0.014195189421719488,0.6933339573677877
Full,pure_NH3_phi0.9,0.7187500000000001,1912.2343750456712,3.6622321109284273e-10,0.2855111437120322,0.00443658217368259,1.3238422344239873e-07,0.0017456055621910918,,0.014164681793599912,0.6933538520462987
Full,pure_NH3_phi0.9,0.7500000000000001,1913.105980977487,3.389839452053847e-10,0.28562139074790865,0.004436139662010848,1.237206439379655e-07,0.0016928130861021073,,0.014139698635561701,0.693371048330091
Full,pure_NH3_phi0.9,0.78125,1913.8485121648364,3.164153965905629e-10,0.2857156943483866,0.004435709427031808,1.1700621311938843e-07,0.0016464335272798705,,0.014119171688405761,0.6933859612937944
Full,pure_NH3_phi0.9,0.8125,1914.4827362284223,2.9755546503164784e-10,0.28579656201656234,0.0044352894812915095,1.1151032664824374e-07,0.001605683503922495,,0.014102262232254019,0.6933989319539413
Full,pure_NH3_phi0.9,0.8750000000000001,1915.4761781912298,2.688314613022738e-10,0.28592399708990845,0.004434475353228969,1.0307823350019952e-07,0.0015392781099483493,,0.01407723918263656,0.6934198875910763
Full,pure_NH3_phi0.9,0.9375000000000001,1916.222330238047,2.4805296490559177e-10,0.2860199968694133,0.004433681733054963,9.6734581244561e-08,0.0014876253093811906,,0.014059511395450896,0.6934359219911693
Full,pure_NH3_phi0.9,1.0000000000000002,1916.786883628947,2.3285683505741613e-10,0.2860927757183141,0.004432902620133794,9.191084272530767e-08,0.0014474581912070114,,0.01404679919781416,0.693448265715488
Full,pure_NH3_phi0.9,1.0625000000000002,1917.216467345985,2.2162534939065645e-10,0.2861482178020294,0.004432133909855617,8.822509316019012e-08,0.0014162345509633023,,0.014037598498316262,0.6934578204783324
Full,pure_NH3_phi0.9,1.1250000000000002,1917.5447872942648,2.132479616321807e-10,0.28619060818428244,0.0044313727748002425,8.540048265561071e-08,0.0013919742089275329,,0.014030895702811208,0.6934652557068269
Full,pure_NH3_phi0.9,1.1875,1917.7965670166798,2.069510856246639e-10,0.2862231086066372,0.004430617248622151,8.323097479746816e-08,0.0013731330148929063,,0.014025995620935075,0.6934710735518914
Full,pure_NH3_phi0.9,1.25,1917.9901529893577,2.0218746335985993e-10,0.2862480764131532,0.004429865952159439,8.156158429802288e-08,0.0013585064172528102,,0.014022413803108263,0.6934756537355264
Full,pure_NH3_phi0.9,1.3125000000000002,1918.1392838227114,1.9856425805052318e-10,0.2862672837750045,0.004429117913103386,8.027501348727244e-08,0.0013471549392897993,,0.014019807788728264,0.6934792852136719
Full,pure_NH3_phi0.9,1.375,1918.2543204809658,1.9579568747274086e-10,0.2862820717251817,0.0044283724470601145,7.928207333432222e-08,0.0013383460851939045,,0.014017932458465625,0.6934821889679059
Full,pure_NH3_phi0.9,1.4375,1918.3431196969366,1.936713024888559e-10,0.28629346049473375,0.004427629079083814,7.851467651685043e-08,0.0013315088423696423,,0.014016610543375635,0.6934845346629351
Full,pure_NH3_phi0.9,1.5,1918.4116655220548,1.9203426646084256e-10,0.28630222994278187,0.004426887492033876,7.79207026920789e-08,0.0013261981580734107,,0.0140157126162103,0.6934864529528465
Full,pure_NH3_phi0.9,1.625,1918.5017145673194,1.898665692438649e-10,0.2863137054997284,0.004425409067918242,7.71338718214857e-08,0.0013191241321116505,,0.014014897876063224,0.6934893095290652
Full,pure_NH3_phi0.9,1.7500000000000002,1918.5577658780715,1.8852340546247382e-10,0.2863207270919542,0.004423934938456231,7.66445870589214e-08,0.001314733917772636,,0.014014733701652312,0.69349138921078
Full,pure_NH3_phi0.9,2.0,1918.610194393236,1.872671288702305e-10,0.28632696257675533,0.004421001286330104,7.619297048817088e-08,0.001310697799653558,,0.014015521910291734,0.6934941782035747
Full,pure_NH3_phi0.9,2.5,1918.6440649366348,1.86589969272155e-10,0.28632988356259864,0.004415221577537406,7.596387209048267e-08,0.0013087644125745976,,0.014018142951489442,0.6934977786325092
Full,pure_NH3_phi0.9,3.4999999999999996,1918.6710769545261,1.863415019123174e-10,0.28633039479861827,0.00440474407917371,7.590956827196773e-08,0.0013085491525318589,,0.014023253916135845,0.6935031714099018
Full,pure_NH3_phi0.9,5.0,1918.6710769545261,1.8634150191223712e-10,0.2863303947984949,0.004404744079171812,7.590956827193502e-08,0.001308549152531295,,0.014023253916129803,0.6935031714100338
Reduced,pure_NH3_phi0.9,0.0,298.0,0.19241331102288464,0.011362900973183737,1.245803864376927e-06,2.911075318966535e-05,5.046102651192796e-13,,0.16416243973646047,0.6301241730054131
Reduced,pure_NH3_phi0.9,0.015625000000000003,317.5432800804998,0.189611924565552,0.015309899021538665,1.7079995039955439e-06,4.339724358092164e-05,6.244371759570874e-13,,0.16285378032804232,0.6300832217191487
Reduced,pure_NH3_phi0.9,0.03125000000000001,342.32871678106363,0.18614506664298253,0.020268498798847612,2.321259080358652e-06,6.344080099698279e-05,1.3817384627968204e-12,,0.16115788587484328,0.6300680853312013
Reduced,pure_NH3_phi0.9,0.04687500000000001,373.03351389021236,0.1819567897427653,0.026327047819700817,3.122879913647566e-06,9.078491556896219e-05,3.499263607881173e-12,,0.1590132572888518,0.6301079901012384
Reduced,pure_NH3_phi0.9,0.05468750000000001,390.893773446299,0.1795690274502317,0.02980362795511213,3.615295540652155e-06,0.00010790115641227758,5.795111274459933e-12,,0.15774645328394532,0.6301627512929088
Reduced,pure_NH3_phi0.9,0.06250000000000001,410.5323499343691,0.17697850105823965,0.03358773786626075,4.180683129181374e-06,0.0001277069631560338,9.590212546356188e-12,,0.15633790468713885,0.6302504041998206
Reduced,pure_NH3_phi0.9,0.07031250000000001,431.9836339094189,0.17418505894807,0.03767737114108548,4.8299253300225695e-06,0.00015044561088064465,1.5872891710021233e-11,,0.15478200437158865,0.6303786636851676
Reduced,pure_NH3_phi0.9,0.07812500000000001,455.26544952965213,0.17118991876244044,0.042067834098596345,5.576280595133179e-06,0.00017635595661765185,2.632124580190672e-11,,0.15307400682035083,0.6305556792012791
Reduced,pure_NH3_phi0.9,0.08593750000000001,480.3800900573137,0.16799537376669646,0.04675230030532214,6.4360071947633e-06,0.00020567102674926254,4.3842626622047554e-11,,0.15120996009505436,0.6307898390973788
Reduced,pure_NH3_phi0.9,0.09375000000000001,507.316015393185,0.16460449513592623,0.051722385505474186,7.429080076122202e-06,0.00023861726881608367,7.359055535962352e-11,,0.1491866119897497,0.6310895849133532
Reduced,pure_NH3_phi0.9,0.1015625,536.0500235488137,0.16102085482882114,0.05696869040661723,8.579977089301714e-06,0.00027541435957816014,1.2491510222008448e-10,,0.14700130416157928,0.631463249525155
Reduced,pure_NH3_phi0.9,0.10937500000000001,566.5496839674197,0.1572482854982741,0.06248127467371046,9.918487816288058e-06,0.0003162754285940982,2.1513497888941722e-10,,0.14465186602470337,0.6319189272080921
Reduced,pure_NH3_phi0.9,0.11718750000000001,598.7758224911458,0.15329068559918896,0.06825004223350539,1.1480479924277196e-05,0.00036140755225381565,3.767711322724381e-10,,0.1421365172153956,0.6324643780747058
Reduced,pure_NH3_phi0.9,0.12109375000000003,615.5358169029707,0.1512428186623927,0.07122857075281905,1.2362363449125147e-05,0.00038567079595638355,5.044135469792792e-10,,0.14081519833297254,0.632773670001043
Reduced,pure_NH3_phi0.9,0.12500000000000003,632.7215600144162,0.14914909707232474,0.07426880405486372,1.3318963510429284e-05,0.0004111178718828386,6.783228735986672e-10,,0.1394506863252034,0.6331089086132092
Reduced,pure_NH3_phi0.9,0.12890625000000003,650.3268842191565,0.1470100027040254,0.07736947601830778,1.435714938319997e-05,0.0004377748638915788,9.165916759982559e-10,,0.13804283135384746,0.6334709869636824
Reduced,pure_NH3_phi0.9,0.13281250000000003,668.3455719311498,0.14482600004996965,0.080529351690912,1.5484359392577143e-05,0.00046566755480001063,1.2445740823289607e-09,,0.1365914969738107,0.6338607674314413
Reduced,pure_NH3_phi0.9,0.13671875000000003,686.7713995181792,0.14259753443734066,0.08374722990697557,1.6708649379744086e-05,0.0004948214483870435,1.6980483356940828e-09,,0.13509655889387578,0.6342790816694411
Reduced,pure_NH3_phi0.9,0.14062500000000003,705.5981717456724,0.1403250306440128,0.08702194486999537,1.803875880874821e-05,0.0005252617900847234,2.3276397762334044e-09,,0.1335579040548842,0.6347267307486791
Reduced,pure_NH3_phi0.9,0.14453125000000006,724.8197461754661,0.13800889183956067,0.0903523668090164,1.948420160209901e-05,0.000557013586247522,3.2051412986159907e-09,,0.1319754300216771,0.6352044854417338
Reduced,pure_NH3_phi0.9,0.14843750000000006,744.4300470736006,0.1356494987875366,0.09373740180242753,2.105538943177819e-05,0.0005901016219497413,4.432542303592236e-09,,0.13034904468153385,0.6357130865916255
Reduced,pure_NH3_phi0.9,0.15234375000000006,764.4230684808141,0.13324720926065808,0.09717599084340967,2.2763795212362327e-05,0.0006245504772783515,6.154900993030329e-09,,0.12867866624084068,0.6362532455144261
Reduced,pure_NH3_phi0.9,0.15625000000000003,784.7928662011684,0.130802357642303,0.10066710819725169,2.4622163743252626e-05,0.0006603845420415409,8.578637579681146e-09,,0.12696422351314854,0.6368256443858625
Reduced,pure_NH3_phi0.9,0.16015625,805.5335385637528,0.1283152547163608,0.10420975907242437,2.6644774652907275e-05,0.0006976280286723768,1.1997416455083251e-08,,0.12520565649758744,0.637430936562885
Reduced,pure_NH3_phi0.9,0.16406250000000003,826.6391958952299,0.12578618768287236,0.10780297659463076,2.8847759881660352e-05,0.0007363049828241725,1.6828558227273742e-08,,0.1234029172594705,0.6380697467901281
Reduced,pure_NH3_phi0.9,0.16796875000000003,848.1039186866067,0.12321542047803324,0.1114458180360431,3.124947384178627e-05,0.0007764392906547925,2.3663914479699307e-08,,0.12155597114743469,0.6387426712380022
Reduced,pure_NH3_phi0.9,0.17187500000000003,869.9217044260214,0.12060319452221197,0.11513736021065892,3.387090914910406e-05,0.0008180546809666982,3.3340384758286846e-08,,0.11966479841482928,0.6394502773132905
Reduced,pure_NH3_phi0.9,0.17578125000000003,892.0864029892526,0.1179497300663765,0.11887669390145127,3.673614458845936e-05,0.00086117471903948,4.703678663536334e-08,,0.1177293963564813,0.6401931031743369
Reduced,pure_NH3_phi0.9,0.17968750000000003,914.5916403364198,0.11525522835365734,0.12266291713636863,3.9872805060711306e-05,0.0009058227869233203,6.640562418984407e-08,,0.11574978212217513,0.6409716568708826
Reduced,pure_NH3_phi0.9,0.18359375000000003,937.4307300841863,0.11251987485746737,0.12649512707950009,4.331250611159675e-05,0.0009520220418337473,9.375043890880979e-08,,0.11372599642029353,0.6417864150132022
Reduced,pure_NH3_phi0.9,0.18750000000000003,960.59657235684,0.10974384390079502,0.13037241025300444,4.709124881994521e-05,0.0009997953396902446,1.322618485127872e-07,,0.1116581083736117,0.6426378208559363
Reduced,pure_NH3_phi0.9,0.19140625000000003,984.0815392320196,0.10692730500455414,0.134293830758084,5.124972490929395e-05,0.00104916510428958,1.8632804900867186e-07,,0.10954622182967526,0.6435262816584395
Reduced,pure_NH3_phi0.9,0.1953125,1007.8773461555651,0.10407043135924039,0.13825841612380582,5.583348745824871e-05,0.0011001531135909316,2.6193870201886557e-07,,0.10739048345752263,0.6444521651548155
Reduced,pure_NH3_phi0.9,0.19921875,1031.97490308737,0.10117341084807652,0.14226514040122396,6.0892939896094154e-05,0.0011527801628214245,3.672000582470187e-07,,0.1051910929748362,0.6454157949349252
Reduced,pure_NH3_phi0.9,0.203125,1056.3642939069728,0.09823646029639971,0.14631290390780433,6.648309517155097e-05,0.0012070655467651403,5.129839366393559e-07,,0.10294831595423178,0.6464174444538041
Reduced,pure_NH3_phi0.9,0.20703125,1081.0347904382943,0.09525984352731208,0.1504005091596624,7.266305660454593e-05,0.001263026285850831,7.135926853798946e-07,,0.10066249968724612,0.6474573293317851
Reduced,pure_NH3_phi0.9,0.208984375,1093.4720478821678,0.0937567868377615,0.1524587538310577,7.599839869958863e-05,0.0012916405327008564,8.407105831202306e-07,,0.09950361021726385,0.6479916712825355
Reduced,pure_NH3_phi0.9,0.2109375,1105.9756857921543,0.09224386803621516,0.15452652303982894,7.95064817271346e-05,0.001320683373233164,9.891203775579428e-07,,0.09833403593376418,0.6485357202528315
Reduced,pure_NH3_phi0.9,0.21289062500000003,1118.5440498223963,0.09072114677280638,0.15660362223313035,8.319555056983493e-05,0.001350155661121913,1.1622379637445337e-06,,0.09715385438173561,0.6490894817137463
Reduced,pure_NH3_phi0.9,0.21484375000000003,1131.175413785733,0.08918869020394628,0.1586898453331921,8.707391225254215e-05,0.0013800578133339502,1.36386670479673e-06,,0.09596315179475819,0.6496529558198577
Reduced,pure_NH3_phi0.9,0.21679687500000003,1143.867971029244,0.08764657519667776,0.16078497257075378,9.11498654733915e-05,0.0014103896779698835,1.5983084352794694e-06,,0.09476202497591703,0.6502261359697491
Reduced,pure_NH3_phi0.9,0.21875000000000003,1156.6198297862281,0.08609488962503582,0.16288876918355108,9.5431644689189e-05,0.0014411504318064274,1.8704324929258024e-06,,0.09355058216048773,0.650809008348272
Reduced,pure_NH3_phi0.9,0.22070312500000003,1169.4290083144458,0.08453373389907219,0.16500098399269864,9.992735722741881e-05,0.001472338454924639,2.1857403897005835e-06,,0.0923289440754346,0.6514015512501603
Reduced,pure_NH3_phi0.9,0.22265625000000003,1182.2934298580324,0.08296322263508554,0.1671213479155513,0.0001046449174778787,0.0015039511870710903,2.5504338811728525e-06,,0.09109724505755117,0.6520037343407693
Reduced,pure_NH3_phi0.9,0.22460937500000003,1195.2109173731142,0.0813834864775457,0.16924957241580305,0.00010959197944149593,0.0015359849640669138,2.971488138208852e-06,,0.08985563422845776,0.6526155178510363
Reduced,pure_NH3_phi0.9,0.22656250000000003,1208.1791879406403,0.07979467408134146,0.17138534789316082,0.00011477586928952542,0.001568434832684507,3.456730707558735e-06,,0.08860427672372272,0.653236851704325
Reduced,pure_NH3_phi0.9,0.22851562500000003,1221.1958467712018,0.07819695426170437,0.17352834201531506,0.00012020352000451776,0.0016012943425670872,4.014926859180361e-06,,0.08734335497245671,0.6538676745733952
Reduced,pure_NH3_phi0.9,0.23046875000000003,1234.2583806884554,0.0765905183176018,0.17567819799495193,0.00012588141063121086,0.0016345553139810128,4.65587205239603e-06,,0.08607307002287648,0.6545079128663773
Reduced,pure_NH3_phi0.9,0.23242187500000003,1247.3641509622746,0.07497558253238781,0.17783453281432735,0.00013181551315263984,0.0016682075804694291,5.390492478386368e-06,,0.08479364290859813,0.6551574796412962
Reduced,pure_NH3_phi0.9,0.23437500000000003,1260.5103853520313,0.073352390852962,0.1799969353994769,0.0001380112505119043,0.0017022387058193199,6.230954931673594e-06,,0.08350531604980524,0.6558162734493231
Reduced,pure_NH3_phi0.9,0.23632812500000003,1273.6941692166413,0.07172121774572587,0.18216496474542165,0.0001444734698066815,0.0017366336751603656,7.190787625693581e-06,,0.08220835468302634,0.6564841771075269
Reduced,pure_NH3_phi0.9,0.23828125000000003,1286.9124355531876,0.07008237122429496,0.18433814799280349,0.00015120643517132327,0.0017713745604767456,8.285013994428098e-06,,0.08090304831307796,0.6571610564023216
Reduced,pure_NH3_phi0.9,0.24023437500000003,1300.1619538416592,0.06843619604042149,0.1865159784551763,0.00015821384530666043,0.0018064401613215287,9.530302005232254e-06,,0.07958971218083638,0.6578467587250502
Reduced,pure_NH3_phi0.9,0.24218750000000006,1313.4393176004435,0.06678307702614057,0.18869791359477672,0.00016549888099483482,0.0018418056220654273,1.0945132032582378e-05,,0.07826868874092262,0.6585411116411232
Reduced,pure_NH3_phi0.9,0.24414062500000006,1326.7409305953606,0.06512344257204915,0.19088337294295418,0.00017306428821957685,0.0018774420275701105,1.254998688802275e-05,,0.0769403491441341,0.6592439213938219
Reduced,pure_NH3_phi0.9,0.24609375000000006,1340.062991692716,0.06345776822422418,0.19307173595966762,0.00018091250267715067,0.001913315979735755,1.4367568149213428e-05,,0.07560509472054251,0.6599549713432104
Reduced,pure_NH3_phi0.9,0.24804687500000006,1353.4014784008693,0.06178658038092027,0.19526233982449065,0.00018904582148947612,0.00194938915791453,1.6423043490402104e-05,,0.07426335846053579,0.6606740203397045
Reduced,pure_NH3_phi0.9,0.25000000000000006,1366.7521292006006,0.06011046007035069,0.19745447714936543,0.00019746662780514095,0.0019856178666916875,1.874433042219274e-05,,0.0729156064926719,0.6614008010306499
Reduced,pure_NH3_phi0.9,0.25195312500000006,1380.1104248156287,0.05843004679346103,0.19964739360025596,0.00020617767369056055,0.0020219525750004553,2.1362423297863175e-05,,0.0715623395589392,0.6621350180969245
Reduced,pure_NH3_phi0.9,0.25390625000000006,1393.471568611381,0.05674604242327263,0.20184028540845855,0.00021518242627432943,0.002058337450943503,2.4311774883385035e-05,,0.07020409448974936,0.662876346414997
Reduced,pure_NH3_phi0.9,0.25585937500000006,1406.8304663137574,0.055059215174055105,0.20403229673370243,0.00022448548151553888,0.00209470989703189,2.7630759197927274e-05,,0.06884144568258717,0.6636244291374119
Reduced,pure_NH3_phi0.9,0.25781250000000006,1420.1817051595974,0.05337040372001536,0.20622251677918524,0.0002340930492021262,0.002131000090795753,3.1362296238626005e-05,,0.06747500658937058,0.6643788756786927
Reduced,pure_NH3_phi0.9,0.25976562500000006,1433.51953226817,0.051680521758148155,0.20840997634784447,0.00024401351174197525,0.0021671305357869376,3.5554904523691555e-05,,0.0661054312172187,0.6651392595744611
Reduced,pure_NH3_phi0.9,0.26171875000000006,1446.837830939453,0.0499905640166364,0.21059364281984932,0.00025425805761946204,0.002203015627567048,4.026507153756648e-05,,0.06473341564198336,0.6659051161164412
Reduced,pure_NH3_phi0.9,0.26562500000000006,1473.3972095564636,0.04661342670387242,0.21494662273652515,0.00027576201018279697,0.0022737778248944403,5.1446381727705626e-05,,0.06198407749515437,0.6674518355218945
Reduced,pure_NH3_phi0.9,0.26953125000000006,1499.7968568107176,0.04324980990954033,0.21927065030197104,0.00029877764383052813,0.0023423468813503776,6.54874313697828e-05,,0.05923441955506087,0.6690137716985792
Reduced,pure_NH3_phi0.9,0.27343750000000006,1525.9734829050922,0.03991069330430329,0.22355507639239885,0.00032356482691775983,0.0024077285284114978,8.308083978641833e-05,,0.05649160094065077,0.670585670655743
Reduced,pure_NH3_phi0.9,0.27734375000000006,1551.8562905536435,0.03660860073783817,0.22778798404908374,0.00035050502260088674,0.002468776928741352,0.000105079363579615,,0.053763578613457354,0.6721614635593255
Reduced,pure_NH3_phi0.9,0.27929687500000006,1564.6568790051192,0.034976897091770764,0.22987991578860717,0.0003649838124988186,0.002497179971196388,0.00011809193327780601,,0.05240857388762671,0.6729481350945142
Reduced,pure_NH3_phi0.9,0.28125000000000006,1577.3529595884577,0.03335999175334318,0.23195375496521387,0.0003802231031637044,0.00252398459013973,0.00013262550205859108,,0.05106068951456589,0.6737330663554492
Reduced,pure_NH3_phi0.9,0.28320312500000006,1589.9332329003523,0.03175994507950674,0.2340075818396502,0.00039631919684559794,0.0025490034742215667,0.0001488601409861813,,0.04972116927222161,0.6745152341174465
Reduced,pure_NH3_phi0.9,0.28515625000000006,1602.385849598478,0.03017891708616717,0.23603938272955874,0.0004133812616255963,0.0025720405056451428,0.0001669900053348977,,0.04839131124032767,0.6752935571019733
Reduced,pure_NH3_phi0.9,0.28710937500000006,1614.6984025123968,0.02861916792664261,0.2380470457203822,0.0004315317838001567,0.0025928912287350924,0.00018722705807127044,,0.04707246745043121,0.6760668965949623
Reduced,pure_NH3_phi0.9,0.2890625000000001,1626.857928152199,0.02708305444610519,0.24002835957520702,0.0004509067827668866,0.002611343410578362,0.00020980273865815662,,0.04576604299205419,0.6768340582753721
Reduced,pure_NH3_phi0.9,0.2910156250000001,1638.850917414411,0.025573023759714247,0.24198101479853415,0.0004716557112582421,0.0026271777123200346,0.00023496866429238825,,0.0444734944761409,0.6775937952977059
Reduced,pure_NH3_phi0.9,0.2929687500000001,1650.6633369804542,0.02409160383146143,0.243902606830209,0.0004939409535486784,0.002640168499514469,0.000262996570753632,,0.04319632774778013,0.6783448127662431
Reduced,pure_NH3_phi0.9,0.2949218750000001,1662.2806636143362,0.022641390693739875,0.24579064171892942,0.000517936822885227,0.0026500848332096905,0.00029417739285679604,,0.04193609472553027,0.6790857737679831
Reduced,pure_NH3_phi0.9,0.2968750000000001,1673.6879339376649,0.021225031821332382,0.2476425447916063,0.000543827948946527,0.0026566917003456696,0.00032881925861755407,,0.04069438922885609,0.6798153071340954
Reduced,pure_NH3_phi0.9,0.2988281250000001,1684.8698124613231,0.019845205137681832,0.24945567292369472,0.0005718069390975428,0.0026597515616529803,0.0003672441105733241,,0.039472841640297573,0.6805320170850185
Reduced,pure_NH3_phi0.9,0.3007812500000001,1695.81068069855,0.01850459316126594,0.25122733105510664,0.0006020711967059149,0.002659026315596485,0.0004097826432083054,,0.03827311223697725,0.6812344948821776
Reduced,pure_NH3_phi0.9,0.3027343750000001,1706.494750030866,0.01720585190237046,0.2529547935811121,0.0006348187896504866,0.002654279794939396,0.0004567672571072071,,0.037096883019414634,0.6819213325562967
Reduced,pure_NH3_phi0.9,0.3046875000000001,1716.906200580387,0.015951574311966612,0.2546353311600972,0.0006702432867143598,0.0026452809239515835,0.000508522788296081,,0.03594584786747763,0.6825911387048169
Reduced,pure_NH3_phi0.9,0.3066406250000001,1727.029347589257,0.014744248380481039,0.25626624329950765,0.000708527523169087,0.002631807663875431,0.0005653548872547915,,0.03482170086747238,0.6832425562462704
Reduced,pure_NH3_phi0.9,0.3085937500000001,1736.848835661281,0.013586210392283575,0.25784489679107425,0.0007498363230790599,0.0026136518561306324,0.0006275361049704984,,0.03372612268493874,0.6838742818873916
Reduced,pure_NH3_phi0.9,0.31054687500000006,1746.3498596564673,0.012479594352827203,0.25936876966053657,0.0007943082962980677,0.0025906250312706567,0.0006952899932451099,,0.03266076490877571,0.6844850869034298
Reduced,pure_NH3_phi0.9,0.31250000000000006,1755.5184090724829,0.011426279187898257,0.260835499787636,0.0008420469410999734,0.002562565182784485,0.0007687738299097705,,0.03162723236726792,0.6850738386627182
Reduced,pure_NH3_phi0.9,0.31445312500000006,1764.3415304942819,0.010427835910139207,0.2622429367749259,0.0008931114125368566,0.0025293444073806954,0.0008480609064933303,,0.03062706351732868,0.6856395221584908
Reduced,pure_NH3_phi0.9,0.31640625,1772.8076003186982,0.009485477474102708,0.2635891950592862,0.0009475074500400479,0.0024908771910034247,0.0009331236193933054,,0.02966170913438367,0.6861812606651531
Reduced,pure_NH3_phi0.9,0.318359375,1780.9065977110542,0.008600014399563951,0.2648727057497913,0.001005179077971552,0.0024471289820616636,0.0010238188271680922,,0.028732509677945026,0.6866983345365093
Reduced,pure_NH3_phi0.9,0.3203125,1788.6303659192768,0.0077718193377000235,0.26609226432974964,0.0010660017780691703,0.0023981245561054184,0.0011198770163729217,,0.027840671869216772,0.6871901971336832
Reduced,pure_NH3_phi0.9,0.322265625,1795.9728489564427,0.007000803514392977,0.26724707126140285,0.0011297778600431367,0.0023439555606569453,0.0012208967095578894,,0.026987245179722306,0.6876564869287166
Reduced,pure_NH3_phi0.9,0.32421875,1802.9302905160848,0.006286407384020374,0.2683367627325431,0.0011962347062210762,0.002284786558831044,0.0013263452324957592,,0.026173099077593423,0.6880970349838832
Reduced,pure_NH3_phi0.9,0.32617187500000006,1809.5013829569573,0.0056276069015256044,0.2693614292939386,0.0012650264267628907,0.002220858887632091,0.0014355664523544379,,0.02539890199171243,0.6885118672505851
Reduced,pure_NH3_phi0.9,0.32812500000000006,1815.687356297858,0.005022935668655243,0.27032162091169526,0.0013357392353243113,0.0021524917261897033,0.001547795463106747,,0.024665103013725095,0.6889012014441598
Reduced,pure_NH3_phi0.9,0.33007812500000006,1821.49200025856,0.004470521978467448,0.27121833790844607,0.0014079005586549365,0.0020800799336167116,0.0016621795185568192,,0.023971917346939677,0.689265438598937
Reduced,pure_NH3_phi0.9,0.33203125000000006,1826.9216161926483,0.003968138637051789,0.27205300827067475,0.001480991560125201,0.002004088453837593,0.0017778038992918549,,0.023319316418217516,0.6896051497506192
Reduced,pure_NH3_phi0.9,0.33398437500000006,1831.984899908481,0.003513262535509889,0.2728274527283155,0.0015544624299581374,0.0019250433694389096,0.001893720940436799,,0.02270702339191769,0.6899210584914451
Reduced,pure_NH3_phi0.9,0.33593750000000006,1836.692760452575,0.003103140386837079,0.2735438397591791,0.0016277495204647411,0.0018435199815932143,0.002008980205615331,,0.022134514572405794,0.6902140203644882
Reduced,pure_NH3_phi0.9,0.33789062500000006,1841.058083543659,0.002734856876612089,0.274204633162897,0.0017002932233119682,0.001760128557898609,0.002122657790988919,,0.02160102687288558,0.6904850001883409
Reduced,pure_NH3_phi0.9,0.33984375000000006,1845.095451176751,0.002405401682898102,0.27481253506200826,0.0017715554240184718,0.0016754985882102968,0.0022338829613543568,,0.021105571191352167,0.6907350484275526
Reduced,pure_NH3_phi0.9,0.34179687500000006,1848.8208307547789,0.002111732325739304,0.2753704271395253,0.001841035433280519,0.0015902624951121707,0.0023418607044564136,,0.020646951201998404,0.6909652776568022
Reduced,pure_NH3_phi0.9,0.34375000000000006,1852.2512478645945,0.0018508305048906342,0.27588131266125254,0.0019082834719800165,0.0015050397510043738,0.0024458892682194724,,0.020223786775009935,0.6911768400285103
Reduced,pure_NH3_phi0.9,0.34570312500000006,1855.4044565292893,0.001619750363455205,0.27634826142429575,0.0019729110468317303,0.0014204222644830875,0.0025453722450115737,,0.019834541006938024,0.6913709064686693
Reduced,pure_NH3_phi0.9,0.34765625000000006,1858.2986195757442,0.0014156578754609824,0.27677435928832483,0.002034597856829844,0.0013369617347292284,0.002639825225204313,,0.019477549696508133,0.6915486481204258
Reduced,pure_NH3_phi0.9,0.34960937500000006,1860.9520098637913,0.0012358612233520515,0.2771626634438091,0.002093095175453049,0.0012551594621335118,0.002728877416200924,,0.019151052044758563,0.6917112203516248
Reduced,pure_NH3_phi0.9,0.35156250000000006,1863.3827407781314,0.0010778325633322484,0.2775161640971152,0.002148225924000371,0.0011754588767034942,0.00281226889095958,,0.018853221390843167,0.6918597494587221
Reduced,pure_NH3_phi0.9,0.35351562500000006,1865.6085318382795,0.0009392219568251811,0.27783775283698664,0.0021998818619585175,0.0010982408301762792,0.0028898442887517364,,0.01858219490353416,0.6919953220455071
Reduced,pure_NH3_phi0.9,0.35546875000000006,1867.6465127642907,0.0008178644809280449,0.27813019760611,0.0022480184580145656,0.0010238215137917035,0.002961543851154006,,0.018336101314873492,0.692118976936631
Reduced,pure_NH3_phi0.9,0.35742187500000006,1869.5130670324659,0.0007117816394229893,0.27839612394032875,0.002292648069242186,0.0009524527237005704,0.0030273926568572316,,0.01811308598498763,0.6922316994030555
Reduced,pure_NH3_phi0.9,0.35937500000000006,1871.2237139968738,0.0006191782050865935,0.27863800195381005,0.0023338320545105654,0.0008843241042963887,0.0030874888415963666,,0.017911332804307647,0.6923344174263815
Reduced,pure_NH3_phi0.9,0.36132812500000006,1872.7930271140708,0.0005384355611308194,0.2788581384336272,0.00237167239560327,0.0008195669541174766,0.003141991475358135,,0.017729082652435727,0.6924279997064797
Reduced,pure_NH3_phi0.9,0.36328125000000006,1874.2345847135057,0.00046810249923598764,0.27905867335234236,0.0024063033125568244,0.0007582591726530085,0.0031911086356812986,,0.01756464832698918,0.6925132551164321
Reduced,pure_NH3_phi0.9,0.36523437500000006,1875.5609490880406,0.0004068842933811263,0.2792415801031421,0.0024378832544088083,0.0007004309504324393,0.003235086076223147,,0.01741642602127721,0.6925909333246594
Reduced,pure_NH3_phi0.9,0.36718750000000006,1876.7836693949348,0.0003536307158643468,0.2794086688014435,0.002466587536203402,0.0006460708499640203,0.0032741967510892126,,0.017282903562027507,0.6926617263320045
Reduced,pure_NH3_phi0.9,0.36914062500000006,1877.9133039049916,0.0003073235006963724,0.2795615920771054,0.002492601786836803,0.0005951319838327767,0.003308731318400442,,0.017162665717788357,0.6927262707079049
Reduced,pure_NH3_phi0.9,0.37109375000000006,1878.9594574740302,0.0002670635875233423,0.27970185290658334,0.002516116273569838,0.0005475380649196849,0.0033389896034769755,,0.01705439695965829,0.6927851503547339
Reduced,pure_NH3_phi0.9,0.37500000000000006,1880.8275153984123,0.00020230289049506317,0.27994848995371047,0.0025562185689916176,0.00046208086533007937,0.003387584465405521,,0.016870109482725795,0.6928875239606308
Reduced,pure_NH3_phi0.9,0.37890625000000006,1882.4569615539885,0.0001533717582730145,0.280159312297158,0.0025886157484362295,0.0003884822405591492,0.0034227664852575193,,0.016720104616413923,0.692973220844532
Reduced,pure_NH3_phi0.9,0.38281250000000006,1883.895076431804,0.00011637669214330447,0.28034170310418116,0.0026146485004752335,0.0003255700275390875,0.0034467787622895116,,0.01659737031618268,0.6930452761253839
Reduced,pure_NH3_phi0.9,0.38671875,1885.1795131295062,8.835778576212658e-05,0.2805015466829738,0.002635490448567298,0.0002721249209333314,0.00346163006883738,,0.016496184285966886,0.6931061867326924
Reduced,pure_NH3_phi0.9,0.390625,1886.3400773608705,6.707384893627211e-05,0.28064350057370213,0.002652140100331239,0.00022695420014380414,0.003469067897211117,,0.016411933393524054,0.6931579990873458
Reduced,pure_NH3_phi0.9,0.3984375,1888.3603098571061,3.961563888591059e-05,0.2808847880879271,0.0026753563238879926,0.00015807530792030105,0.003466142500028377,,0.01628317625905396,0.6932393573479668
Reduced,pure_NH3_phi0.9,0.40625,1890.110669578854,2.360396907849698e-05,0.28108940546277544,0.0026900878777911036,0.00010975442799720423,0.003448583560333592,,0.016186807510249958,0.6933010296436025
Reduced,pure_NH3_phi0.9,0.4140625,1891.6701276774327,1.4189135218126022e-05,0.28126936179829903,0.002699438099238925,7.610040818124917e-05,0.003422284113537767,,0.016110618664248406,0.6933493355704574
Reduced,pure_NH3_phi0.9,0.421875,1893.0883182996683,8.603499196128179e-06,0.28143199708209493,0.002705380963480246,5.2759852916758854e-05,0.003391028745496029,,0.016047250602479905,0.6933884715058312
Reduced,pure_NH3_phi0.9,0.42968750000000006,1894.3970555616659,5.258565429573997e-06,0.281581838473378,0.0027091623918312244,3.6603055555268944e-05,0.0033571903074315424,,0.015992298035472145,0.6934212310881152
Reduced,pure_NH3_phi0.9,0.43750000000000006,1895.6172802670317,3.235237046931677e-06,0.2817217269513628,0.002711567957874111,2.5418591339722265e-05,0.003322228266269538,,0.01594312515765372,0.6934494828503907
Reduced,pure_NH3_phi0.9,0.44531250000000006,1896.7632316897025,1.9965349073071307e-06,0.2818534918929287,0.00271309468478997,1.7659989716165046e-05,0.0032870257267848674,,0.015898144208884437,0.6934744850407534
Reduced,pure_NH3_phi0.9,0.45312500000000006,1897.8449599410123,1.2249073126082058e-06,0.2819783520945131,0.0027140592565042536,1.2251251670848576e-05,0.0032521104301691285,,0.01585638252695443,0.6934970929100469
Reduced,pure_NH3_phi0.9,0.46875000000000006,1899.8379303251515,5.105636413204802e-07,0.2822098805324647,0.0027149142461206904,6.2375299335891725e-06,0.0031841101222610697,,0.015780665224065984,0.6935368930513087
Reduced,pure_NH3_phi0.9,0.4843750000000001,1901.6470428596717,2.1856771469413137e-07,0.28242173257916725,0.002715159212283794,3.2566837591943337e-06,0.0031193552436394574,,0.015712683357642143,0.6935721418955717
Reduced,pure_NH3_phi0.9,0.5000000000000001,1903.298568119892,9.606353857763772e-08,0.2826165765931257,0.0027151362232084655,1.7647023168750108e-06,0.003057997846022915,,0.01565115655497745,0.6936041423738638
Reduced,pure_NH3_phi0.9,0.5156250000000001,1904.8122304501517,4.340358385210697e-08,0.28279638727948264,0.0027149965939913183,1.009985919377123e-06,0.0029999291107954545,,0.015595250025336418,0.693633614357513
Reduced,pure_NH3_phi0.9,0.5312500000000001,1906.2038312322397,2.0242861584052613e-08,0.2829627563996024,0.0027148083727124637,6.238186399607442e-07,0.0029449575629686784,,0.015544325517561243,0.6936609915358927
Reduced,pure_NH3_phi0.9,0.5468750000000001,1907.4865286507588,9.830703604520483e-09,0.2831170273091152,0.0027146025170430234,4.236658380536708e-07,0.002892875146790858,,0.015497851983613479,0.693686561018075
Reduced,pure_NH3_phi0.9,0.5625000000000001,1908.6715297379935,5.045635030227174e-09,0.28326036074651423,0.0027143931632870547,3.1826347547521105e-07,0.0028434805129238933,,0.015455371277674795,0.6937105305159113
Reduced,pure_NH3_phi0.9,0.5781250000000002,1909.7685078826953,2.7891776365502274e-09,0.28339377205133154,0.0027141867058588635,2.6147421808912266e-07,0.0027965865085178465,,0.015416482604811214,0.6937330615911594
Reduced,pure_NH3_phi0.9,0.5937500000000002,1910.7858789740355,1.6777744620503432e-09,0.2835181542552688,0.002713985942455665,2.2962309898236912e-07,0.0027520235193666327,,0.01538083304204224,0.6937542866403879
Reduced,pure_NH3_phi0.9,0.6250000000000001,1912.6037649786902,9.590369243803653e-10,0.2837421113030661,0.002713604867518318,2.0317980264640278e-07,0.002669538699808296,,0.015318298882941814,0.6937931525656758
Reduced,pure_NH3_phi0.9,0.6562500000000001,1914.1918433887174,7.361285365978943e-10,0.28393933723776194,0.002713249260628586,1.9136608542937004e-07,0.0025944742650425515,,0.01526489447197281,0.6938279786511675
Reduced,pure_NH3_phi0.9,0.6875000000000001,1915.5880704972253,6.485020522880213e-10,0.28411402499741384,0.002712916868828435,1.8429833252027581e-07,0.002525921514277693,,0.015219012188448271,0.6938593505971367
Reduced,pure_NH3_phi0.9,0.7187500000000001,1916.822759173026,6.006915224028395e-10,0.28426956353205723,0.0027126051504356937,1.7889488960329938e-07,0.002463108764722604,,0.01517937838479789,0.6938877457564071
Reduced,pure_NH3_phi0.9,0.7500000000000001,1917.9203378751422,5.66166450115469e-10,0.28440871534000006,0.002712311785798916,1.741741627635776e-07,0.0024053792654983998,,0.015144974760002521,0.6939135580061888
Reduced,pure_NH3_phi0.9,0.78125,1918.9006505218026,5.371730245916376e-10,0.284533748818636,0.002712034768233141,1.698172128999959e-07,0.0023521718904861814,,0.015114981519086485,0.693937115359687
Reduced,pure_NH3_phi0.9,0.8125,1919.7799296373757,5.112895968469119e-10,0.284646538924336,0.002711772389183139,1.6571754552539555e-07,0.0023030052216558984,,0.01508873487758812,0.6939586930624965
Reduced,pure_NH3_phi0.9,0.84375,1920.57153199518,4.876688425568446e-10,0.2847486445314094,0.002711523201728706,1.6183749288182282e-07,0.0022574649441231436,,0.015065694612248645,0.6939785235715252
Reduced,pure_NH3_phi0.9,0.8750000000000001,1921.2864969234583,4.659490786775728e-10,0.2848413681609348,0.002711285984290791,1.5816252409562632e-07,0.0022151956900104326,,0.015045417719955967,0.6939968042071386
Reduced,pure_NH3_phi0.9,0.9375000000000001,1922.513771761167,4.2766076172484676e-10,0.2850018505733301,0.0027108443458232316,1.5141651212363922e-07,0.0021397015766926497,,0.015012019819245518,0.6940292159798053
Reduced,pure_NH3_phi0.9,1.0000000000000002,1923.544835574287,3.947827448260037e-10,0.28513763052071944,0.002710434848947222,1.4533483269044204e-07,0.0020736104979813294,,0.014985222995704343,0.6940571868663331
Reduced,pure_NH3_phi0.9,1.0625000000000002,1924.420580526689,3.664751455856909e-10,0.285253676041006,0.0027100521943952526,1.3985477605727823e-07,0.0020153731366939816,,0.014963468797384466,0.6940815289416328
Reduced,pure_NH3_phi0.9,1.1250000000000002,1925.1715248818923,3.4202090621519653e-10,0.2853537328513503,0.002709692218006488,1.3491556333498318e-07,0.0019637583693781348,,0.014945626251221287,0.6941028691896801
Reduced,pure_NH3_phi0.9,1.1875,1925.8208244214163,3.208172240047337e-10,0.2854406705345063,0.0027093516065962624,1.3045999203856606e-07,0.0019177796024878878,,0.014930859052825329,0.6941216990905017
Reduced,pure_NH3_phi0.9,1.25,1926.3863034593523,3.0236145865275953e-10,0.28551671806136053,0.0027090276991796726,1.2643576368245267e-07,0.001876637956023562,,0.0149185403114909,0.694138409383798
Reduced,pure_NH3_phi0.9,1.3125000000000002,1926.8818481964622,2.86236106757491e-10,0.2855836273803426,0.002708718346445893,1.227959898223943e-07,0.0018396803610963987,,0.014908195222785255,0.6941533147477477
Reduced,pure_NH3_phi0.9,1.375,1927.3183763419195,2.7209481034138645e-10,0.28564278879501637,0.0027084218119875314,1.1949918369729415e-07,0.0018063685218310849,,0.014899461915385085,0.6941666715942002
Reduced,pure_NH3_phi0.9,1.4375,1927.7045175943736,2.59650071364079e-10,0.2856953132738077,0.002708136704898684,1.165090541553809e-07,0.0017762558304588152,,0.014892064516631961,0.6941786910589954
Reduced,pure_NH3_phi0.9,1.5,1928.0470892500496,2.486624975005338e-10,0.28574209160838937,0.0027078619373714745,1.137946464222953e-07,0.0017489713637002982,,0.014885793715880426,0.6941895485070566
Reduced,pure_NH3_phi0.9,1.625,1928.6173907168984,2.3047274648964688e-10,0.2858205077001855,0.0027073409923692358,1.0912458033939814e-07,0.0017020583866564154,,0.014876124157710807,0.6942082144168273
Reduced,pure_NH3_phi0.9,1.7500000000000002,1929.0831952774188,2.1587444106264246e-10,0.2858847953494837,0.0027068461264182736,1.0519879341236166e-07,0.0016626777019614243,,0.014868788079188545,0.6942237576263173
Reduced,pure_NH3_phi0.9,1.8750000000000002,1929.4674125138968,2.0405074117370867e-10,0.2859379995271453,0.0027063728368224085,1.0188465185157771e-07,0.0016294071560932165,,0.014863161305676853,0.6942368207499305
Reduced,pure_NH3_phi0.9,2.0,1929.7862802262532,1.943895287443796e-10,0.28598231220385467,0.002705917924302153,9.907664515719824e-08,0.0016011632484964268,,0.014858839903622693,0.6942478895625126
Reduced,pure_NH3_phi0.9,2.25,1930.261474538778,1.801602748589567e-10,0.2860489107751192,0.0027050572431740797,9.475133207545021e-08,0.0015574529125494479,,0.014853299461331076,0.6942651638036995
Reduced,pure_NH3_phi0.9,2.5,1930.610353755746,1.7001238215955175e-10,0.28609793358513924,0.002704235847906751,9.150822793553561e-08,0.001524552553868731,,0.01484974884064988,0.6942781408159816
Reduced,pure_NH3_phi0.9,3.0,1931.0360432052223,1.578885082190885e-10,0.2861581755904083,0.0027026901013673097,8.74262527635172e-08,0.0014828548320295358,,0.01484650170819054,0.6942949023089259
Reduced,pure_NH3_phi0.9,3.4999999999999996,1931.2965112796671,1.5086403101571691e-10,0.2861947706784616,0.002701233792084902,8.493638211825407e-08,0.0014573061948372071,,0.014844869043459497,0.6943051809478648
Reduced,pure_NH3_phi0.9,4.25,1931.4990189741904,1.459158859008823e-10,0.2862223830855015,0.0026993967510661274,8.310924424461556e-08,0.001438557869204658,,0.014843528053894,0.6943126577527314
Reduced,pure_NH3_phi0.9,5.0,1931.4990189741904,1.4591588589892842e-10,0.28622238308166886,0.002699396751029981,8.31092442435027e-08,0.001438557869185395,,0.014843528053695237,0.6943126577568249
Optimized,pure_NH3_phi0.9,0.0,298.0,0.193915578069331,0.009309423823129616,2.853246619158522e-08,3.892697603765086e-06,8.412960693074039e-14,,0.16487073362049642,0.6302008759679468
Optimized,pure_NH3_phi0.9,0.015625000000000003,314.01496516231657,0.19157975158888566,0.012564868234333485,3.9168358378272274e-08,5.813035955680674e-06,1.0420155592401713e-13,,0.16381829559868882,0.6301621946032907
Optimized,pure_NH3_phi0.9,0.03125000000000001,334.55850012680264,0.18865531856835477,0.016709051072919076,5.5104918616789014e-08,8.538699308256547e-06,1.9744172765795777e-13,,0.16243910724241944,0.6301392121837862
Optimized,pure_NH3_phi0.9,0.04687500000000001,360.3602570529529,0.1850731777429056,0.021853312466247526,7.863083377281821e-08,1.2311368529794276e-05,4.1296242199957053e-13,,0.16067101049863122,0.6301527991296955
Optimized,pure_NH3_phi0.9,0.06250000000000001,392.0493666912213,0.18078310014033294,0.028074926278132333,1.1316735615089167e-07,1.739752027540965e-05,9.362514344649148e-13,,0.1584560264597507,0.6302349789643725
Optimized,pure_NH3_phi0.9,0.07812500000000001,430.0953171059944,0.17575662114954974,0.03541039688103226,1.638775228690282e-07,2.4076357918257547e-05,2.39501878406448e-12,,0.15574406413301137,0.6304288821254252
Optimized,pure_NH3_phi0.9,0.08593750000000001,451.7102341708622,0.17295330720252827,0.03951298200311871,1.98458608605314e-07,2.8138291024353342e-05,4.2745373543711024e-12,,0.15417992662090826,0.6305864231840598
Optimized,pure_NH3_phi0.9,0.09375000000000001,475.1111030474126,0.16995368871937716,0.04390667604052597,2.4096599664465957e-07,3.2749431657126385e-05,8.137401400269782e-12,,0.15246741209928608,0.6307958112904333
Optimized,pure_NH3_phi0.9,0.1015625,500.30077375852125,0.16675960389789132,0.048585463721212654,2.9327260673742017e-07,3.794952605383983e-05,1.647588808805044e-11,,0.1506025959477586,0.6310652292623212
Optimized,pure_NH3_phi0.9,0.10937500000000001,527.2695787688957,0.16337360558593678,0.05354192280422653,3.576941308618865e-07,4.3777349547439385e-05,3.4808705812974783e-11,,0.14858218680188554,0.6314028991521369
Optimized,pure_NH3_phi0.9,0.11718750000000001,555.9972932973733,0.15979872473831083,0.05876768624459655,4.370721207226138e-07,5.0270656507337003e-05,7.500639187748887e-11,,0.14640343915902482,0.6318169436462696
Optimized,pure_NH3_phi0.9,0.12500000000000003,586.4553101611219,0.15603826300739815,0.06425384940081572,5.348683902469791e-07,5.7466192757066874e-05,1.6194619414863725e-10,,0.1440640648035315,0.6323152748922998
Optimized,pure_NH3_phi0.9,0.13281250000000003,618.60884599379,0.15209562134708188,0.0699913057450028,6.552935669384596e-07,6.539974974255961e-05,3.4641741948091957e-10,,0.14156215027077326,0.6329055127084557
Optimized,pure_NH3_phi0.9,0.13671875000000003,635.3219326325669,0.15005620004610265,0.07295257595402109,7.260401957388491e-07,6.965967217613588e-05,5.074963079336975e-10,,0.14024881379324397,0.633237974445414
Optimized,pure_NH3_phi0.9,0.14062500000000003,652.4544139048062,0.1479715079850672,0.07597461067718829,8.047294697939864e-07,7.412402458472194e-05,7.40300154492354e-10,,0.13889312391310982,0.6335968917044387
Optimized,pure_NH3_phi0.9,0.14453125000000006,670.000751057116,0.145841975460015,0.07905625029576471,8.922731365745054e-07,7.879732229717549e-05,1.0764585870374871e-09,,0.13749491302376254,0.6339831552688542
Optimized,pure_NH3_phi0.9,0.14843750000000006,687.9553433506375,0.1436680190455607,0.08219635960701964,9.897163347601792e-07,8.36840282425227e-05,1.5607088989242135e-09,,0.13605402740928113,0.6343976294859439
Optimized,pure_NH3_phi0.9,0.15234375000000006,706.3125657571403,0.14145003965262698,0.08539383054193321,1.0982682813440067e-06,8.878855527796566e-05,2.2565707772011272e-09,,0.13457032605150956,0.6348411523639438
Optimized,pure_NH3_phi0.9,0.15625000000000003,725.0667981683973,0.1391884208942145,0.08864758398865324,1.2193398904849344e-06,9.411526808327792e-05,3.2540730816306896e-09,,0.13304367968632702,0.6353145358831526
Optimized,pure_NH3_phi0.9,0.16015625,744.2124456374856,0.1368835276903879,0.091956570804845,1.354589281662086e-06,9.966848449987558e-05,4.6805398053151065e-09,,0.1314739701071402,0.6358185664783162
Optimized,pure_NH3_phi0.9,0.16406250000000003,763.743949278238,0.1345357050493088,0.09531977209130071,1.5059764328777012e-06,0.00010545247617952006,6.715643728683885e-09,,0.12986108971199048,0.6363540056509815
Optimized,pure_NH3_phi0.9,0.16796875000000003,783.6557875133924,0.13214527697008302,0.09873619878378843,1.6758286941005642e-06,0.00011147146839051546,9.612387022211467e-09,,0.12820494129404164,0.6369215906709407
Optimized,pure_NH3_phi0.9,0.17187500000000003,803.9424673941681,0.12971254542726737,0.10220489060002055,1.8669194464561134e-06,0.00011772963881212612,1.372631259319554e-08,,0.12650543808389506,0.6375220353242745
Optimized,pure_NH3_phi0.9,0.17578125000000003,824.5985057057791,0.12723778941851796,0.1057249143524052,2.0825627921997696e-06,0.00012423111513706965,1.9556776218461833e-08,,0.12476250406981611,0.6381560306605902
Optimized,pure_NH3_phi0.9,0.17968750000000003,845.6183995026236,0.12472126410198116,0.10929536159049594,2.3267277286765103e-06,0.00013097997130885592,2.7818870430474397e-08,,0.12297607465769644,0.6388242456799359
Optimized,pure_NH3_phi0.9,0.18750000000000003,888.7095246052813,0.11956485234855448,0.11658295151040561,2.9140341603885275e-06,0.00014522567275945513,5.5407579038271275e-08,,0.11927382020721519,0.6402647161869419
Optimized,pure_NH3_phi0.9,0.1953125,933.1610331270243,0.1142466973433707,0.12405858160448444,3.679823051342995e-06,0.00016048003615369856,1.0940018702814513e-07,,0.11540092401719422,0.6418461567552542
Optimized,pure_NH3_phi0.9,0.203125,978.9258290673304,0.10876781288071163,0.13171580489314036,4.692982177595418e-06,0.00017677176608633786,2.1339545343655413e-07,,0.11135739149686019,0.6435729916217977
Optimized,pure_NH3_phi0.9,0.20703125,1002.2903888564011,0.1059678840140547,0.13561072244686345,5.330006354811796e-06,0.00018531963670009023,2.9757820923615587e-07,,0.10927128164263947,0.6444927319332976
Optimized,pure_NH3_phi0.9,0.2109375,1025.968015488943,0.10312734501805843,0.13954921787288158,6.071295684911264e-06,0.0001941437937138829,4.1314218876096106e-07,,0.10714184622008635,0.6454511406115109
Optimized,pure_NH3_phi0.9,0.21484375000000003,1049.950179513782,0.10024627375795607,0.14353034435719114,6.936103262758182e-06,0.00020324750696657025,5.712939881658887e-07,,0.10496924404367551,0.6464486597204435
Optimized,pure_NH3_phi0.9,0.21875000000000003,1074.2277645043296,0.09732476205008951,0.1475530897576725,7.947110302251987e-06,0.000212633925560809,7.866758221116171e-07,,0.1027536947149397,0.6474856820429468
Optimized,pure_NH3_phi0.9,0.22265625000000003,1098.7909948248923,0.09436293804748572,0.1516163523170252,9.130930150362468e-06,0.00022230607680418407,1.078406894486868e-06,,0.10049549423968875,0.6485625365773111
Optimized,pure_NH3_phi0.9,0.22656250000000003,1123.629336190129,0.09136099661349026,0.15571891188416642,1.0518667886321526e-05,0.00023226686939810837,1.4711989334124737e-06,,0.09819503392121327,0.6496794693186105
Optimized,pure_NH3_phi0.9,0.23046875000000003,1148.7313846559005,0.0883192390024625,0.15985939654125086,1.2146549706623328e-05,0.00024251910113154938,1.996305487330951e-06,,0.09585282282778977,0.6508366188581182
Optimized,pure_NH3_phi0.9,0.23242187500000003,1161.3774858046888,0.08678361205358784,0.16194325779910917,1.3066674516034522e-05,0.00024775554541558845,2.321772179706389e-06,,0.09466630757071744,0.6514302749535329
Optimized,pure_NH3_phi0.9,0.23437500000000003,1174.0852696291806,0.08523814596329768,0.16403606176677513,1.4063942807613315e-05,0.00025306670742440105,2.696116333246575e-06,,0.09346951781051711,0.6520340722952058
Optimized,pure_NH3_phi0.9,0.23632812500000003,1186.8529672980756,0.0836829382763325,0.1661375699980756,1.5144741185329767e-05,0.0002584528891976528,3.126216470926467e-06,,0.09226256641237256,0.6526479813537308
Optimized,pure_NH3_phi0.9,0.23828125000000003,1199.6787459012717,0.08211810073043552,0.16824753034239853,1.6315984541828742e-05,0.0002639144151461962,3.619564054722046e-06,,0.0910455748766307,0.6532719636671246
Optimized,pure_NH3_phi0.9,0.24023437500000003,1212.5606615417241,0.08054377071476948,0.17036566706791084,1.7585084191132058e-05,0.00026945156803487904,4.184447038394486e-06,,0.08981868321242467,0.6539059622168564
Optimized,pure_NH3_phi0.9,0.24218750000000006,1225.4966898428827,0.07896010561255663,0.17249168687536873,1.8960068135820795e-05,0.0002750646500006898,4.830055716608083e-06,,0.0885820425097261,0.654549908584917
Optimized,pure_NH3_phi0.9,0.24414062500000006,1238.484680970471,0.07736729399254084,0.17462526959110147,2.044955034723155e-05,0.00028075391806240655,5.566563091124932e-06,,0.08733582449383258,0.6552037136497019
Optimized,pure_NH3_phi0.9,0.24609375000000006,1251.5223853687728,0.07576555044351155,0.17676607355465232,2.206287604177674e-05,0.00028651964278464924,6.4052207464334816e-06,,0.08608021452093426,0.6558672745983705
Optimized,pure_NH3_phi0.9,0.24804687500000006,1264.6074105617733,0.07415512640614157,0.17891372684234483,2.3810095620234282e-05,0.00029236204261588294,7.358446891230994e-06,,0.08481542074268344,0.6565404660545171
Optimized,pure_NH3_phi0.9,0.25000000000000006,1277.7372417387605,0.07253630544553204,0.18106783197385715,2.570214160889976e-05,0.0002982813390835741,8.43994484274553e-06,,0.08354166754773112,0.6572231469363733
Optimized,pure_NH3_phi0.9,0.25195312500000006,1290.9092020616374,0.07090941305006657,0.18322795809956366,2.775081843225433e-05,0.0003042776926730873,9.664818847463603e-06,,0.08225920381956543,0.6579151525313489
Optimized,pure_NH3_phi0.9,0.25390625000000006,1304.1204597825792,0.06927481443811483,0.1853936432085855,2.9968980661660562e-05,0.00031035123431265456,1.104972544416059e-05,,0.08096829907766248,0.6586162988396
Optimized,pure_NH3_phi0.9,0.25585937500000006,1317.3680060243576,0.0676329193967039,0.18756439033726602,3.237061377688247e-05,0.00031650203448922655,1.2613045651356909e-05,,0.07966924691415296,0.659326379532039
Optimized,pure_NH3_phi0.9,0.25781250000000006,1330.6486418837346,0.06598418444676853,0.1897396658430151,3.497097306531457e-05,0.00032273009135298705,1.437514045860172e-05,,0.07836236576399995,0.6600451655820442
Optimized,pure_NH3_phi0.9,0.25976562500000006,1343.9589625499507,0.06432911551391536,0.19191889709385276,3.77867311961546e-05,0.0003290353113143743,1.635879506217793e-05,,0.07704800013105996,0.6607724043294271
Optimized,pure_NH3_phi0.9,0.26171875000000006,1357.295339344109,0.06266827117801271,0.1941014694393676,4.083614146959678e-05,0.0003354174850624276,1.8590258261972263e-05,,0.07572652184520691,0.6615078183125003
Optimized,pure_NH3_phi0.9,0.26562500000000006,1384.0343292256287,0.059330954398713415,0.19847485749166494,4.7693823444383324e-05,0.00034841201055889283,2.3892006925727232e-05,,0.07306331566573916,0.6630023279217482
Optimized,pure_NH3_phi0.9,0.26953125000000006,1410.8276426226257,0.05597863877519203,0.20285314120881906,5.574066402876217e-05,0.0003617051831255948,3.054453841903267e-05,,0.07037703484277315,0.6645253335502848
Optimized,pure_NH3_phi0.9,0.27343750000000006,1437.6367882522156,0.052617765942242586,0.20722978578773782,6.519764201694315e-05,0.0003752884188110823,3.88592507690665e-05,,0.06767173079957307,0.666073610082717
Optimized,pure_NH3_phi0.9,0.27734375000000006,1464.4178129515556,0.049255799149509276,0.2115973805333984,7.633297304115675e-05,0.00038914719027272824,4.922415390568099e-05,,0.06495202013875215,0.6676433575521091
Optimized,pure_NH3_phi0.9,0.28125000000000006,1491.1205021808112,0.04590130639671652,0.21594754515595668,8.947224647092166e-05,0.0004032581932294477,6.21219240555681e-05,,0.06222313700074337,0.6692301115097684
Optimized,pure_NH3_phi0.9,0.28515625000000006,1517.6875163146858,0.042564058927795814,0.22027081979954663,0.00010500972713305068,0.0004175853025811992,7.815462117186103e-05,,0.05949099029531075,0.6708286508616195
Optimized,pure_NH3_phi0.9,0.2890625000000001,1544.0534958927453,0.039255139434639326,0.22455653992669852,0.00012342048419940305,0.00043207385748006194,9.807425370567731e-05,,0.05676222534247826,0.6724329134031222
Optimized,pure_NH3_phi0.9,0.2929687500000001,1570.1441790234242,0.03598704899115923,0.22879270005068383,0.00014527264681936188,0.00044664271464150285,0.00012281729656693214,,0.054044289027910995,0.6740359279646613
Optimized,pure_NH3_phi0.9,0.2968750000000001,1595.8756056026598,0.03277378426277798,0.23296582607883573,0.00017123865808054122,0.00046117343125615177,0.00015353009678144067,,0.05134549648541392,0.6756297722164075
Optimized,pure_NH3_phi0.9,0.2988281250000001,1608.569988422144,0.031193725424450456,0.2350228514527918,0.00018606261527019072,0.0004683595786942804,0.00017162017450477924,,0.05000692205483048,0.6764198239903424
Optimized,pure_NH3_phi0.9,0.3007812500000001,1621.1373175847687,0.029633479307344158,0.2370581819642708,0.0002022296301675856,0.0004754652270372416,0.00019176712789049658,,0.04867674810086963,0.6772041031020402
Optimized,pure_NH3_phi0.9,0.3027343750000001,1633.5639611644262,0.028095284804529882,0.23906962044974903,0.00021985600221719403,0.0004824572124729913,0.000214209951506431,,0.047356299438542804,0.6779813383386986
Optimized,pure_NH3_phi0.9,0.3046875000000001,1645.8356077975563,0.026581473392812808,0.24105485841520669,0.0002390643265629409,0.0004892965586878096,0.00023920474945248664,,0.04604696626651234,0.6787502051084746
Optimized,pure_NH3_phi0.9,0.3066406250000001,1657.9372769348665,0.025094466884042467,0.2430114726317999,0.00025998248119506385,0.0004959377999932422,0.0002670273818235098,,0.04475020487186732,0.679509329680669
Optimized,pure_NH3_phi0.9,0.3085937500000001,1669.8533474932506,0.02363676975763179,0.24493692628787347,0.000282742227902062,0.0005023283132258048,0.0002979734517685357,,0.04346753752764902,0.6802572953079749
Optimized,pure_NH3_phi0.9,0.31054687500000006,1681.5676060450419,0.022210956654115172,0.24682857412641512,0.0003074773414117999,0.0005084077007383493,0.0003323564296906825,,0.04220055136559063,0.6809926503076319
Optimized,pure_NH3_phi0.9,0.31250000000000006,1693.0633172047692,0.020819654780445663,0.2486836718957808,0.00033432118915454126,0.0005141072785182239,0.00037050399007650407,,0.040950895968012026,0.6817139182717978
Optimized,pure_NH3_phi0.9,0.31445312500000006,1704.3233194239813,0.019465520720231347,0.2504993907835612,0.0003634036979661821,0.0005193497358455928,0.0004127523808946841,,0.03972027938839545,0.682419610587488
Optimized,pure_NH3_phi0.9,0.31640625,1715.3301493770036,0.018151211154224932,0.2522728375970339,0.0003948476662866798,0.0005240490450395194,0.00045943858657896677,,0.03851046228471308,0.6831082414006998
Optimized,pure_NH3_phi0.9,0.318359375,1726.0661976099536,0.016879347185412178,0.2540010813901321,0.00042876441349035615,0.0005281107100799011,0.0005108900963959517,,0.0373232498381585,0.68377834506681
Optimized,pure_NH3_phi0.9,0.3203125,1736.5138971272293,0.015652472303675228,0.25568118703555753,0.000465248803617359,0.0005314324489541043,0.0005674122256663749,,0.03616048113885939,0.6844284959913204
Optimized,pure_NH3_phi0.9,0.322265625,1746.6559450853297,0.014473004504757582,0.25731025590012746,0.0005043737392572293,0.0005339054036626564,0.000629273149764019,,0.0350240157559017,0.6850573305854025
Optimized,pure_NH3_phi0.9,0.32421875,1756.4755557676615,0.013343183673416635,0.2588854733047936,0.0005461842909323903,0.0005354159608737647,0.0006966870893094263,,0.03391571727809967,0.6856635708483831
Optimized,pure_NH3_phi0.9,0.32617187500000006,1765.9567406039125,0.012265016004649064,0.26040416185940973,0.0005906917037268009,0.0005358482423763259,0.0007697964067095951,,0.03283743371975379,0.6862460488598524
Optimized,pure_NH3_phi0.9,0.32812500000000006,1775.0846083326512,0.011240217896220171,0.2618638391015146,0.000637867598923314,0.0005350872857171519,0.0008486537005656647,,0.03179097483480271,0.6868037312419528
Optimized,pure_NH3_phi0.9,0.33007812500000006,1783.845675727663,0.010270162304387506,0.26326227720953127,0.0006876387542201083,0.0005330228813432997,0.0009332052625380448,,0.03077808657202195,0.6873357424678396
Optimized,pure_NH3_phi0.9,0.33203125000000006,1792.2281769229912,0.00935583090644645,0.2645975619939894,0.0007398828900861338,0.0005295539652872517,0.0010232774307531976,,0.029800423126273276,0.6878413857789395
Optimized,pure_NH3_phi0.9,0.33398437500000006,1800.2223576099418,0.008497775462134169,0.2658681479924775,0.0007944259002313007,0.0005245933910815229,0.0011185673791058708,,0.028859517282842934,0.688320160460991
Optimized,pure_NH3_phi0.9,0.33593750000000006,1807.8207395443103,0.0076960914476379115,0.2670729063876237,0.0008510409313139814,0.0005180728294910688,0.0012186396863388012,,0.027956749993410537,0.6887717743379507
Optimized,pure_NH3_phi0.9,0.33789062500000006,1815.0183411098183,0.006950406341326398,0.26821116268446266,0.0009094496356716399,0.0005099474806725275,0.0013229296283023843,,0.02709332033737992,0.6891961505765994
Optimized,pure_NH3_phi0.9,0.33984375000000006,1821.8128412156568,0.006259883924600364,0.2692827216262933,0.0009693257923613784,0.0005002002424401939,0.001430753566412241,,0.026270217182529438,0.6895934282381387
Optimized,pure_NH3_phi0.9,0.34179687500000006,1828.2046764839909,0.005623244741053871,0.27028787764790485,0.0010303013250606667,0.0004888449712387145,0.0015413261371917542,,0.025488193936444872,0.6899639564299836
Optimized,pure_NH3_phi0.9,0.34375000000000006,1834.1970652760795,0.0050388015913179485,0.2712274101648958,0.0010919745565341364,0.0004759285063453468,0.0016537832786206704,,0.02474774775320695,0.6903082823528403
Optimized,pure_NH3_phi0.9,0.34570312500000006,1839.7959562648507,0.004504507799861784,0.2721025640538955,0.001153920349765809,0.0004615312040538511,0.0017672095601721123,,0.024049104417065818,0.6906271339496745
Optimized,pure_NH3_phi0.9,0.34765625000000006,1845.009903578069,0.004018015121191767,0.2729150166618354,0.001215701618749716,0.00044576584136221204,0.0018806678990729,,0.02339220986909674,0.6909213981953006
Optimized,pure_NH3_phi0.9,0.34960937500000006,1849.849874601995,0.003576737652812234,0.27366683348376986,0.0012768815686065443,0.0004287748854455469,0.00199322959497957,,0.022776728992208343,0.6911920962827025
Optimized,pure_NH3_phi0.9,0.35156250000000006,1854.3289999998717,0.0031779180214349377,0.2743604151961543,0.001337035960772539,0.00041072626847957276,0.00210400270549129,,0.022202051855938407,0.6914403570496752
Optimized,pure_NH3_phi0.9,0.35351562500000006,1858.4622781068028,0.002818692372984169,0.27499843899879933,0.0013957647018845013,0.0003918079379639038,0.002212157081831651,,0.021667307186145394,0.6916673899514452
Optimized,pure_NH3_phi0.9,0.35546875000000006,1862.2662474697704,0.002496151242117477,0.2755837972170507,0.0014527021228093531,0.0003722215532234984,0.0023169448246711,,0.02117138240995496,0.6918744587446523
Optimized,pure_NH3_phi0.9,0.35742187500000006,1865.7586418784267,0.0022073940931496717,0.2761195358929832,0.0015075254366572282,0.000352175756987238,0.002417715428491141,,0.020712949273397244,0.692062856836093
Optimized,pure_NH3_phi0.9,0.35937500000000006,1868.9580418470653,0.0019495760990219833,0.2766087957116428,0.001559961024811977,0.0003318794617203677,0.0025139253861139192,,0.020290493768891704,0.6922338850027273
Optimized,pure_NH3_phi0.9,0.36132812500000006,1871.8835353048958,0.0017199464627546443,0.277054757133525,0.0016097883778885599,0.0003115355561055074,0.002605142464965579,,0.019902348959710804,0.6923888319382584
Optimized,pure_NH3_phi0.9,0.36328125000000006,1874.554398424184,0.0015158782190176153,0.2774605910971257,0.0016568416938619048,0.00029133536645507726,0.0026910452064276232,,0.019546729252003413,0.6925289578513238
Optimized,pure_NH3_phi0.9,0.36523437500000006,1876.989805280761,0.0013348899451739974,0.2778294161636218,0.0017010092909196643,0.00027145411369288873,0.00277141842420423,,0.01922176473209999,0.6926554811465209
Optimized,pure_NH3_phi0.9,0.36718750000000006,1879.2085726150565,0.0011746601517843808,0.27816426253297327,0.0017422311151545555,0.00025204750300902574,0.0028461455902954163,,0.018925534338124904,0.6927695680691639
Optimized,pure_NH3_phi0.9,0.36914062500000006,1881.228943539929,0.0010330353227313042,0.27846804298657374,0.0017804947060218288,0.00023324948337627294,0.0029151990139359573,,0.018656096845114722,0.6928723250883402
Optimized,pure_NH3_phi0.9,0.37109375000000006,1883.0684117857893,0.000908032657685056,0.2787435305139914,0.0018158300242023778,0.00021517112789823343,0.002978628662513845,,0.018411518885295106,0.6929647937264983
Optimized,pure_NH3_phi0.9,0.37304687500000006,1884.743586103359,0.000797838562569451,0.2789933421607621,0.001848303550544942,0.0001979005197151285,0.003036550368428402,,0.018189899475190736,0.6930479475102576
Optimized,pure_NH3_phi0.9,0.37500000000000006,1886.2700928351042,0.0007008038648437946,0.2792199284839991,0.0018780120379100265,0.00018150348437303502,0.0030891340345065993,,0.01798939075862576,0.6931226907097198
Optimized,pure_NH3_phi0.9,0.37695312500000006,1887.6625134514807,0.0006154366242426213,0.27942556791475703,0.001905076248606543,0.00016602498740062594,0.0031365923113073476,,0.017808214884835336,0.693189858544145
Optimized,pure_NH3_phi0.9,0.37890625000000006,1888.934353025452,0.0005403932856181056,0.27961236528913946,0.0019296349476599997,0.00015149101230357785,0.003179170085856765,,0.017644677114984512,0.6932502185551512
Optimized,pure_NH3_phi0.9,0.38085937500000006,1890.0980351583323,0.0004744687930146423,0.2797822538143677,0.0019518393545732153,0.00013791074500934427,0.003217135001793112,,0.01749717538472621,0.6933044728786126
Optimized,pure_NH3_phi0.9,0.38281250000000006,1891.1649187228768,0.0004165861626332574,0.2799369997703707,0.0019718481902052127,0.00012527891135400663,0.0032507691302042256,,0.01736420664545409,0.693353261180164
Optimized,pure_NH3_phi0.9,0.38476562500000006,1892.1453318958643,0.00036578590259643117,0.2800782093034011,0.0019898233957266523,0.00011357814019642705,0.0032803618301210785,,0.017244370365968913,0.6933971640532255
Optimized,pure_NH3_phi0.9,0.38671875,1893.0486192489375,0.00032121557214073607,0.28020733673740894,0.0020059265502639966,0.0001027812525899981,0.003306203776995685,,0.017136369604461923,0.693436706711406
Optimized,pure_NH3_phi0.9,0.388671875,1893.883198092164,0.0002821196927244072,0.28032569390510687,0.00202031597413288,9.285340445166695e-05,0.003328582094477296,,0.017039010063965552,0.6934723628375074
Optimized,pure_NH3_phi0.9,0.390625,1894.6566207651333,0.00024783015788788017,0.28043446007855605,0.002033144475495957,8.375403454959466e-05,0.003347776496634004,,0.01695119752870014,0.6935045584787536
Optimized,pure_NH3_phi0.9,0.39257812499999994,1895.3756400998498,0.00021775723612168292,0.28053469215487353,0.0020445576789615456,7.543859038109592e-05,0.003364056331431292,,0.01687193404966532,0.6935336759019618
Optimized,pure_NH3_phi0.9,0.39453125,1896.0462758029273,0.00019138121966433567,0.2806273348237785,0.0020546928636074662,6.786002125725516e-05,0.0033776784087952098,,0.016800313210294543,0.6935600573431691
Optimized,pure_NH3_phi0.9,0.39648437500000006,1896.6738799966424,0.0001682447401010115,0.2807132305085899,0.002063678233435029,6.097004074163744e-05,0.003388885495141962,,0.016735514761127192,0.6935840086040224
Optimized,pure_NH3_phi0.9,0.3984375,1897.2632006044023,0.00014794574682187728,0.2807931289308953,0.0020716325435057516,5.4720169937075355e-05,0.003397905358162439,,0.01667679886958672,0.6936058024622754
Optimized,pure_NH3_phi0.9,0.40039062499999994,1897.8184416610459,0.00013013112466268858,0.2808676962021061,0.0020786650081233565,4.9062579691647825e-05,0.0034049502481710518,,0.016623500189729114,0.6936256818766953
Optimized,pure_NH3_phi0.9,0.40234375,1898.343319978851,0.0001144909098631234,0.2809375233951544,0.002084875421366814,4.3950754708463094e-05,0.0034102167022644673,,0.01657502191940245,0.6936438629787242
Optimized,pure_NH3_phi0.9,0.40625,1899.3118520701564,8.891686503722422e-05,0.2810645319244781,0.002095102260744835,3.523015546465679e-05,0.0034159572473279444,,0.016490922642242778,0.6936757070045226
Optimized,pure_NH3_phi0.9,0.41015625,1900.1941702331335,6.915604219286174e-05,0.2811781998359981,0.0021030401833065098,2.816814525877557e-05,0.003416606092443777,,0.016420300418797034,0.6937028433864505
Optimized,pure_NH3_phi0.9,0.4140625,1901.0069638352466,5.385802710295867e-05,0.28128121715320265,0.002109187214109359,2.2474290070439614e-05,0.003413218208546011,,0.016360332550947283,0.693726266118181
Optimized,pure_NH3_phi0.9,0.41796875,1901.7631777588317,4.198637924555152e-05,0.28137568115059913,0.002113940336165413,1.7898820442770248e-05,0.0034066596630423964,,0.016308791888979598,0.6937467545649976
Optimized,pure_NH3_phi0.9,0.421875,1902.4728613218808,3.2745510963008564e-05,0.2814632264534488,0.0021176133656661024,1.4230789518445878e-05,0.003397634897741851,,0.016263926233279862,0.693764919224837
Optimized,pure_NH3_phi0.9,0.42968750000000006,1903.7761398870307,2.0320490117639618e-05,0.2816213945234149,0.0021224590779357643,9.090402702728708e-06,0.0033738885523881485,,0.016190086844577043,0.6937957131293365
Optimized,pure_NH3_phi0.9,0.43750000000000006,1904.968136539791,1.270341832418894e-05,0.28176402116852534,0.0021253239470512843,5.815227488579726e-06,0.003345793842234716,,0.016129804018589617,0.6938217869728648
Optimized,pure_NH3_phi0.9,0.44531250000000006,1906.0748212421772,7.995982887057055e-06,0.2818953052538388,0.002126999868071271,3.7333022812777337e-06,0.0033153590624146476,,0.016078541552884653,0.6938447057301778
Optimized,pure_NH3_phi0.9,0.45312500000000006,1907.1127357904077,5.060999415627395e-06,0.2820178731503779,0.0021279623032093437,2.4091954627940985e-06,0.003283836057222591,,0.016033497103056658,0.6938654387283872
Optimized,pure_NH3_phi0.9,0.46093750000000006,1908.0927887642224,3.211656527959312e-06,0.2821334068858555,0.002128496667011624,1.5638104116418743e-06,0.0032519969642210342,,0.015992921424716332,0.6938845930441192
Optimized,pure_NH3_phi0.9,0.46875000000000006,1909.0224879726404,2.0287639069392326e-06,0.2822430183127172,0.0021287751249339905,1.0189932025049907e-06,0.0032203146870810324,,0.015955703651931757,0.6939025553151199
Optimized,pure_NH3_phi0.9,0.4843750000000001,1910.7471191421482,8.844048508620484e-07,0.2824467556191841,0.0021288801601250036,4.887846646030576e-07,0.003158308137377119,,0.015889163235411712,0.6939356610496656
Optimized,pure_NH3_phi0.9,0.5000000000000001,1912.32389277581,3.9455826745171327e-07,0.2826338527256416,0.00212876360917666,2.6193551911996827e-07,0.0030989600339231755,,0.015829945805935663,0.6939660759666096
Optimized,pure_NH3_phi0.9,0.5156250000000001,1913.7721015742836,1.7998118546213176e-07,0.28280658944991455,0.0021285671534976313,1.6356287714890095e-07,0.0030424948773285026,,0.01577652752329538,0.6939943219112793
Optimized,pure_NH3_phi0.9,0.5312500000000001,1915.1065668251608,8.393396916310359e-08,0.28296661641773685,0.0021283460153774325,1.2036283283413685e-07,0.002988875070907443,,0.015727993033652517,0.694020708850841
Optimized,pure_NH3_phi0.9,0.5468750000000001,1916.3394340225352,4.0060263500141315e-08,0.28311524768696594,0.0021281217774731325,1.0121969447363432e-07,0.002937967912279364,,0.01568370783432273,0.6940454493319307
Optimized,pure_NH3_phi0.9,0.5625000000000001,1917.4810051179466,1.9629995558143565e-08,0.28325358650607163,0.002127902706725778,9.273006692451407e-08,0.0028896121293720705,,0.015643183910188267,0.6940687061109824
Optimized,pure_NH3_phi0.9,0.5781250000000002,1918.5401796304561,9.938567351592365e-09,0.28338258542909384,0.002127691726807667,8.902856253850233e-08,0.002843643944885634,,0.015606021380111358,0.6940906129748885
Optimized,pure_NH3_phi0.9,0.5937500000000002,1919.5247241538555,5.254108904427418e-09,0.28350307916087975,0.002127489607231883,8.750630581091222e-08,0.002799906938151435,,0.015571880873431584,0.6941112844877216
Optimized,pure_NH3_phi0.9,0.6093750000000002,1920.441458236555,2.9388013201015533e-09,0.28361580519494933,0.0021272962614757697,8.698289980041573e-08,0.002758255518983114,,0.015540468768187748,0.6941308209933814
Optimized,pure_NH3_phi0.9,0.6250000000000001,1921.2963921145058,1.7507375499652648e-09,0.2837214175646339,0.0021271112825118317,8.691289926766529e-08,0.002718557032317343,,0.015511527811842854,0.6941493114360209
Optimized,pure_NH3_phi0.9,0.6562500000000001,1922.8367078123263,9.379379940472865e-10,0.2839129860760386,0.002126764897804968,8.734477646812982e-08,0.0026447345355732027,,0.015460365358718314,0.6941833899524091
Optimized,pure_NH3_phi0.9,0.6875000000000001,1924.1950013836815,6.791841555577349e-10,0.28408312092956434,0.0021264439879112554,8.791126554868766e-08,0.0025772048105226495,,0.015416272961169774,0.6942141475135272
Optimized,pure_NH3_phi0.9,0.7187500000000001,1925.3995554299665,5.814859646810178e-10,0.2842349926845457,0.0021261450331440264,8.845911202056163e-08,0.002515237727964312,,0.015378064530211911,0.6942420325097707
Optimized,pure_NH3_phi0.9,0.7500000000000001,1926.4732702168449,5.33550953632022e-10,0.28437119479294526,0.0021258651045830052,8.894969001290505e-08,0.002458207770317859,,0.015344790661922484,0.69426741717687
Optimized,pure_NH3_phi0.9,0.78125,1927.4348369418346,5.024612620557189e-10,0.2844938653496949,0.0021256017752692533,8.937568287454809e-08,0.0024055783516778854,,0.015315683975702828,0.6942906129044312
Optimized,pure_NH3_phi0.9,0.8125,1928.2996219103313,4.780315334529629e-10,0.2846047790203413,0.0021253530288148823,8.973861947608969e-08,0.0023568875344470116,,0.015290119916102202,0.6943118820376531
Optimized,pure_NH3_phi0.9,0.84375,1929.0803393396798,4.5692931390505605e-10,0.28470541782300873,0.002125117183418318,9.004256158359115e-08,0.002311736032031886,,0.015267587347703492,0.6943314470452718
Optimized,pure_NH3_phi0.9,0.8750000000000001,1929.7875676162669,4.379668608175669e-10,0.2847970261525427,0.002124892831718923,9.029224312930452e-08,0.002269777410414855,,0.015247666072082361,0.6943494976941156
Optimized,pure_NH3_phi0.9,0.9062500000000001,1930.4301481184114,4.2065541394802434e-10,0.2848806539159145,0.0021246787937838647,9.049250657217249e-08,0.0022307103329229105,,0.015230009272096834,0.6943661966951509
Optimized,pure_NH3_phi0.9,0.9375000000000001,1931.0154933667086,4.0474698857244607e-10,0.28495719045428314,0.0021244740803809145,9.064818643337768e-08,0.0021942737624515694,,0.015214328676675411,0.6943816841270998
Optimized,pure_NH3_phi0.9,1.0000000000000002,1932.033018204215,3.766975738020851e-10,0.2850911926234959,0.0021240901321248045,9.084017865037024e-08,0.0021287136852798944,,0.015188146431290314,0.6944093842850265
Optimized,pure_NH3_phi0.9,1.0625000000000002,1932.8990744839703,3.5257012707106017e-10,0.28520593715181297,0.002123731229060459,9.090395880314936e-08,0.0020708875364184127,,0.015166831010083225,0.6944335195733131
Optimized,pure_NH3_phi0.9,1.1250000000000002,1933.6429744538311,3.3172666940807307e-10,0.2853050251296117,0.0021233931735209375,9.086481889335776e-08,0.0020196052489603036,,0.015149300929591715,0.6944546969366757
Optimized,pure_NH3_phi0.9,1.1875,1934.2870575503662,3.1363997917390375e-10,0.2853912261170422,0.002123072698272759,9.074497315297885e-08,0.001973905681894023,,0.015134756495587116,0.6944733942785002
Optimized,pure_NH3_phi0.9,1.25,1934.848586579201,2.9787741331404877e-10,0.28546669950695786,0.0021227672274544435,9.056308691323451e-08,0.0019330076211685496,,0.015122596361816796,0.694489992910767
Optimized,pure_NH3_phi0.9,1.3125000000000002,1935.3410575363039,2.8408378358737065e-10,0.2855331484513165,0.0021224747126347074,9.03346460935355e-08,0.0018962704527562863,,0.015112363608926666,0.6945048009154579
Optimized,pure_NH3_phi0.9,1.375,1935.7751150614972,2.7196672990258574e-10,0.28559192882192463,0.002122193519617299,9.007240431308578e-08,0.0018631646340081668,,0.01510370901321886,0.6945180700797755
Optimized,pure_NH3_phi0.9,1.4375,1936.1591970813045,2.612847764515082e-10,0.28564412721354104,0.0021219223515523814,8.978684348244075e-08,0.0018332496294303706,,0.015096365734431788,0.6945300083061455
Optimized,pure_NH3_phi0.9,1.5,1936.4999864647416,2.5183753711157245e-10,0.2856906171713597,0.002121660199510522,8.948684539757737e-08,0.0018061585490348135,,0.015090131026737947,0.694540788722046
Optimized,pure_NH3_phi0.9,1.625,1937.0672786387947,2.361597919857491e-10,0.28576853450625345,0.002121160690685113,8.887304673149775e-08,0.0017596240714572331,,0.015080495322919933,0.6945593087039665
Optimized,pure_NH3_phi0.9,1.7500000000000002,1937.530290500364,2.235439179598969e-10,0.2858323588509974,0.0021206837586619084,8.825876732630036e-08,0.001720630321481136,,0.015073167112934058,0.6945747089975941
Optimized,pure_NH3_phi0.9,1.8750000000000002,1937.9117363005482,2.1330427890484034e-10,0.2858851091168734,0.002120225420655092,8.766604493851503e-08,0.0016877574798409912,,0.015067534619905109,0.6945876295217073
Optimized,pure_NH3_phi0.9,2.0,1938.2277748736374,2.0492482750236925e-10,0.2859289665509907,0.002119782869139956,8.71088082344912e-08,0.0016599200239911327,,0.015063201036337126,0.6945985555915531
Optimized,pure_NH3_phi0.9,2.25,1938.6971112561878,1.9257285488321258e-10,0.2859946467980206,0.002118939881013202,8.61471352795337e-08,0.0016170275781778277,,0.015057633386228645,0.6946155463046088
Optimized,pure_NH3_phi0.9,2.5,1939.0399738556891,1.8376444560093495e-10,0.28604274816334463,0.0021181308309706107,8.534326897248072e-08,0.0015849382974136414,,0.015054057984820702,0.6946282468077859
Optimized,pure_NH3_phi0.9,3.0,1939.4540994875542,1.7328676033002497e-10,0.2861012584060416,0.0021165976465990894,8.423080664783483e-08,0.0015447163160549962,,0.01505078754835986,0.6946445059295409
Optimized,pure_NH3_phi0.9,3.4999999999999996,1939.7042814595138,1.6726044250634285e-10,0.28613634742705785,0.002115147915620509,8.349971676199439e-08,0.0015204066589498979,,0.015049159443176606,0.6946543740165535
Optimized,pure_NH3_phi0.9,4.25,1939.8955821695288,1.630722420604847e-10,0.2861623809235059,0.0021133168286610114,8.29426917017328e-08,0.0015028708632694424,,0.015047879070970336,0.6946614749807716
Optimized,pure_NH3_phi0.9,5.0,1939.8955821695288,1.630722420519491e-10,0.2861623809085274,0.0021133168285503955,8.294269169739138e-08,0.0015028708631907783,,0.015047879070182693,0.6946614749967537
Full,pure_NH3_phi1.0,0.0,298.0,0.19871209827691072,0.025622798547247277,2.0293265469277583e-05,3.244029371608251e-05,2.8418172717083476e-12,,0.15515874612125502,0.6156867119158265
Full,pure_NH3_phi1.0,0.007812500000000002,321.2376695726465,0.19559617484247094,0.030032201975274182,2.4031653197725307e-05,4.034675524330084e-05,3.1767017982397134e-12,,0.1535582896026482,0.6157487190091545
Full,pure_NH3_phi1.0,0.015625000000000003,346.75869969640826,0.19223235567718822,0.034821404006097505,2.8200510126260262e-05,4.954934926804054e-05,6.257495629630479e-12,,0.15178005240421558,0.6158564028953722
Full,pure_NH3_phi1.0,0.023437500000000003,374.49761957019626,0.18863235858656538,0.039967850714556684,3.280967935211528e-05,6.013212758248986e-05,1.4003622090366513e-11,,0.14982324820196719,0.6160218235499829
Full,pure_NH3_phi1.0,0.03125000000000001,404.3681132213185,0.18480792852185224,0.04544804726138289,3.786878217357491e-05,7.21727070431442e-05,3.066990985088402e-11,,0.14768795980886482,0.616256929574481
Full,pure_NH3_phi1.0,0.03906250000000001,436.27207929798425,0.18077016781050706,0.051239078361246845,4.338917831376701e-05,8.574346076735626e-05,6.410293701361323e-11,,0.14537474915501272,0.616573120609369
Full,pure_NH3_phi1.0,0.04687500000000001,470.10729957672294,0.17652914957230986,0.05731956376928964,4.9386652470595386e-05,0.00010091255284460348,1.2768428199421782e-10,,0.14288437483720456,0.6169809838752721
Full,pure_NH3_phi1.0,0.05078125,487.73459826698695,0.17433409071056696,0.06046383516751007,5.257620153554804e-05,0.0001091307874710577,1.7984188906834993e-10,,0.1415718060831807,0.6172230331518852
Full,pure_NH3_phi1.0,0.05468750000000001,505.82104591038603,0.17209015548722878,0.06367520523952579,5.589952853914076e-05,0.00011779067189655728,2.4952188691398686e-10,,0.1402137524775416,0.6174924787780749
Full,pure_NH3_phi1.0,0.05859375000000001,524.3539879558548,0.1697983661582849,0.06695140832563336,5.936200377216589e-05,0.00012690019987804182,3.4184679041593866e-10,,0.13881033101636883,0.6177904294208078
Full,pure_NH3_phi1.0,0.06250000000000001,543.3214241021974,0.16745965111424324,0.07029034373431607,6.297027587893084e-05,0.00013646729186875324,4.631602608074034e-10,,0.13736163494534404,0.6181179418975815
Full,pure_NH3_phi1.0,0.06640625000000001,562.7119627360387,0.16507486194446336,0.07369005383000311,6.67324389916258e-05,0.00014649962845417918,6.213112810859363e-10,,0.13586774831894283,0.6184760112035675
Full,pure_NH3_phi1.0,0.07031250000000001,582.5148209233967,0.1626447800794178,0.07714871221034364,7.065826257689947e-05,0.00015700465840382395,8.260549891477203e-10,,0.13432874566431452,0.6188655764198652
Full,pure_NH3_phi1.0,0.07421875000000003,602.7198332679471,0.1601701212859398,0.08066461567484612,7.475942600399279e-05,0.00016798958669609961,1.0896154593205655e-09,,0.13274469232097033,0.6192875238694907
Full,pure_NH3_phi1.0,0.07812500000000001,623.3174462125348,0.1576515402171741,0.08423617566551538,7.904976180237423e-05,0.00017946135863398466,1.4275038194338225e-09,,0.13111564512968926,0.6197426902856996
Full,pure_NH3_phi1.0,0.08203125000000001,644.2986999639847,0.15508963485831548,0.08786190949302798,8.354550849748754e-05,0.00019142664004191212,1.859736057817247e-09,,0.1294416534001839,0.6202318658910623
Full,pure_NH3_phi1.0,0.08593750000000001,665.6551997676918,0.15248495074257634,0.0915404315730316,8.826557455474198e-05,0.00020389179327984962,2.4126753944072877e-09,,0.12772276010934175,0.6207557973106944
Full,pure_NH3_phi1.0,0.08984375000000001,687.3790777790172,0.14983798483782126,0.09527044482171365,9.32318148320485e-05,0.00021686284852133058,3.1218489268700833e-09,,0.12595900330324203,0.6213151902610404
Full,pure_NH3_phi1.0,0.09375000000000001,709.4629462916166,0.1471491890251882,0.09905073229509541,9.846931950928286e-05,0.00023034546947122239,4.0362797891100005e-09,,0.12415041769531356,0.6219107119681844
Full,pure_NH3_phi1.0,0.09765625,731.8998426093121,0.14441897310968502,0.10288014909927853,0.00010400671245783865,0.0002443449125415132,5.225164187885741e-09,,0.122297036469315,0.6225429932770447
Full,pure_NH3_phi1.0,0.1015625,754.6831654140868,0.14164770732409684,0.1067576145453157,0.00010987645178289915,0.00025886597860736755,6.78814400513468e-09,,0.12039889330647936,0.623212630415877
Full,pure_NH3_phi1.0,0.10546875,777.806602118924,0.1388357243164976,0.11068210446837472,0.0001161151211663809,0.00027391295700318624,8.871017188697592e-09,,0.11845602465957321,0.6239201863800224
Full,pure_NH3_phi1.0,0.10937500000000001,801.2640464301435,0.1359833206544997,0.11465264357277793,0.00012276369923862847,0.000289489562489661,1.1689444076515696e-08,,0.1164684722924277,0.6246661918944107
Full,pure_NH3_phi1.0,0.11328125000000001,825.0495052039722,0.13309075793814099,0.11866829760162681,0.00012986779918188986,0.0003055988673751503,1.5562177610832282e-08,,0.11443628609479164,0.6254511459062899
Full,pure_NH3_phi1.0,0.11523437500000001,837.0645208051986,0.13162949879073046,0.12069271626103416,0.00013361028304090198,0.0003138544170392016,1.8055056357663857e-08,,0.11340345656904413,0.6258584167930193
Full,pure_NH3_phi1.0,0.11718750000000001,849.1601491487622,0.13015818191035738,0.1227281857198774,0.00013748763401329393,0.0003222459294602546,2.1011240831532654e-08,,0.11235935818539756,0.626275719993027
Full,pure_NH3_phi1.0,0.11914062500000001,861.3355509245756,0.1286768401974898,0.12477458440365236,0.000141506965585811,0.0003307734749271425,2.4531367284204804e-08,,0.11130401059227664,0.6267031020283584
Full,pure_NH3_phi1.0,0.12109375000000003,873.5899655882758,0.12718548820604675,0.12683180987289602,0.00014567594079597512,0.00033943727837535586,2.873620677603597e-08,,0.11023741697257267,0.6271406225433419
Full,pure_NH3_phi1.0,0.12304687500000003,885.9225184478282,0.12568415498883986,0.12889974193926726,0.00015000234089719013,0.00034823729661209523,3.3772801279720084e-08,,0.10915959973363805,0.6275883234050627
Full,pure_NH3_phi1.0,0.12500000000000003,898.3324038723171,0.12417285119233179,0.13097827877605955,0.00015449454265867337,0.00035717364063749527,3.981934850288207e-08,,0.10807056487099845,0.6280462598780902
Full,pure_NH3_phi1.0,0.12695312500000003,910.8187022467081,0.12265160044865892,0.1330673020550138,0.00015916107189310963,0.00036624617116086784,4.709238307543951e-08,,0.10697033605537734,0.6285144708488543
Full,pure_NH3_phi1.0,0.12890625000000003,923.3805057289377,0.121120416560489,0.13516670163636443,0.0001640109747744019,0.0003754547917378968,5.585355543409764e-08,,0.10585892992242346,0.6289930006112885
Full,pure_NH3_phi1.0,0.13085937500000003,936.0168552978363,0.11957931388893543,0.13727636402375762,0.00016905367972973933,0.0003847993133556143,6.641867705603257e-08,,0.10473636743760877,0.629481888818748
Full,pure_NH3_phi1.0,0.13281250000000003,948.7267450141895,0.11802830573993578,0.13939617374370744,0.0001742990618235712,0.00039427947640739925,7.916843913920484e-08,,0.10360267207092683,0.6299811722619587
Full,pure_NH3_phi1.0,0.13476562500000003,961.5091158314193,0.1164674047091797,0.1415260126728062,0.00017975748175144446,0.0004038949467375226,9.45629750199217e-08,,0.10245787012597654,0.6304908846763846
Full,pure_NH3_phi1.0,0.13671875000000003,974.3628491162933,0.11489662311927501,0.1436657592773367,0.0001854398328217068,0.00041364531106034195,1.1317170415189393e-07,,0.10130199112000107,0.6310110565193507
Full,pure_NH3_phi1.0,0.14062500000000003,1000.2785428454904,0.1117254119002144,0.14797465563623388,0.000197508394842987,0.00043354928848703106,1.6234708186722552e-07,,0.09895709893492326,0.6320828532168502
Full,pure_NH3_phi1.0,0.14453125000000006,1026.462130597894,0.1085151773725835,0.15232129462307056,0.00021060782041580576,0.00045397914403296803,2.3370515010845926e-07,,0.0965688006532744,0.6331963157366999
Full,pure_NH3_phi1.0,0.14843750000000006,1052.902403999139,0.10526606017336,0.15670451398806368,0.00022484944287795507,0.0004749283523232029,3.3667764655718447e-07,,0.09413748879163744,0.634351539671425
Full,pure_NH3_phi1.0,0.15234375000000006,1079.5866741753337,0.10197827088334742,0.1611229959608119,0.0002403602979809896,0.0004963885013752776,4.841970360482439e-07,,0.09166366523029154,0.6355485358989282
Full,pure_NH3_phi1.0,0.15429687500000006,1093.0157808889571,0.10032003634094658,0.16334483136002123,0.0002486480650214079,0.000507305893065373,5.805627715701793e-07,,0.09041107361013452,0.6361626556093744
Full,pure_NH3_phi1.0,0.15625000000000003,1106.500810769611,0.09865219093454672,0.16557495502627634,0.00025731344306237635,0.0005183482372721208,6.952230350548839e-07,,0.08914800809194962,0.6367872787336438
Full,pure_NH3_phi1.0,0.158203125,1120.0396358753856,0.09697480373035648,0.167813131474287,0.0002663784011913719,0.0005295137052693525,8.314714358907682e-07,,0.08787457922626668,0.6374223738272209
Full,pure_NH3_phi1.0,0.16015625,1133.6299930518228,0.09528795829429888,0.17005910483136086,0.00027586645074971424,0.0005408002477334204,9.930270504504531e-07,,0.08659091156934415,0.6380679000244367
Full,pure_NH3_phi1.0,0.162109375,1147.2694760744878,0.09359175518095793,0.1723125965094268,0.0002858026899303384,0.0005522055673134999,1.1841402350356747e-06,,0.08529714527490513,0.638723806097236
Full,pure_NH3_phi1.0,0.16406250000000003,1160.9555280316833,0.09188631459099311,0.17457330279865715,0.0002962138243228999,0.000563727087817526,1.4096606378819926e-06,,0.0839934377846105,0.6393900294317608
Full,pure_NH3_phi1.0,0.16601562500000003,1174.6854339358633,0.09017177923614202,0.1768408923547762,0.0003071281576882268,0.0005753619195552356,1.6750998339002463e-06,,0.0826799656135461,0.6400664949164092
Full,pure_NH3_phi1.0,0.16796875000000003,1188.4563135921478,0.08844831741505473,0.17911500358810223,0.00031857554764596827,0.0005871068203696748,1.98669374100035e-06,,0.08135692622441883,0.6407531137384391
Full,pure_NH3_phi1.0,0.16992187500000003,1202.2651147426902,0.08671612629217036,0.18139524197291168,0.00033058732150973054,0.0005989581518673895,2.351464876411745e-06,,0.08002453998133023,0.6414497820878615
Full,pure_NH3_phi1.0,0.17187500000000003,1216.1086064798728,0.08497543536419444,0.18368117730151884,0.00034319614826812465,0.000610911830333667,2.77728346621614e-06,,0.07868305217116583,0.6421563797693841
Full,pure_NH3_phi1.0,0.17382812500000003,1229.983372886594,0.0832265100912039,0.18597234091248085,0.0003564358637133521,0.0006229632718060446,3.272926170696043e-06,,0.07733273507746558,0.6428727687255164
Full,pure_NH3_phi1.0,0.17578125000000003,1243.8858068223103,0.08146965566100511,0.18826822292711476,0.0003703412469854088,0.0006351073307790486,3.848131157212104e-06,,0.07597389008843548,0.6435987914765937
Full,pure_NH3_phi1.0,0.17773437500000003,1257.812103732152,0.0797052208466064,0.19056826953255598,0.00038494774829434734,0.0006473382320505409,4.513648353363826e-06,,0.07460684981736292,0.6443342694865534
Full,pure_NH3_phi1.0,0.17968750000000003,1271.7582553212778,0.07793360190777511,0.19287188035337396,0.0004002911692984028,0.0006596494952930417,5.281283946897788e-06,,0.07323198021010752,0.6450790014662411
Full,pure_NH3_phi1.0,0.18164062500000003,1285.7200429130166,0.07615524647903923,0.1951784059560213,0.0004164072994879822,0.0006720338520614137,6.163938570549159e-06,,0.07184968261086926,0.6458327616296459
Full,pure_NH3_phi1.0,0.18359375000000003,1299.693030305676,0.07437065737928324,0.1974871455321868,0.0004333315138902811,0.0006844831551367937,7.175639114592071e-06,,0.0704603957541749,0.6465952979208669
Full,pure_NH3_phi1.0,0.18554687500000003,1313.6725559657978,0.07258039627233366,0.19979734480685632,0.00045109833937781137,0.0006969882803585217,8.331564723327912e-06,,0.0690645976480533,0.6473663302329844
Full,pure_NH3_phi1.0,0.18750000000000003,1327.6537244517124,0.07078508710524177,0.20210819421589132,0.00046974099873664,0.0007095390214127518,9.64806827898717e-06,,0.06766280731121678,0.6481455486413794
Full,pure_NH3_phi1.0,0.18945312500000003,1341.6313970504473,0.06898541925032275,0.2044188273950867,0.0004892909433124531,0.0007221239784181705,1.1142695085862999e-05,,0.06625558632564692,0.648932611676211
Full,pure_NH3_phi1.0,0.19140625000000003,1355.6001817133151,0.06718215028151453,0.20672832001852667,0.0005097773864023928,0.0007347304415585705,1.2834201433165843e-05,,0.06484354016591368,0.6497271446588724
Full,pure_NH3_phi1.0,0.193359375,1369.5544225182155,0.06537610832172641,0.20903568901899236,0.0005312268504752273,0.0007473442714433177,1.4742575732854275e-05,,0.06342731926751205,0.6505287381277871
Full,pure_NH3_phi1.0,0.1953125,1383.4881890352424,0.06356819390843542,0.21133989221702107,0.0005536627417075974,0.0007599497782949582,1.6889065292571412e-05,,0.062007619799156914,0.6513369463779767
Full,pure_NH3_phi1.0,0.197265625,1397.3952660975995,0.06175938133706891,0.21363982837856096,0.0005771049651468387,0.0007725296024436377,1.9296211568538496e-05,,0.06058518410774923,0.6521512861380899
Full,pure_NH3_phi1.0,0.19921875,1411.2691445814226,0.05995071945528201,0.2159343377143639,0.0006015695930310318,0.0007850645989192339,2.1987896281721545e-05,,0.059160800809864994,0.6529712354073981
Full,pure_NH3_phi1.0,0.201171875,1425.1030138537203,0.05814333189479156,0.21822220282769403,0.0006270685974338348,0.0007975337291477271,2.498940004852079e-05,,0.057735304509661314,0.653796232474071
Full,pure_NH3_phi1.0,0.203125,1438.8897565471773,0.056338416739315285,0.22050215011067592,0.0006536096565198258,0.0008099139628584131,2.832747426194836e-05,,0.056309575129632604,0.6546256751355252
Full,pure_NH3_phi1.0,0.205078125,1452.6219462612373,0.0545372456367021,0.22277285158452476,0.0006811960414050718,0.0008221801932826819,3.2030425980419724e-05,,0.05488453684756685,0.6554589201406378
Full,pure_NH3_phi1.0,0.20703125,1466.2918486767776,0.05274116236921954,0.2250329271742905,0.0007098265880489791,0.0008343051685709183,3.612821467194338e-05,,0.05346115663939203,0.6562952828739608
Full,pure_NH3_phi1.0,0.208984375,1479.8914264208825,0.05095158089817064,0.22728094740554064,0.0007394957559081266,0.0008462594420779743,4.065255894492852e-05,,0.05204044243358171,0.6571340373020154
Full,pure_NH3_phi1.0,0.2109375,1493.4123478481322,0.04916998289789036,0.22951543650797088,0.0007701937724009184,0.0008580113437879898,4.563705097148101e-05,,0.05062344088780611,0.6579744162019209
Full,pure_NH3_phi1.0,0.21289062500000003,1506.845999736669,0.04739791479012291,0.23173487590943412,0.0008019068596864516,0.0008695269746838413,5.1117276269021933e-05,,0.04921123480235862,0.6588156116929519
Full,pure_NH3_phi1.0,0.21484375000000003,1520.183503749716,0.045636984284680854,0.23393770810244272,0.0008346175379419094,0.0008807702253443602,5.7130937048201724e-05,,0.0478049401880311,0.6596567760914677
Full,pure_NH3_phi1.0,0.21679687500000003,1533.4157363986862,0.04388885642799486,0.23612234086339873,0.0008683049972888363,0.000891702819500016,6.371797915478967e-05,,0.04640570300813279,0.6604970231088925
Full,pure_NH3_phi1.0,0.21875000000000003,1546.5333521648095,0.04215524916188332,0.23828715179892826,0.0009029455287929429,0.00090228438273012,7.092072816051991e-05,,0.04501469561607104,0.6613354294108521
Full,pure_NH3_phi1.0,0.22070312500000003,1559.526809377867,0.04043792841004425,0.2404304931749442,0.0009385130035465803,0.0009124725359784787,7.87840574253901e-05,,0.04363311291123277,0.6621710365520526
Full,pure_NH3_phi1.0,0.22265625000000003,1572.3863983629326,0.03873870276497474,0.2425506969241008,0.0009749793876878134,0.000922223013145348,8.7355665392515e-05,,0.04226216823747751,0.6630028532932075
Full,pure_NH3_phi1.0,0.22460937500000003,1585.1022711040382,0.037059418018082546,0.24464607953968098,0.0010123152801650012,0.0009314898017334705,9.668670915445557e-05,,0.04090308904978151,0.6638298582850902
Full,pure_NH3_phi1.0,0.22656250000000003,1597.6644708211802,0.03540195227810456,0.2467149459894818,0.0010504904586350857,0.0009402253054323204,0.00010683356111971169,,0.03955711237341174,0.6646510030461895
Full,pure_NH3_phi1.0,0.23046875000000003,1622.3012384936167,0.03215762115450098,0.2507687575764487,0.0011292710219611808,0.0009559628221562632,0.00012977026846332088,,0.03690770882977165,0.6662727656257853
Full,pure_NH3_phi1.0,0.23437500000000003,1646.207403611423,0.029022805881792894,0.2546968880662629,0.0012110260333700411,0.0009689970789964231,0.00015665770833045298,,0.03432514890468645,0.6678583754510232
Full,pure_NH3_phi1.0,0.23632812500000003,1657.854847459482,0.02750239636644797,0.2566085363693276,0.0012529331542382866,0.0009743412718268993,0.00017175851481656591,,0.03306281323460419,0.6686341617886755
Full,pure_NH3_phi1.0,0.23828125000000003,1669.2887526549232,0.02601515312042834,0.25848371397873654,0.0012955084159187288,0.00097884666307808,0.00018804636021258945,,0.03182091232594371,0.6693974756239961
Full,pure_NH3_phi1.0,0.24023437500000003,1680.499459178741,0.024562904475597537,0.2603208508863027,0.0013387282877765382,0.0009824604077188805,0.00020559779623463778,,0.030600605208409844,0.6701472074602584
Full,pure_NH3_phi1.0,0.24218750000000006,1691.4775147170933,0.02314742627983035,0.26211842557035114,0.0013825711478528029,0.0009851298169841112,0.00022449047830538056,,0.029403017908679156,0.6708822627847166
Full,pure_NH3_phi1.0,0.24414062500000006,1702.2137171280147,0.02177043041983785,0.2638749713949575,0.0014270171549715374,0.0009868026408411603,0.00024480409519096215,,0.028229237927490543,0.6716015690618585
Full,pure_NH3_phi1.0,0.24609375000000006,1712.6991599215892,0.020433552097253293,0.2655890839994646,0.001472047973024509,0.000987427362637631,0.0002666204145762619,,0.02708030875258549,0.6723040831936371
Full,pure_NH3_phi1.0,0.24804687500000006,1722.9252799256778,0.019138336445743337,0.2672594290829832,0.0015176463320047769,0.000986953514961423,0.00029002294607397634,,0.025957224442274322,0.6729887993454736
Full,pure_NH3_phi1.0,0.25000000000000006,1732.8839069293354,0.017886224764218597,0.2688847503807274,0.0015637954169394044,0.0009853320262489952,0.00031509636514255736,,0.024860924316387475,0.6736547570615172
Full,pure_NH3_phi1.0,0.25195312500000006,1742.5673152699028,0.01667854055520711,0.270463877751162,0.0016104780813824184,0.0009825156085930325,0.00034192572555415856,,0.023792287791756163,0.6743010495920199
Full,pure_NH3_phi1.0,0.25390625000000006,1751.9682773410714,0.015516475545917232,0.2719957353308255,0.0016576758879858994,0.0009784591980746523,0.0003705954506238999,,0.022752129399895626,0.6749268323416084
Full,pure_NH3_phi1.0,0.25585937500000006,1761.0801189369984,0.01440107588467012,0.27347934971755106,0.0017053679854497142,0.0009731204594125053,0.00040118808275827194,,0.021741194025435354,0.6755313313321265
Full,pure_NH3_phi1.0,0.25781250000000006,1769.8967762397058,0.013333228731499103,0.274913858138522,0.0017535298390478136,0.0009664603664478044,0.0004337827707948172,,0.020760152405415826,0.6761138515511652
Full,pure_NH3_phi1.0,0.25976562500000006,1778.4128541125885,0.012313649492765576,0.27629851654423804,0.0018021318409712766,0.0009584438686692119,0.00046845348014521625,,0.01980959693141189,0.6766737850376529
Full,pure_NH3_phi1.0,0.26171875000000006,1786.6236851864028,0.01134286998229977,0.27763270755106584,0.001851137836773589,0.0009490406513578877,0.0005052669205423427,,0.018890037798954665,0.6772106185332903
Full,pure_NH3_phi1.0,0.26367187500000006,1794.5253890205008,0.01042122782274537,0.2789159481310823,0.0019005036149734682,0.000938225992770204,0.0005442801998444859,,0.018001899551269372,0.6777239405088163
Full,pure_NH3_phi1.0,0.26562500000000006,1802.1149303987252,0.009548857427052885,0.28014789692068537,0.0019501754179291626,0.0009259817159440391,0.0005855382296085709,,0.017145518067047675,0.6782134473570752
Full,pure_NH3_phi1.0,0.26757812500000006,1809.3901755870747,0.008725682917423993,0.28132836098921815,0.002000088542794327,0.0009122972251834757,0.0006290709284865128,,0.016321138044116657,0.6786789485346795
Full,pure_NH3_phi1.0,0.26953125000000006,1816.3499451532357,0.007951413343128969,0.28245730188029555,0.0020501661108582167,0.0008971706082030193,0.0006748902920483137,,0.015528911032270243,0.6791203704301368
Full,pure_NH3_phi1.0,0.27148437500000006,1822.9940617438172,0.0072255405452658576,0.28353484071042645,0.0021003180908186246,0.0008806097746402032,0.000722987421029815,,0.014768894068444099,0.6795377587455901
Full,pure_NH3_phi1.0,0.27343750000000006,1829.3233910531367,0.006547339981869708,0.28456126208966465,0.002150440665292135,0.0008626335907576487,0.000773329622502111,,0.014041048965539094,0.6799312791988985
Full,pure_NH3_phi1.0,0.27539062500000006,1835.3398741178746,0.005915874768398706,0.2855370166164626,0.002200416028854811,0.000843272959475904,0.0008258577179794522,,0.01334524230193036,0.6803012163891154
Full,pure_NH3_phi1.0,0.27734375000000006,1841.0465490537547,0.005330003105774061,0.28646272170066517,0.00225011269883176,0.0008225717854461976,0.0008804837067822808,,0.012681246151837307,0.6806479707176624
Full,pure_NH3_phi1.0,0.27929687500000006,1846.4475604290703,0.00478838916241444,0.2873391604849134,0.002299386405868221,0.0008005877578768756,0.0009370889398654016,,0.012048739587189338,0.6809720533216576
Full,pure_NH3_phi1.0,0.28125000000000006,1851.5481546553765,0.004289517352354804,0.28816727866852937,0.0023480816094029844,0.0007773928805151922,0.0009955229569333821,,0.011447310969453752,0.6812740790510068
Full,pure_NH3_phi1.0,0.28320312500000006,1856.354660070982,0.003831709815300853,0.28894817908918574,0.00239603365357257,0.000753073679694995,0.0010556031266193313,,0.010876461035651009,0.681554757603128
Full,pure_NH3_phi1.0,0.28515625000000006,1860.8744507927079,0.0034131467652225756,0.2896831139858238,0.002443071542735368,0.0007277310285720435,0.0011171152052576044,,0.010335606766967032,0.6818148830123998
Full,pure_NH3_phi1.0,0.28710937500000006,1865.1158939023064,0.0030318892420216053,0.29037347494699517,0.002489021274667698,0.0007014795389969995,0.001179814894648664,,0.009824086011856796,0.6820553217701998
Full,pure_NH3_phi1.0,0.2890625000000001,1869.0882800947693,0.002685903686382191,0.29102078063916287,0.0025337096265373444,0.0006744464917335331,0.0012434304345525216,,0.009341162819044757,0.6822769999175655
Full,pure_NH3_phi1.0,0.2910156250000001,1872.801738519027,0.0023730876706651634,0.2916266625024135,0.0025769682478694457,0.000646770300029463,0.0013076662138238524,,0.008886033420425574,0.6824808895008465
Full,pure_NH3_phi1.0,0.2929687500000001,1876.2671371553545,0.0020912960660505134,0.2921928486915648,0.0026186378802035316,0.0006185985292590249,0.0013722073283562667,,0.00845783278981551,0.6826679948054958
Full,pure_NH3_phi1.0,0.2949218750000001,1879.495970663884,0.0018383669126185713,0.2927211466195967,0.0026585724994337267,0.0005900855242645372,0.0014367249582901958,,0.008055641691771323,0.6828393387838376
Full,pure_NH3_phi1.0,0.2968750000000001,1882.5002381704794,0.0016121462856250846,0.29321342452495525,0.002696643167483951,0.0005613897234812087,0.0015008823855910288,,0.007678494124971987,0.6829959500666855
Full,pure_NH3_phi1.0,0.2988281250000001,1885.2923138972765,0.0014105115153191458,0.2936715925271486,0.002732741387494928,0.0005326707622208374,0.0015643414304513938,,0.007325385057470644,0.683138850900808
Full,pure_NH3_phi1.0,0.3007812500000001,1887.8848138667233,0.0012313922135418257,0.29409758365416533,0.002766781781540903,0.000504086484153479,0.0016267690549130681,,0.006995278346048711,0.6832690462885405
Full,pure_NH3_phi1.0,0.3027343750000001,1890.2904620872555,0.0010727886797742352,0.2944933353188029,0.0027987039505305293,0.0004757899882215431,0.0016878438676116063,,0.006687114728887598,0.6833875145293562
Full,pure_NH3_phi1.0,0.3046875000000001,1892.521959650964,0.000932787392712705,0.2948607716905937,0.0028284734288000594,0.00044792683701005303,0.0017472622663295256,,0.006399819779804167,0.6834951992822362
Full,pure_NH3_phi1.0,0.3066406250000001,1894.5918600335972,0.0008095734307881584,0.29520178735840696,0.0028560817057768913,0.00042063254207233737,0.0018047439751847942,,0.0061323117132273995,0.6835930031892621
Full,pure_NH3_phi1.0,0.3085937500000001,1896.5124535908378,0.0007014397969970132,0.29551823260848564,0.0028815453478935773,0.00039403042299795,0.0018600367692168456,,0.005883508932151911,0.6836817830324662
Full,pure_NH3_phi1.0,0.31054687500000006,1898.2956638092044,0.0006067937420690824,0.2958119005635435,0.0029049043096043485,0.0003682299121008469,0.001912920227704188,,0.005652337216636205,0.6837623463374135
Full,pure_NH3_phi1.0,0.31250000000000006,1899.952957323092,0.0005241602794874868,0.29608451634126304,0.0029262195676153474,0.0003433253480377343,0.001963208414388839,,0.0054377364582604065,0.6838354492957549
Full,pure_NH3_phi1.0,0.31445312500000006,1901.4952690879093,0.00045218316254812605,0.2963377283062488,0.0029455702436304593,0.000319395272198094,0.0020107514427730247,,0.005238666856441439,0.6839017958503832
Full,pure_NH3_phi1.0,0.31640625,1902.9329434448798,0.0003896236460515072,0.29657310141001747,0.0029630503962297227,0.00029650221390387636,0.0020554359424881136,,0.0050541145055845605,0.6839620377734823
Full,pure_NH3_phi1.0,0.318359375,1904.2756911691542,0.0003353573837879906,0.2967921125464086,0.0029787656621777857,0.0002746929264392794,0.0020971844934258165,,0.00488309631753254,0.684016775564944
Full,pure_NH3_phi1.0,0.3203125,1905.532562000074,0.00028836981951920626,0.29699614779697664,0.002992829913391107,0.000253999017120225,0.0021359541334575044,,0.004724664241161846,0.6840665600056404
Full,pure_NH3_phi1.0,0.322265625,1906.7119316457597,0.00024775041621056024,0.29718650140732256,0.003005362071102418,0.00023443790169090534,0.002171734069272658,,0.004577908759700572,0.6841118942131599
Full,pure_NH3_phi1.0,0.32421875,1907.8215018619235,0.00021268603825329505,0.2973643763246298,0.003016483187128233,0.0002160140062486814,0.002204542724060087,,0.004441961665756666,0.6841532360653223
Full,pure_NH3_phi1.0,0.32617187500000006,1908.8683119510529,0.00018245375557516522,0.29753088614475626,0.003026313867266695,0.00019872013802188924,0.0022344242345099198,,0.004315998133659492,0.68419100087899
Full,pure_NH3_phi1.0,0.32812500000000006,1909.858759941517,0.00015641327535726135,0.29768705837843784,0.0030349720768390585,0.00018253894867649843,0.0022614444515851304,,0.00419923812842754,0.6842255642583852
Full,pure_NH3_phi1.0,0.33203125000000006,1911.6879865540743,0.00011520902883377547,0.29797123679084414,0.003049112297669999,0.00015343573194987676,0.0023071519174925103,,0.00399111858045891,0.6842861048438594
Full,pure_NH3_phi1.0,0.33593750000000006,1913.3548944384788,8.480064880095182e-05,0.298224515014593,0.003059872329083323,0.00012835305999051686,0.0023427016243992953,,0.0038113809292343354,0.6843375693040269
Full,pure_NH3_phi1.0,0.33984375000000006,1914.8904286134746,6.241253259186377e-05,0.2984522820798938,0.0030679666888657467,0.00010692908331870372,0.002369131217982737,,0.003655442673670545,0.6843817854819183
Full,pure_NH3_phi1.0,0.34375000000000006,1916.3189086084599,4.595116169035309e-05,0.29865896612571247,0.0030739905028345023,8.87695684139367e-05,0.002387530740452113,,0.0035193797807437665,0.6844202107059025
Full,pure_NH3_phi1.0,0.34765625000000006,1917.6592669542463,3.385182467554449e-05,0.2988481791659149,0.0030784258875504854,7.347594278385777e-05,0.002398979609029424,,0.003399868206083013,0.6844540012776994
Full,pure_NH3_phi1.0,0.35156250000000006,1918.926154854593,2.4952846797373918e-05,0.299022852943786,0.0030816549090172205,6.0664878858801056e-05,0.0024045014933864383,,0.0032941175148448604,0.6844840717219932
Full,pure_NH3_phi1.0,0.35546875000000006,1920.1308836156093,1.8395721871987803e-05,0.2991853601259445,0.0030839752118892254,4.998072656292437e-05,0.0024050357810120495,,0.0031998024041961226,0.6845111441383801
Full,pure_NH3_phi1.0,0.35937500000000006,1921.2821994309238,1.3547563020426485e-05,0.29933761962924177,0.0030856157199986418,4.110234423658557e-05,0.002401421835821466,,0.003114996356178093,0.6845357886308472
Full,pure_NH3_phi1.0,0.36718750000000006,1923.445071316817,7.577724369254379e-06,0.29961607331643764,0.0030873810462463736,2.7910437010256374e-05,0.0023839426849820277,,0.002969139276727753,0.6845791473502998
Full,pure_NH3_phi1.0,0.37500000000000006,1925.45988367253,4.281960658928456e-06,0.2998688501165635,0.0030880286583370472,1.8916993955839408e-05,0.0023575682803328346,,0.00284536478757476,0.6846171578412555
Full,pure_NH3_phi1.0,0.38281250000000006,1927.3499095010325,2.4464367458675614e-06,0.30010174910322335,0.00308805227666709,1.2818295227302215e-05,0.002325619265408425,,0.0027374882451434183,0.6846513550801928
Full,pure_NH3_phi1.0,0.390625,1929.1309439417448,1.4141289699896526e-06,0.30031866557061687,0.003087727670462927,8.695202877288044e-06,0.002290396479491739,,0.0026413590256089835,0.6846827220135738
Full,pure_NH3_phi1.0,0.3984375,1930.8144364189204,8.275230291238866e-07,0.30052227673003495,0.0030872090940446,5.91162774762962e-06,0.0022534607076600656,,0.002554175418538842,0.684711899542811
Full,pure_NH3_phi1.0,0.40625,1932.40922584772,4.906120794374547e-07,0.3007144761123515,0.0030865833903372295,4.032630314099536e-06,0.0022158526946248216,,0.002474025319542536,0.6847393148675064
Full,pure_NH3_phi1.0,0.4140625,1933.9225058660052,2.949718064476016e-07,0.3008966476500255,0.0030858999122722027,2.7630472340266325e-06,0.002178255381784801,,0.0023995830511710707,0.6847652602376179
Full,pure_NH3_phi1.0,0.421875,1935.3603699617868,1.8002307677583528e-07,0.30106983888389327,0.003085187009515032,1.903423934317127e-06,0.002141108962342154,,0.0023299108721269815,0.6847899416196536
Full,pure_NH3_phi1.0,0.42968750000000006,1936.728127278053,1.1153497425291081e-07,0.3012348708825943,0.003084461145077964,1.3191884209683477e-06,0.002104690673341345,,0.002264329411221277,0.6848135090417734
Full,pure_NH3_phi1.0,0.43750000000000006,1938.03049050244,6.989604351061981e-08,0.3013924074436661,0.003083731980277721,9.194254808755104e-07,0.0020691704282862888,,0.0022023329909521823,0.6848360756750753
Full,pure_NH3_phi1.0,0.45312500000000006,1940.451762996284,3.282142459612621e-08,0.30168662126001483,0.0030822809516110926,4.880044415057662e-07,0.0020011566855111665,,0.002087930590198582,0.6848784716003077
Full,pure_NH3_phi1.0,0.46875000000000006,1942.6625139595512,1.825058009646699e-08,0.30195699204504267,0.003080858134405739,2.8071649641089805e-07,0.0019372774805073243,,0.0019839076749733225,0.6849177339892686
Full,pure_NH3_phi1.0,0.4843750000000001,1944.6872175529452,1.2364265873497316e-08,0.3022062718124949,0.0030794696386752403,1.795778114452473e-07,0.001877431750459361,,0.0018887892992520917,0.6849542330728121
Full,pure_NH3_phi1.0,0.5000000000000001,1946.5466942422822,9.939978317275394e-09,0.30243673118811837,0.0030781166387899737,1.2914491366345344e-07,0.0018213965739096087,,0.0018014622390352965,0.6849882620590502
Full,pure_NH3_phi1.0,0.5156250000000001,1948.2587841903103,8.937817436896616e-09,0.30265029297863194,0.003076798415651651,1.031605631862911e-07,0.0017689095360194453,,0.0017210380967285907,0.6850200641007179
Full,pure_NH3_phi1.0,0.5312500000000001,1949.8388593767015,8.535804545446754e-09,0.3028486113105285,0.003075513554321111,8.908972639284225e-08,0.0017197057260357896,,0.0016467815119480536,0.6850498466006867
Full,pure_NH3_phi1.0,0.5468750000000001,1951.300228325172,8.392849581568806e-09,0.3030331237552777,0.0030742604280086525,8.089963164131654e-08,0.0016735333242527929,,0.001578069504467685,0.6850777895531983
Full,pure_NH3_phi1.0,0.5625000000000001,1952.6544620284365,8.363454184640961e-09,0.30320508850401184,0.003073037395887592,7.566258150802935e-08,0.0016301592979759898,,0.0015143665147556587,0.6851040508943591
Full,pure_NH3_phi1.0,0.5781250000000002,1953.9116593124272,8.383909487739848e-09,0.30336561238871534,0.0030718428827721774,7.194425143685748e-08,0.0015893705585680509,,0.0014552079263520181,0.6851287702366391
Full,pure_NH3_phi1.0,0.5937500000000002,1955.080662894237,8.42554872417505e-09,0.3035156717991711,0.0030706754084686826,6.903192709178344e-08,0.0015509739112179273,,0.001400188593100073,0.6851520716104825
Full,pure_NH3_phi1.0,0.6250000000000001,1957.177328567316,8.532069113144678e-09,0.30378691117124884,0.0030684174047120732,6.452752434349324e-08,0.0014809122749625163,,0.0013015035518561167,0.6851947500453085
Full,pure_NH3_phi1.0,0.6562500000000001,1959.015311687261,8.639418325318643e-09,0.30402658168832875,0.0030662466213000478,6.077722493181141e-08,0.001418286147243083,,0.0012150069702899131,0.6852329539620909
Full,pure_NH3_phi1.0,0.6875000000000001,1960.6350675932683,8.741182414936714e-09,0.30423932379148266,0.003064154342048954,5.749307683969327e-08,0.0013621027650249666,,0.0011388309329370115,0.6852673011418803
Full,pure_NH3_phi1.0,0.7187500000000001,1962.0690972157931,8.836463060470111e-09,0.30442892430962,0.0030621329790673515,5.456588393977396e-08,0.001311541978648824,,0.0010714602517275529,0.6852983013121818
Full,pure_NH3_phi1.0,0.7500000000000001,1963.343762773267,8.92563830428427e-09,0.304598499962882,0.003060175922987867,5.194010890466687e-08,0.0012659190436783076,,0.0010116572834557535,0.6853263790556375
Full,pure_NH3_phi1.0,0.78125,1964.480619156167,9.009274720454758e-09,0.3047506350786845,0.0030582774179739457,4.9578406994703566e-08,0.0012246576268037622,,0.0009584049000427854,0.6853518909093548
Full,pure_NH3_phi1.0,0.8125,1965.4974029537332,9.087847624318537e-09,0.3048874851815325,0.003056432459922299,4.7451446283900757e-08,0.0011872690153416291,,0.0009108642055717226,0.6853751383137099
Full,pure_NH3_phi1.0,0.8750000000000001,1967.2146044053559,9.230545435695283e-09,0.3051206259749068,0.0030528900788621863,4.383099214281718e-08,0.001122977269934622,,0.0008308436948103558,0.6854156047693725
Full,pure_NH3_phi1.0,0.9375000000000001,1968.6260675989984,9.360213189157984e-09,0.3053134971735642,0.0030494978563613507,4.084311978294121e-08,0.0010692162039681189,,0.00076537258179119,0.6854496763795885
Full,pure_NH3_phi1.0,1.0000000000000002,1969.7964997440672,9.478786023136883e-09,0.3054742804994055,0.0030462318238793943,3.8365552840498965e-08,0.0010239885384182826,,0.000711381813180889,0.6854785855005362
Full,pure_NH3_phi1.0,1.0625000000000002,1970.7742888472242,9.587177380676459e-09,0.3056091889111401,0.003043072477149356,3.6300876891763376e-08,0.0009857585978714086,,0.0006665573287957009,0.6855032827541292
Full,pure_NH3_phi1.0,1.1250000000000002,1971.5962969486554,9.685901414669947e-09,0.3057230167415136,0.00304000382685402,3.457217089785691e-08,0.0009533198464751468,,0.0006291313191913393,0.6855245138040256
Full,pure_NH3_phi1.0,1.1875,1972.291052313072,9.775318603504814e-09,0.3058195166672644,0.0030370126873567643,3.311850126566724e-08,0.000925710093922079,,0.0005977349083365708,0.6855428718169138
Full,pure_NH3_phi1.0,1.25,1972.880930455727,9.855746818912285e-09,0.3059016625299105,0.0030340881401851615,3.1891343211107673e-08,0.000902153101595338,,0.0005712950643164262,0.6855588343627914
Full,pure_NH3_phi1.0,1.3125000000000002,1973.3836750520986,9.927508948986632e-09,0.30597183586815546,0.00303122112820867,3.085184007902108e-08,0.000882016909870341,,0.0005489617877992304,0.6855727899449342
Full,pure_NH3_phi1.0,1.375,1973.8134749884798,9.99094533704907e-09,0.30603196038019814,0.003028404150738105,2.996871913293555e-08,0.0008647834800203059,,0.0005300560961592589,0.6855850574080481
Full,pure_NH3_phi1.0,1.4375,1974.1817338222986,1.004640401839527e-08,0.3060835999714938,0.00302563104028757,2.9216708369520812e-08,0.0008500262525698516,,0.0005140326461866114,0.6855959003214148
Full,pure_NH3_phi1.0,1.5,1974.4976185397004,1.0094207731614602e-08,0.30612803049796605,0.003022896809859745,2.8575329356491698e-08,0.0008373931979489458,,0.0005004532826913355,0.6856055377101679
Full,pure_NH3_phi1.0,1.625,1974.9941809099903,1.0167375807159561e-08,0.3061983620875859,0.0030175332698299607,2.7574758133754797e-08,0.0008176461810224265,,0.0004795832740345172,0.6856217426343626
Full,pure_NH3_phi1.0,1.7500000000000002,1975.3720621308362,1.021962378324678e-08,0.3062520271556764,0.003012266703177486,2.6824463968464637e-08,0.0008028885375734128,,0.0004642165674513334,0.6856349802078173
Full,pure_NH3_phi1.0,2.0,1975.8630563265124,1.0270441064122553e-08,0.3063223402458206,0.003001972712163223,2.587295042446324e-08,0.0007845686693041749,,0.00044571681629114164,0.6856549119774833
Full,pure_NH3_phi1.0,2.5,1976.3434254067965,1.0267182131837328e-08,0.30639019632650466,0.0029819399673092946,2.5024838431454567e-08,0.0007698710741189924,,0.00043188971247838973,0.685680266196505
Full,pure_NH3_phi1.0,3.0,1976.6045712023472,1.0221373292754766e-08,0.3064251329585686,0.002962352131019834,2.464427474757378e-08,0.0007649407741599573,,0.0004281126611807728,0.6856980889030942
Full,pure_NH3_phi1.0,3.4999999999999996,1976.7739286622773,1.0162220505329534e-08,0.3064462021551522,0.002943481451057885,2.4453854749557023e-08,0.00076391027428237,,0.0004282560999982259,0.6857122073892885
Full,pure_NH3_phi1.0,4.25,1976.9408857991239,1.0084679447051373e-08,0.30646499250221526,0.002919412004714124,2.43174621756228e-08,0.0007647700139086591,,0.0004304966115008616,0.6857276954444294
Full,pure_NH3_phi1.0,5.0,1976.9408857991239,1.0084679446704427e-08,0.3064649924916718,0.0029194120046136867,2.43174621747862e-08,0.0007647700138823484,,0.00043049661148605113,0.6857276954552414
Reduced,pure_NH3_phi1.0,0.0,298.0,0.20280722252324507,0.020430447009308537,2.8944088684133755e-06,5.873544755476693e-05,2.0870226859269077e-12,,0.15717619077462397,0.6157771047643006
Reduced,pure_NH3_phi1.0,0.015625000000000003,333.7335172682642,0.1979434569536482,0.02733643820931257,3.944236429928458e-06,8.687674673756603e-05,2.567071811790297e-12,,0.15473444607920808,0.6157828620186094
Reduced,pure_NH3_phi1.0,0.023437500000000003,354.51370783058763,0.19517304459674867,0.0313085388362712,4.586639273321855e-06,0.00010462843826997778,4.164682450099093e-12,,0.15328869577749074,0.6158241355780295
Reduced,pure_NH3_phi1.0,0.03125000000000001,377.31186151450316,0.19217568523430123,0.03562726593554106,5.319483839876848e-06,0.00012522489420998392,7.2124708218984014e-12,,0.1516820440694155,0.615903054340163
Reduced,pure_NH3_phi1.0,0.03906250000000001,402.1258675032433,0.18895665239917941,0.040281607832101204,6.153840805942929e-06,0.00014888702548505558,1.2736635024766985e-11,,0.1499108853932267,0.6160291472261129
Reduced,pure_NH3_phi1.0,0.04687500000000001,428.93347363483866,0.1855223202714223,0.04525808865465064,7.103897773847994e-06,0.0001758245788089111,2.2548116696327975e-11,,0.1479726458704429,0.6162122016709759
Reduced,pure_NH3_phi1.0,0.05468750000000001,457.6955150544506,0.18187961687642923,0.0505418445896736,8.187726640749058e-06,0.00020623661747284488,3.988351583635395e-11,,0.14586555973765317,0.6164619586689148
Reduced,pure_NH3_phi1.0,0.06250000000000001,488.35966451782497,0.17803557717409219,0.05611753120196142,9.428161616352793e-06,0.00024031263235809933,7.066297727470244e-11,,0.14358845556972571,0.6167878691413565
Reduced,pure_NH3_phi1.0,0.07031250000000001,520.8643439253095,0.17399700945468835,0.061970019259359285,1.0853727915928742e-05,0.0002782339770507698,1.2600768092503258e-10,,0.14114057029167312,0.6171989215568733
Reduced,pure_NH3_phi1.0,0.07812500000000001,555.1424714805806,0.1697702702900149,0.06808487691572301,1.2499511814206344e-05,0.0003201753795083898,2.2724814733698815e-10,,0.1385213999686991,0.6177035375432034
Reduced,pure_NH3_phi1.0,0.08203125000000001,572.9390866293226,0.16758726206743516,0.07123768655643163,1.3422066861111079e-05,0.0003427377527225938,3.0880991189055976e-10,,0.13714646873506317,0.6179940078979524
Reduced,pure_NH3_phi1.0,0.08593750000000001,591.1643099828945,0.1653582568490091,0.07445259500448438,1.441851176520174e-05,0.0003664084986722135,4.2127953805516333e-10,,0.13572731759738726,0.618311581567461
Reduced,pure_NH3_phi1.0,0.08984375000000001,609.8090405835925,0.16308392496669877,0.07772799937732139,1.549570180400301e-05,0.0003912095560751027,5.773166571866984e-10,,0.13426391951968403,0.6186571797940791
Reduced,pure_NH3_phi1.0,0.09375000000000001,628.8643492912714,0.16076489242876518,0.08106237514626365,1.6661012861204366e-05,0.0004171626343368289,7.949165243878309e-10,,0.1327562499887113,0.6190316829148392
Reduced,pure_NH3_phi1.0,0.09765625,648.3215280914748,0.1584017413251261,0.08445427495969776,1.7922343689525813e-05,0.00044428924369992423,1.099818557371416e-09,,0.13120428621444546,0.6194359316003266
Reduced,pure_NH3_phi1.0,0.1015625,668.1721255716548,0.15599501061457252,0.0879023263173715,1.928812311179313e-05,0.00047261072138860135,1.5289330652235575e-09,,0.12960800679223,0.6198707282537371
Reduced,pure_NH3_phi1.0,0.10546875,688.4079683157033,0.15354519714957032,0.09140522831553234,2.0767330349322302e-05,0.0005021482540442599,2.135303259608012e-09,,0.12796739180037195,0.620336838486047
Reduced,pure_NH3_phi1.0,0.10937500000000001,709.021168013052,0.15105275681455532,0.09496174763802173,2.2369538815421797e-05,0.0005329228967803336,2.9952904778403662e-09,,0.12628242331019612,0.6208349925947656
Reduced,pure_NH3_phi1.0,0.11328125000000001,730.0041141159057,0.1485181056783987,0.09857071392177395,2.4104995242239412e-05,0.0005649555891498496,4.21896279511671e-09,,0.12455308628819894,0.6213658869837365
Reduced,pure_NH3_phi1.0,0.11718750000000001,751.3494519435286,0.14594162109360148,0.10223101457669853,2.5984746440234774e-05,0.0005982671681863076,5.965075011242277e-09,,0.12277936987085802,0.6219301854698299
Reduced,pure_NH3_phi1.0,0.12109375000000003,773.050046243052,0.14332364271640813,0.10594158908944461,2.80208248127859e-05,0.0006328783783967603,8.462584984064191e-09,,0.12096126899404773,0.6225285204287723
Reduced,pure_NH3_phi1.0,0.12500000000000003,795.0989303682454,0.1406644734756172,0.10970142278759272,3.0226500467621875e-05,0.0006688098780724817,1.2041397284405526e-08,,0.11909878636606713,0.623161493735977
Reduced,pure_NH3_phi1.0,0.12890625000000003,817.4892414038599,0.13796438058383786,0.11350953998481683,3.261660194488262e-05,0.0007060822404038468,1.717600236445638e-08,,0.11719193479314868,0.6238296774585835
Reduced,pure_NH3_phi1.0,0.13281250000000003,840.2141416973759,0.13522359676194154,0.11736499636812824,3.5207898911302724e-05,0.0007447159464379565,2.454692622222586e-08,,0.11524073990616986,0.6245336142507986
Reduced,pure_NH3_phi1.0,0.13671875000000003,863.2667273103219,0.1324423219313911,0.12126687042516048,3.801952858497922e-05,0.0007847313645934784,3.5126443970488474e-08,,0.11324524340088526,0.625273817395806
Reduced,pure_NH3_phi1.0,0.14062500000000003,886.6399238285453,0.12962072571451946,0.12521425364269081,4.107343348144989e-05,0.0008261487078115369,5.029682713552271e-08,,0.11120550698931761,0.6260507704236407
Reduced,pure_NH3_phi1.0,0.14453125000000006,910.3263697678016,0.1267589511636347,0.1292062391381815,4.4394762183902494e-05,0.0008689879538814614,7.201141833668319e-08,,0.1091216173580931,0.6268649262157423
Reduced,pure_NH3_phi1.0,0.14843750000000006,934.3182875171757,0.12385712021103192,0.1332419083166883,4.801216875107238e-05,0.0009132687062848365,1.0301091811209937e-07,,0.10699369252634625,0.6277167054841523
Reduced,pure_NH3_phi1.0,0.15234375000000006,958.6073414683794,0.12091534139051216,0.13732031508194287,5.1957932179462e-05,0.0009590099611768584,1.471092214603485e-07,,0.10482189007584714,0.6286064944864124
Reduced,pure_NH3_phi1.0,0.15625000000000003,983.1844828150314,0.11793372042541107,0.14144046708259136,5.6267807454054365e-05,0.0010062297299964114,2.095647046847626e-07,,0.10260641777592382,0.6295346418065435
Reduced,pure_NH3_phi1.0,0.16015625,1008.0397806175474,0.1149123743083727,0.1456013034564779,6.098051648226902e-05,0.0010549444460679089,2.9755382999260576e-07,,0.10034754713707297,0.6305014539973989
Reduced,pure_NH3_phi1.0,0.16406250000000003,1033.1622365940514,0.11185144948817831,0.1498016685801575,6.613679234748511e-05,0.0011051680577377563,4.207544115333083e-07,,0.09804563039308169,0.6315071898425096
Reduced,pure_NH3_phi1.0,0.16796875000000003,1058.5397438581986,0.10875114490594232,0.15404028129708147,7.17779044649477e-05,0.0011569106795410531,5.919505788036785e-07,,0.09570112144783773,0.6325520529090845
Reduced,pure_NH3_phi1.0,0.16992187500000003,1071.3200990130117,0.1071863553498044,0.15617335300502821,7.47958029958308e-05,0.0011833532215798242,7.011219333136392e-07,,0.09451312257377471,0.6330892066219009
Reduced,pure_NH3_phi1.0,0.17187500000000003,1084.1596539893394,0.10561175651766187,0.15831549989134297,7.795085644572967e-05,0.0012101809644242923,8.290638746381935e-07,,0.09331460398218959,0.633636289768284
Reduced,pure_NH3_phi1.0,0.17382812500000003,1097.0565285498185,0.10402740387623816,0.16046650593071346,8.124747768971157e-05,0.001237392986168672,9.78806280265467e-07,,0.09210566484857585,0.6341933076655668
Reduced,pure_NH3_phi1.0,0.17578125000000003,1110.0087539077572,0.10243336286729403,0.162626139498752,8.468963972421654e-05,0.0012649875619826934,1.1537144039828618e-06,,0.09088641644922023,0.6347602597900336
Reduced,pure_NH3_phi1.0,0.17773437500000003,1123.0142678497552,0.10082971049869259,0.1647941517576017,8.828076974550185e-05,0.0012929620035789869,1.3575794809454336e-06,,0.0896569833666014,0.6353371392141828
Reduced,pure_NH3_phi1.0,0.17968750000000003,1136.0709100336264,0.09921653701248523,0.166970275034841,9.202363878913919e-05,0.0013213124750391621,1.5946698559665696e-06,,0.08841750475252892,0.6359239319911599
Reduced,pure_NH3_phi1.0,0.18164062500000003,1149.1764174185557,0.09759394767251528,0.16915422116478693,9.592024868450512e-05,0.001350033782709615,1.8697765502851803e-06,,0.08716813564422968,0.6365206164808711
Reduced,pure_NH3_phi1.0,0.18359375000000003,1162.3284198274373,0.09596206468092187,0.1713456797960357,9.997171848937686e-05,0.0013791191372168347,2.188258930285183e-06,,0.08590904832666311,0.6371271626150229
Reduced,pure_NH3_phi1.0,0.18554687500000003,1175.5244356370688,0.09432102922618922,0.17354431667619605,0.00010417817298077748,0.0014085598860842804,2.5560911698600616e-06,,0.08464043373233462,0.6377435310994405
Reduced,pure_NH3_phi1.0,0.18750000000000003,1188.761867576682,0.092671003662766,0.17574977192712943,0.00010853863619279865,0.0014383452159929461,2.9799092992795336e-06,,0.0833625028679314,0.6383696725529098
Reduced,pure_NH3_phi1.0,0.18945312500000003,1202.0379985962015,0.09101217381992396,0.17796165832515626,0.00011305093339896901,0.001468461824438387,3.4670584712347226e-06,,0.08207548825520414,0.639005526583029
Reduced,pure_NH3_phi1.0,0.19140625000000003,1215.3499877450092,0.0893447514347387,0.18017955960162044,0.00011771160531794494,0.0014988935614162631,4.025640068863033e-06,,0.08077964537178989,0.639651020800747
Reduced,pure_NH3_phi1.0,0.193359375,1228.69486598161,0.0876689767006764,0.1824030287797032,0.00012251583865385254,0.00152962104281904,4.66455833404929e-06,,0.07947525407607679,0.6403060697767178
Reduced,pure_NH3_phi1.0,0.1953125,1242.0695318166968,0.0859851209191874,0.18463158656356257,0.00012745741733927347,0.0015606212384470285,5.393566295057157e-06,,0.07816261999889441,0.6409705739441957
Reduced,pure_NH3_phi1.0,0.197265625,1255.4707466790994,0.08429348923708918,0.18686471979580968,0.00013252869899841167,0.0015918670389108262,6.223310921684246e-06,,0.07684207588381138,0.6416444184546092
Reduced,pure_NH3_phi1.0,0.19921875,1268.8951298887935,0.08259442344731383,0.18910187999871425,0.0001377206211573991,0.0016233268072005584,7.165377633685311e-06,,0.07551398285720025,0.6423274719936448
Reduced,pure_NH3_phi1.0,0.201171875,1282.3391531259938,0.08088830482515622,0.19134248201382126,0.0001430227415643315,0.0016549639222816753,8.232334529583224e-06,,0.07417873160916784,0.6430195855667963
Reduced,pure_NH3_phi1.0,0.203125,1295.799134302713,0.07917555696665049,0.19358590275339538,0.00014842331661274742,0.0016867363236914928,9.437776976552692e-06,,0.07283674346682971,0.6437205912645494
Reduced,pure_NH3_phi1.0,0.205078125,1309.271230774228,0.07745664859058563,0.19583148007573975,0.00015390942126379499,0.0017185960676938492,1.0796373488567274e-05,,0.07148847134252072,0.6444303010178789
Reduced,pure_NH3_phi1.0,0.20703125,1322.7514318728809,0.07573209626133502,0.19807851179470437,0.00015946711301868805,0.0017504889070282276,1.2323914091528436e-05,,0.07013440054109256,0.6451485053550307
Reduced,pure_NH3_phi1.0,0.208984375,1336.2355508040066,0.07400246698659756,0.20032625483190122,0.00016508164140263844,0.0017823539075889384,1.4037362596603265e-05,,0.0687750494127447,0.6458749721701005
Reduced,pure_NH3_phi1.0,0.2109375,1349.7192160103439,0.07226838064283427,0.2025739245181045,0.00017073770309920504,0.0018141231164122515,1.595491433955261e-05,,0.06741096984046263,0.646609445513152
Reduced,pure_NH3_phi1.0,0.21289062500000003,1363.1978621820654,0.0705305121819712,0.20482069404842557,0.00017641974135600686,0.0018457212960631129,1.809606096963005e-05,,0.06604274755427497,0.647351644410157
Reduced,pure_NH3_phi1.0,0.21484375000000003,1376.6667211580775,0.06878959357609221,0.20706569409380585,0.0001821122866261723,0.001877065740829926,2.0481663818183967e-05,,0.06467100226775976,0.6481012617195182
Reduced,pure_NH3_phi1.0,0.21679687500000003,1390.120813023017,0.0670464154628832,0.20930801256922682,0.00018780033369453732,0.0019080661900014375,2.3134037501853913e-05,,0.06329638763557358,0.6488579630300513
Reduced,pure_NH3_phi1.0,0.21875000000000003,1403.5549377444154,0.06530182846432307,0.21154669455563005,0.00019346974886005205,0.0019386248528650654,2.6077046853175126e-05,,0.06191959103388078,0.6496213856035344
Reduced,pure_NH3_phi1.0,0.22070312500000003,1416.9636677027693,0.0635567441693023,0.21378074236280806,0.00019910769921111906,0.0019686365588944075,2.933622754347539e-05,,0.06054133316837846,0.6503911373630151
Reduced,pure_NH3_phi1.0,0.22265625000000003,1430.3413414111935,0.0618121358155371,0.21600911568519973,0.0002047030947267676,0.0019979890448493004,3.293897129867179e-05,,0.059162367516931186,0.6511667959244875
Reduced,pure_NH3_phi1.0,0.22460937500000003,1443.682058490734,0.06006903884790803,0.21823073166710144,0.00021024703288375298,0.002026563388134761,3.691493623350103e-05,,0.05778347961519266,0.651947907657762
Reduced,pure_NH3_phi1.0,0.22656250000000003,1456.9796751555464,0.058328552031383644,0.2204444641811518,0.0002157332344791759,0.002054234592537567,4.129729569000779e-05,,0.05640548619184278,0.6527339867177124
Reduced,pure_NH3_phi1.0,0.23046875000000003,1483.4278809165182,0.05485855410775607,0.22484523520141825,0.0002265244321506899,0.0021064934102771023,5.140088320675507e-05,,0.05365442162094808,0.6543196410371347
Reduced,pure_NH3_phi1.0,0.23437500000000003,1509.6259082804988,0.05141344875567578,0.22920025108002035,0.00023708629916726988,0.0021535801120727356,6.355203345352068e-05,,0.05091735857960844,0.6559184592103341
Reduced,pure_NH3_phi1.0,0.23828125000000003,1535.5165539699958,0.048003994381944116,0.23349919416123752,0.00024749312071341224,0.0021943883068500235,7.808129402752206e-05,,0.04820176377428619,0.6575253860930091
Reduced,pure_NH3_phi1.0,0.24218750000000006,1561.0392754764719,0.04464174447947835,0.23773121372458472,0.0002578850037969168,0.002227827194016083,9.536239024085318e-05,,0.045515453953067685,0.6591348178170716
Reduced,pure_NH3_phi1.0,0.24609375000000006,1586.130629991026,0.04133891255475922,0.24188501449060043,0.00026846760573380826,0.002252873312206484,0.00011580496438570547,,0.04286652330066089,0.6607406168894461
Reduced,pure_NH3_phi1.0,0.24804687500000006,1598.488506484445,0.03971477354147701,0.24392791758514293,0.00027393022745462363,0.002261899225553804,0.0001273628535617352,,0.04155939280315335,0.6615395566857041
Reduced,pure_NH3_phi1.0,0.25000000000000006,1610.712843688536,0.03811039603579808,0.24594676105279636,0.00027954668399428226,0.002268482158389314,0.00013988346541650348,,0.04026480534440372,0.6623350196384857
Reduced,pure_NH3_phi1.0,0.25195312500000006,1622.7950970184463,0.03652743317403052,0.24794004512013407,0.00028535871055301436,0.0022725356331480227,0.00015343230296144272,,0.038983817225884156,0.6631261018165394
Reduced,pure_NH3_phi1.0,0.25390625000000006,1634.7266648752268,0.034967540775554064,0.24990626790194376,0.00029141070403095276,0.002273986420799928,0.0001680751126631349,,0.037717483311597674,0.6639118783324655
Reduced,pure_NH3_phi1.0,0.25585937500000006,1646.4989134578525,0.03343237033042802,0.2518439295885739,0.0002977492989531594,0.0022727755484707912,0.00018387883365657544,,0.03646685317450586,0.6646914070470443
Reduced,pure_NH3_phi1.0,0.25781250000000006,1658.1032050832305,0.03192356045875119,0.2537515380425276,0.0003044229398622812,0.002268859037535178,0.00020091163563023021,,0.035232967043425815,0.6654637328924023
Reduced,pure_NH3_phi1.0,0.25976562500000006,1669.5309290305192,0.030442727533201586,0.2556276151020349,0.0003114814520720323,0.0022622083526114573,0.00021924264366465906,,0.034016851580689726,0.6662278927249237
Reduced,pure_NH3_phi1.0,0.26171875000000006,1680.7735345890403,0.028991455736072952,0.2574707033584319,0.000318975612758877,0.002252810550004459,0.00023894152142659244,,0.032819515525493316,0.6669829206477454
Reduced,pure_NH3_phi1.0,0.26367187500000006,1691.8225661481727,0.027571286710037897,0.2592793733047769,0.00032695672319996193,0.0022406681238113404,0.00026007795955814317,,0.03164194524054312,0.667727853741529
Reduced,pure_NH3_phi1.0,0.26562500000000006,1702.6697001839718,0.026183708937601087,0.2610522307855347,0.00033547618115616345,0.0022257985587006844,0.0002827210795192302,,0.03048510020175634,0.6684617381338287
Reduced,pure_NH3_phi1.0,0.26757812500000006,1713.3067839749012,0.024830146984283968,0.262787924681977,0.0003445850503754906,0.0022082336096390003,0.00030693875260175656,,0.029349908472422602,0.6691836353272652
Reduced,pure_NH3_phi1.0,0.26953125000000006,1723.7258758481978,0.02351195074639278,0.26448515476486817,0.0003543336222656462,0.0021880183398853992,0.000332796831264302,,0.0282372622043226,0.6698926286976169
Reduced,pure_NH3_phi1.0,0.27148437500000006,1733.9192867274683,0.022230384850033504,0.2661426796413153,0.0003647709631964596,0.0021652099587539113,0.00036035829004965955,,0.027148013208761677,0.6705878300653441
Reduced,pure_NH3_phi1.0,0.27343750000000006,1743.8796227229777,0.020986618351910794,0.2677593247180297,0.0003759444398331916,0.0021398765093292057,0.00038968227463247434,,0.026082968640231755,0.6712683862387668
Reduced,pure_NH3_phi1.0,0.27539062500000006,1753.599828478458,0.01978171489387162,0.26933399009940384,0.00038789921452535216,0.0021120954629850392,0.00042082305962130894,,0.025042886834546252,0.6719334854238931
Reduced,pure_NH3_phi1.0,0.27734375000000006,1763.073230961218,0.018616623461742744,0.2708656583355459,0.00040067770320306994,0.002081952281725347,0.0004538289185512272,,0.024028473341799483,0.6725823633955775
Reduced,pure_NH3_phi1.0,0.27929687500000006,1772.2935833548147,0.0174921698948564,0.27235340193326824,0.00041431898955450626,0.0020495390106872523,0.0004887409130673911,,0.02304037719248464,0.673214309326581
Reduced,pure_NH3_phi1.0,0.28125000000000006,1781.2551086846545,0.01640904928558331,0.27379639054114985,0.00042885819153901865,0.0020149529613664786,0.0005255916125796648,,0.022079187432657278,0.6738286711762337
Reduced,pure_NH3_phi1.0,0.28320312500000006,1789.9525427760614,0.015367819398054521,0.2751938977191737,0.00044432577956502047,0.0019782955411183595,0.0005644037604617877,,0.021145429961225207,0.6744248605477817
Reduced,pure_NH3_phi1.0,0.28515625000000006,1798.3811761117572,0.014368895221582835,0.2765453072042459,0.0004607468499466641,0.0019396712762750033,0.0006051889076094896,,0.02023956469940421,0.6750023569332911
Reduced,pure_NH3_phi1.0,0.28710937500000006,1806.5368941229651,0.013412544755742271,0.2778501185856998,0.00047814036254840666,0.0018991870649512851,0.0006479460374697432,,0.019361983119149398,0.6755607112778307
Reduced,pure_NH3_phi1.0,0.2890625000000001,1814.4162154201383,0.012498886098012576,0.27910795231450347,0.00049651835784523,0.0018569516816051544,0.0006926602052402485,,0.018513006153990513,0.6760995488086796
Reduced,pure_NH3_phi1.0,0.2910156250000001,1822.0163274572778,0.011627885865402868,0.2803185539915755,0.0005158851760325945,0.0018130755391519086,0.0007393012000951385,,0.017692882512169533,0.6766185710930207
Reduced,pure_NH3_phi1.0,0.2929687500000001,1829.3351191555569,0.010799358916169498,0.28148179793406974,0.0005362367094986966,0.0017676706966013337,0.0007878221946220718,,0.01690178740814698,0.6771175573077394
Reduced,pure_NH3_phi1.0,0.2949218750000001,1836.3712101532556,0.010012969220125015,0.282597690143952,0.0005575597303209466,0.0017208510819252591,0.0008381582259131498,,0.016139821724221154,0.6775963647315242
Reduced,pure_NH3_phi1.0,0.2968750000000001,1843.1239767566833,0.009268231498896906,0.28366637109899134,0.0005798313471482706,0.0016727328832622731,0.0008902240509061519,,0.015407011608617342,0.6780549285092696
Reduced,pure_NH3_phi1.0,0.3007812500000001,1855.7825417402462,0.007901504244648864,0.28566337724366037,0.0006271240370905365,0.0015729487636991248,0.0009992223017165822,,0.014028417164698196,0.6789115251601517
Reduced,pure_NH3_phi1.0,0.3046875000000001,1867.3253649995322,0.006691691157920222,0.28747709149231254,0.0006776560155989562,0.0014694793499587294,0.0011137747276448913,,0.012764266663053733,0.6796888103556333
Reduced,pure_NH3_phi1.0,0.3066406250000001,1872.6860571961229,0.006142661995696892,0.28831712842503887,0.0007039177845477609,0.0014167734261957788,0.0011726877589046958,,0.012174322573390503,0.6800484204865287
Reduced,pure_NH3_phi1.0,0.3085937500000001,1877.7761807238685,0.0056297631337450795,0.28911344081586343,0.0007307614131491003,0.0013635550168070332,0.0012324936110866542,,0.011612157368588338,0.6803889197877085
Reduced,pure_NH3_phi1.0,0.31054687500000006,1882.6005901301394,0.005151686417617429,0.28986703967062355,0.0007580895068316429,0.001309974289069489,0.0012929851028760449,,0.011077302331301737,0.6807107194309002
Reduced,pure_NH3_phi1.0,0.31250000000000006,1887.1648524247055,0.004707057814589033,0.29057903075075964,0.0007857962640003106,0.0012561869674414792,0.0013539491597696846,,0.010569228160490243,0.6810142811733236
Reduced,pure_NH3_phi1.0,0.31445312500000006,1891.4752119182488,0.004294447416062115,0.29125060880021425,0.00081376900880579,0.0012023534592067715,0.0014151665582624326,,0.010087348669616969,0.6813001124070498
Reduced,pure_NH3_phi1.0,0.31640625,1895.53854495429,0.003912381194544016,0.29188304918097707,0.0008418899027035098,0.0011486376832502102,0.0014764135775510911,,0.009631024899614466,0.6815687608379242
Reduced,pure_NH3_phi1.0,0.318359375,1899.362306574062,0.0035593534943810946,0.2924776980775355,0.0008700378094407747,0.0010952056137825375,0.0015374645109928796,,0.009199569600586262,0.6818208089743648
Reduced,pure_NH3_phi1.0,0.3203125,1902.954470480396,0.003233839653214046,0.2930359618693767,0.0008980902703676041,0.001042223572586339,0.0015980945493209778,,0.008792252032375733,0.6820568685449686
Reduced,pure_NH3_phi1.0,0.322265625,1906.3234634993478,0.0029343083524940358,0.2935592960400839,0.000925925533762798,0.0009898563236769116,0.0016580827767818996,,0.008408303030056498,0.6822775749338245
Reduced,pure_NH3_phi1.0,0.32421875,1909.4780957572002,0.0026592334051421173,0.29404919389271417,0.0009534245739383399,0.0009382650400735444,0.001717215118871194,,0.008046920276130316,0.6824835817070097
Reduced,pure_NH3_phi1.0,0.32617187500000006,1912.4274878598035,0.002407104758749817,0.2945071752953939,0.0009804730332580109,0.0008876052223555294,0.0017752871262304095,,0.007707273717281183,0.6826755552933123
Reduced,pure_NH3_phi1.0,0.32812500000000006,1915.1809964215317,0.002176438545614263,0.2949347756534094,0.0010069630225191914,0.0008380246524326499,0.0018321065056518212,,0.007388511060386853,0.6828541698754178
Reduced,pure_NH3_phi1.0,0.33007812500000006,1917.748139316423,0.001965786055338097,0.29533353528386647,0.0010327947217670828,0.0007896614636768199,0.0018874953285091351,,0.00708976328055153,0.6830201025404992
Reduced,pure_NH3_phi1.0,0.33203125000000006,1920.1385220044567,0.0017737415447180648,0.29570498934866724,0.001057877733694113,0.0007426424008435201,0.001941291863524964,,0.006810150073553025,0.6831740287336329
Reduced,pure_NH3_phi1.0,0.33398437500000006,1922.3617662207262,0.001598948833195098,0.2960506584833875,0.0010821321543297026,0.0006970813309790813,0.0019933519950199683,,0.006548785186452852,0.6833166180508771
Reduced,pure_NH3_phi1.0,0.33593750000000006,1924.427442210732,0.0014401066583567654,0.29637204024392744,0.0011054893396876132,0.0006530780508697844,0.00204355019774825,,0.006304781563394618,0.6834485304032978
Reduced,pure_NH3_phi1.0,0.33789062500000006,1926.3450055646538,0.0012959727809732852,0.29667060148594454,0.001127892361369244,0.0006107174187422523,0.002091780040573077,,0.006077256248879141,0.6835704125783906
Reduced,pure_NH3_phi1.0,0.33984375000000006,1928.1237395714973,0.0011653668259220592,0.2969477718041395,0.0011492961578317305,0.000570068819131848,0.0021379541743334653,,0.00586533499821786,0.6836828952232498
Reduced,pure_NH3_phi1.0,0.34179687500000006,1929.7727039248994,0.0010471718116698177,0.2972049382109106,0.0011696674001086952,0.0005311859515865177,0.002182003705031822,,0.005668156554729448,0.6837865902770485
Reduced,pure_NH3_phi1.0,0.34375000000000006,1931.3006906527705,0.0009403342337623993,0.29744344137028433,0.0011889840997670333,0.0004941069185377321,0.002223876720445857,,0.005484876566271434,0.6838820888947276
Reduced,pure_NH3_phi1.0,0.34765625000000006,1934.0193983845656,0.0007577411036793559,0.297868368911105,0.0012244223275079454,0.0004254244761515461,0.0023009844273741606,,0.0051575153949320685,0.6840502148016169
Reduced,pure_NH3_phi1.0,0.35156250000000006,1936.3537131568858,0.000609454261347145,0.29823359774768865,0.0012556613206440412,0.00036399577248856735,0.0023692866139034693,,0.0048758762758377185,0.6841922702037864
Reduced,pure_NH3_phi1.0,0.35546875000000006,1938.3607446380877,0.000489464152656258,0.2985476953034184,0.0012828663858339934,0.00030962637673339987,0.0024289917649884586,,0.004634145610674077,0.6843120510702055
Reduced,pure_NH3_phi1.0,0.35937500000000006,1940.0912895726715,0.00039265853681886946,0.29881828762225615,0.001306297561806027,0.0002619668931099963,0.002480481368375244,,0.004427000451619151,0.6844129363180997
Reduced,pure_NH3_phi1.0,0.36328125000000006,1941.5898467760455,0.00031474258291045836,0.2990520735916608,0.0013262771751878892,0.00022055613550771888,0.0025242683246950105,,0.004249632352919864,0.6844978949277073
Reduced,pure_NH3_phi1.0,0.36718750000000006,1942.8948789871151,0.0002521442047199907,0.2992548724910804,0.001343160973825374,0.00018486170721494826,0.002560953340628109,,0.004097750183065331,0.6845695061340099
Reduced,pure_NH3_phi1.0,0.37109375000000006,1944.0392437117382,0.00020191692739321166,0.299431691148901,0.0013573144075639536,0.00015431558298562576,0.0025911856167043154,,0.003967566004291093,0.6846299881812039
Reduced,pure_NH3_phi1.0,0.37500000000000006,1945.0507260226784,0.00016164681909086107,0.2995868018115788,0.0013690945960396015,0.0001283433189333435,0.0026156300334393397,,0.0038557683383534836,0.6846812320794324
Reduced,pure_NH3_phi1.0,0.37890625000000006,1945.952618590799,0.0001293669393514219,0.2997238244284747,0.0013788377286317387,0.00010638648802710097,0.0026349412230257728,,0.00375948690244473,0.6847248375563535
Reduced,pure_NH3_phi1.0,0.38281250000000006,1946.764308087235,0.00010348065373032556,0.29984580940472066,0.0013868511242845854,8.791868267278613e-05,0.0026497435705826536,,0.003676252410024496,0.6847621491419971
Reduced,pure_NH3_phi1.0,0.390625,1948.165286951733,6.700169959857157e-05,0.30005236679442143,0.001398511649891103,5.999652249099613e-05,0.0026675543406157066,,0.0035425861044511286,0.684821266075514
Reduced,pure_NH3_phi1.0,0.3984375,1949.3656083019787,4.351343886067676e-05,0.3002246197011667,0.0014061797455773284,4.0668790499395174e-05,0.002673825790971971,,0.00343927312727533,0.6848666146071094
Reduced,pure_NH3_phi1.0,0.40625,1950.4271333021397,2.835655370726644e-05,0.3003729699341859,0.0014111376671116591,2.7433526100190844e-05,0.002671772660401191,,0.003357188833897465,0.6849026725527083
Reduced,pure_NH3_phi1.0,0.4140625,1951.3907134668978,1.8542237648385054e-05,0.3005044931981553,0.0014142863242424327,1.844034381913872e-05,0.002663852605961491,,0.003289949203156317,0.6849324524212191
Reduced,pure_NH3_phi1.0,0.421875,1952.2832209154874,1.215746438725966e-05,0.3006239783412713,0.0014162423498309655,1.2359941448287497e-05,0.0026518932014898485,,0.003233127859470522,0.6849579661223872
Reduced,pure_NH3_phi1.0,0.42968750000000006,1953.1223579774266,7.976259193257053e-06,0.30073466308330365,0.001417420279137865,8.256719393842653e-06,0.0026372261031612078,,0.0031836717098067797,0.684980552590017
Reduced,pure_NH3_phi1.0,0.43750000000000006,1953.9198738274306,5.209461054539482e-06,0.3008387433884748,0.0014180957005388583,5.4809613920153925e-06,0.002620807761440277,,0.003139477626887498,0.6850011035571466
Reduced,pure_NH3_phi1.0,0.45312500000000006,1955.413830644014,2.382568071537354e-06,0.3010316001891694,0.0014184863175689818,2.5672274796435617e-06,0.002584758537473154,,0.0030625129176277957,0.685037893478634
Reduced,pure_NH3_phi1.0,0.46875000000000006,1956.809353335492,1.1057285752955246e-06,0.3012108352566712,0.001418343476860423,1.226719383167319e-06,0.002547485820476759,,0.0029942307452084237,0.6850714590480255
Reduced,pure_NH3_phi1.0,0.4843750000000001,1958.1238303341115,5.169860996036551e-07,0.3013796617071872,0.0014179765369172167,6.053645595306809e-07,0.002510428425540817,,0.0029316075500176804,0.6851029044926773
Reduced,pure_NH3_phi1.0,0.5000000000000001,1959.3674776746514,2.3502159592537025e-07,0.30153981991825984,0.001417518747802689,3.09130563873035e-07,0.002474250470548079,,0.0028731126968602307,0.6851327673265435
Reduced,pure_NH3_phi1.0,0.5312500000000001,1961.6630038562787,6.509609372780412e-08,0.3018372453228152,0.001416506729948977,1.3253679186743395e-07,0.002405464365944058,,0.002766011484927019,0.6851886050344212
Reduced,pure_NH3_phi1.0,0.5625000000000001,1963.749074482304,2.03915241263916e-08,0.3021097643750473,0.0014154877747356912,8.646324471016339e-08,0.0023415384592940947,,0.002668732779510661,0.6852402575248672
Reduced,pure_NH3_phi1.0,0.5937500000000002,1965.6532190173539,8.132586484310723e-09,0.3023605569310085,0.001414486200475283,7.347730239068341e-08,0.0022821698335261276,,0.0025797664908616277,0.6852882719190916
Reduced,pure_NH3_phi1.0,0.6250000000000001,1967.397812067018,4.644847557328228e-09,0.30259213506481647,0.0014135064620280644,6.912360253953994e-08,0.0022269514194514,,0.0024980546706711458,0.6853330517740505
Reduced,pure_NH3_phi1.0,0.6562500000000001,1969.0015386683078,3.6219793346685342e-09,0.30280659524263753,0.0014125487465334989,6.710512117859643e-08,0.002175490907921432,,0.0024227567427415604,0.6853749285632917
Reduced,pure_NH3_phi1.0,0.6875000000000001,1970.4801854192863,3.3161415164535986e-09,0.3030057234853775,0.0014116123588200154,6.575337092981e-08,0.002127436022905262,,0.002353171720265041,0.6854141853635466
Reduced,pure_NH3_phi1.0,0.7187500000000001,1971.847178345139,3.2248273319054935e-09,0.3031910556960632,0.0014106964642551932,6.461297666539427e-08,0.0020824761113662983,,0.0022887040490499203,0.6854510676749255
Reduced,pure_NH3_phi1.0,0.7500000000000001,1973.113986856885,3.198641016759387e-09,0.30336391996044687,0.001409800253423383,6.355603672827904e-08,0.002040338229567642,,0.0022288437348791865,0.6854857900650568
Reduced,pure_NH3_phi1.0,0.78125,1974.2904388132486,3.1918239996215474e-09,0.3035254688644942,0.001408922979676795,6.254571821426996e-08,0.002000782221896983,,0.0021731528012097112,0.6855185410002954
Reduced,pure_NH3_phi1.0,0.8125,1975.3849697537114,3.1899877617703568e-09,0.3036767042359988,0.0014080639691904139,6.157137755501293e-08,0.00196359549720842,,0.002121256357774445,0.6855494866062963
Reduced,pure_NH3_phi1.0,0.8750000000000001,1977.349891313609,3.1870332074116223e-09,0.3039507475759078,0.0014063989438856002,5.97249884998629e-08,0.0018958451245353904,,0.0020279019486752303,0.685606399096338
Reduced,pure_NH3_phi1.0,0.9375000000000001,1979.083475380249,3.179873979607455e-09,0.3041946427019595,0.0014047929768287626,5.798862752265897e-08,0.0018351570802755163,,0.001945328745647513,0.6856576774507727
Reduced,pure_NH3_phi1.0,1.0000000000000002,1980.623307354822,3.1687116312621258e-09,0.3044129862273762,0.001403241154344523,5.6357514257588216e-08,0.001780514718904216,,0.0018718297250152635,0.6857041148034102
Reduced,pure_NH3_phi1.0,1.0625000000000002,1981.9992298258287,3.1543800858795046e-09,0.3046094786000352,0.0014017390855406097,5.482705155980761e-08,0.0017310906514186935,,0.001806039069145649,0.6857463587070427
Reduced,pure_NH3_phi1.0,1.1250000000000002,1983.2352140262929,3.1376592639855044e-09,0.304787129714163,0.0014002828524074791,5.339220440799415e-08,0.0016862037845969517,,0.00174685369464448,0.6857849438063229
Reduced,pure_NH3_phi1.0,1.1875,1984.3507061493171,3.119192276457944e-09,0.30494841037077713,0.001398868967510569,5.2047702123375115e-08,0.0016452888400528994,,0.0016933746254712944,0.685820315977898
Reduced,pure_NH3_phi1.0,1.25,1985.361608767659,3.099495338600198e-09,0.305095364731366,0.0013974943409362584,5.0788260164175157e-08,0.0016078735809652602,,0.0016448637286499224,0.6858528504848552
Reduced,pure_NH3_phi1.0,1.3125000000000002,1986.2810019703606,3.0789788287138702e-09,0.3052296945493165,0.0013961562579154255,4.9608750434494276e-08,0.0015735615677963126,,0.0016007117025273574,0.6858828657993576
Reduced,pure_NH3_phi1.0,1.375,1987.1196736203997,3.057966630883234e-09,0.3053528225982713,0.001394852368980398,4.850432940327013e-08,0.0015420190668840859,,0.0015604144311636512,0.6859106342114412
Reduced,pure_NH3_phi1.0,1.4375,1987.886504816408,3.0367134028137977e-09,0.30546594035221286,0.0013935806953683813,4.7470541665762455e-08,0.0015129650797411514,,0.0015235558789108553,0.6859363899833417
Reduced,pure_NH3_phi1.0,1.5,1988.588740831673,3.01542589303287e-09,0.30557004299115276,0.0013923396536954491,4.650347250691138e-08,0.001486163184855225,,0.0014897971188092087,0.685960335553339
Reduced,pure_NH3_phi1.0,1.625,1989.8166984521688,2.973370715632861e-09,0.3057536009762588,0.0013899460486550778,4.4763372279621955e-08,0.0014387714953687262,,0.00143079165651137,0.686003319317658
Reduced,pure_NH3_phi1.0,1.7500000000000002,1990.8734533572351,2.9327854314654967e-09,0.30591246041631454,0.0013876434551733968,4.322203163559446e-08,0.0013976276345253904,,0.0013800244042861413,0.686040955596914
Reduced,pure_NH3_phi1.0,1.8750000000000002,1991.7887331606803,2.8941679522291743e-09,0.3060507580663585,0.0013854220391402092,4.1855175782418607e-08,0.0013617169990976445,,0.001336086863292324,0.686074112330838
Reduced,pure_NH3_phi1.0,2.0,1992.5845087826826,2.8577751420755615e-09,0.3061716362873711,0.0013832745191720767,4.064286399704195e-08,0.0013302659059126268,,0.0012979343699328367,0.6861034809811634
Reduced,pure_NH3_phi1.0,2.25,1993.8635229710446,2.7924508072282095e-09,0.306367970212123,0.001379188379703762,3.864339774944831e-08,0.0012791054261949006,,0.0012368498254535774,0.6861525186725222
Reduced,pure_NH3_phi1.0,2.5,1994.8813672807203,2.735988702158617e-09,0.30652478959799434,0.001375290972959905,3.702173920470931e-08,0.0012382088085623115,,0.0011884317990331365,0.6861920945167497
Reduced,pure_NH3_phi1.0,2.75,1995.7019290530914,2.6878290245211562e-09,0.3066514100783753,0.0013715525951287118,3.5699457953577646e-08,0.0012052059274074193,,0.0011495978159773588,0.6862242779719853
Reduced,pure_NH3_phi1.0,3.0,1996.3685493115297,2.647234588316552e-09,0.30675423435634847,0.0013679599111201298,3.4619032574971e-08,0.0011784530785595077,,0.0011182433590378991,0.6862505218765195
Reduced,pure_NH3_phi1.0,3.4999999999999996,1997.3196299900305,2.587260832520679e-09,0.3069007001296307,0.0013612595725049578,3.307406381531288e-08,0.001140578769598323,,0.0010741287515682108,0.6862882538860194
Reduced,pure_NH3_phi1.0,4.25,1998.1745361536202,2.5391859887502967e-09,0.30702706863083534,0.0013529685419832412,3.1736828448402864e-08,0.00110831584543531,,0.0010351411512687645,0.6863181721008235
Reduced,pure_NH3_phi1.0,5.0,1998.1745361536202,2.5391859887490944e-09,0.30702706863068996,0.0013529685419826007,3.1736828448387836e-08,0.0011083158454347852,,0.0010351411512682742,0.686318172100972
Optimized,pure_NH3_phi1.0,0.0,298.0,0.1983760809479347,0.026560034640845352,1.17542413669185e-07,1.1987289463985425e-05,1.0768071684862668e-12,,0.15491000453437045,0.6160217074742674
Optimized,pure_NH3_phi1.0,0.007812500000000002,322.1957292194885,0.19519385661735073,0.03112168605198586,1.391688417271814e-07,1.4904898528763788e-05,1.203533571583771e-12,,0.15325081487238412,0.6160936528564275
Optimized,pure_NH3_phi1.0,0.015625000000000003,348.6388087034864,0.19176599905759215,0.03606265987824276,1.6879186985748633e-07,1.8292731937826805e-05,1.7458791525737924e-12,,0.15141127159604992,0.6162127586479835
Optimized,pure_NH3_phi1.0,0.023437500000000003,377.27915946659385,0.1881052554450011,0.04135845357614324,2.0762043314049424e-07,2.2179518248048045e-05,2.7847226149524053e-12,,0.14939117949487665,0.6163912884167813
Optimized,pure_NH3_phi1.0,0.03125000000000001,408.0460804974273,0.1842242414147047,0.04698396715955836,2.574871227646006e-07,2.6591592658951134e-05,4.807107564845249e-12,,0.14719118407325812,0.6166412739319279
Optimized,pure_NH3_phi1.0,0.03906250000000001,440.85397442864985,0.1801347807081447,0.05291498600765142,3.209013411516482e-07,3.155339982892103e-05,9.207235801656937e-12,,0.14481238325184714,0.6169741017890444
Optimized,pure_NH3_phi1.0,0.04687500000000001,475.6081622960204,0.17584751451579866,0.05912912387695845,4.011726743407401e-07,3.708798423707324e-05,2.021433222107144e-11,,0.1422560365090696,0.6174002717499096
Optimized,pure_NH3_phi1.0,0.05468750000000001,512.2102571420705,0.17137172646963622,0.06560630935740569,5.025738198711117e-07,4.3217416969566794e-05,4.992854821932084e-11,,0.1395233685064972,0.6179292988708166
Optimized,pure_NH3_phi1.0,0.05859375000000001,531.1894050339222,0.1690647010254682,0.06893925277041467,5.633646676838047e-07,4.6516693713628764e-05,8.165007787342472e-11,,0.13809018754365524,0.6182357850123953
Optimized,pure_NH3_phi1.0,0.06250000000000001,550.6063005093986,0.1667122917104103,0.07233306065181237,6.318342126360755e-07,4.9978912661795945e-05,1.3353502309403928e-10,,0.13661194689622833,0.6185720665443469
Optimized,pure_NH3_phi1.0,0.06640625000000001,570.448690750167,0.16431535192040939,0.0757857713319217,7.089168816645956e-07,5.360686414228281e-05,2.1760459087548424e-10,,0.13508876720933413,0.6189391134327108
Optimized,pure_NH3_phi1.0,0.07031250000000001,590.7047833500684,0.16187465485905975,0.07929557058322301,7.956514530164134e-07,5.7403319604242315e-05,3.51999943121453e-10,,0.13352075461956187,0.6193378405412672
Optimized,pure_NH3_phi1.0,0.07421875000000003,611.3632986999324,0.1593908983590837,0.08286078247063226,8.931938456207514e-07,6.137103578085519e-05,5.639667034591688e-10,,0.13190800115139556,0.6197691115299025
Optimized,pure_NH3_phi1.0,0.07812500000000001,632.413503783809,0.1568647097571642,0.08647985950810909,1.0028363144215772e-06,6.551275750547063e-05,8.94133728919231e-10,,0.13025058556696945,0.6202337427793976
Optimized,pure_NH3_phi1.0,0.08203125000000001,653.8452280610782,0.15429665061898482,0.09015137246177411,1.126036151319034e-06,6.983121919308687e-05,1.4027083425157843e-09,,0.12854857458919855,0.6207325072441524
Optimized,pure_NH3_phi1.0,0.08593750000000001,675.6488620999486,0.1516872211462878,0.0938740000453029,1.2644571465533608e-06,7.43291449325169e-05,2.178399437989948e-09,,0.12680202443718855,0.6212661381631713
Optimized,pure_NH3_phi1.0,0.08984375000000001,697.815339555401,0.1490368641266331,0.09764651866971173,1.4200268342727659e-06,7.900924703983606e-05,3.3512017853853398e-09,,0.1250109826295905,0.6218353325825765
Optimized,pure_NH3_phi1.0,0.09375000000000001,720.3361029859665,0.146345968311886,0.1014677923357705,1.5950120396040854e-06,8.387422279603224e-05,5.1106392303261264e-09,,0.1231754900264519,0.6224407546600145
Optimized,pure_NH3_phi1.0,0.09765625,743.2030538993652,0.14361487113661392,0.10533676269120157,1.792114722908881e-06,8.892674892616838e-05,7.731725957672078e-09,,0.12129558309530118,0.6230830387323635
Optimized,pure_NH3_phi1.0,0.1015625,766.4084873118012,0.140843860717397,0.1092524392137499,2.0145898835505735e-06,9.416947317045789e-05,1.1611827970659134e-08,,0.11937129640796142,0.6237627921324618
Optimized,pure_NH3_phi1.0,0.10546875,789.9450109942901,0.13803317711588828,0.1132138894215007,2.2663875187498984e-06,9.960500204984142e-05,1.7323337851893732e-08,,0.11740266541170559,0.6244805977362593
Optimized,pure_NH3_phi1.0,0.10937500000000001,813.8054494687822,0.13518301292412582,0.11722022893912373,2.5523212463475587e-06,0.00010523588364825983,2.57018625557071e-08,,0.11538972959563613,0.6252370162036696
Optimized,pure_NH3_phi1.0,0.11718750000000001,862.4524218081953,0.12936562031631774,0.12536363807734552,3.2430409017278242e-06,0.00011708640670721552,5.484942483328238e-08,,0.11123223250502029,0.6268666380054623
Optimized,pure_NH3_phi1.0,0.12109375000000003,887.2323021451907,0.12639879262861584,0.1294984656864838,3.670576790797699e-06,0.0001233090229634822,8.011658935298897e-08,,0.10908825128449673,0.6277406128959836
Optimized,pure_NH3_phi1.0,0.12500000000000003,912.307547232859,0.12339276817034797,0.1336749456884282,4.164025958147094e-06,0.00012973582806350634,1.1628182962560756e-07,,0.10690024926889129,0.6286552212891227
Optimized,pure_NH3_phi1.0,0.12890625000000003,937.670207394501,0.12034750084378601,0.1378922646361642,4.73597477245898e-06,0.0001363685357639027,1.6790759824372388e-07,,0.10466835073274372,0.629610931997071
Optimized,pure_NH3_phi1.0,0.13281250000000003,963.311717630364,0.11726290076159587,0.14214957937214037,5.40143690930996e-06,0.00014320849066707024,2.4127983492806915e-07,,0.10239271851933854,0.6306081936343709
Optimized,pure_NH3_phi1.0,0.13671875000000003,989.2227082975455,0.11413884181540045,0.14644599534246974,6.178160508059185e-06,0.0001502565486756793,3.4503473856831516e-07,,0.10007356688122555,0.631647430341366
Optimized,pure_NH3_phi1.0,0.14062500000000003,1015.3928045745589,0.11097517496837465,0.1507805403046662,7.08690512161958e-06,0.00015751292309634096,4.909277021563644e-07,,0.09771117777908513,0.6327290345903871
Optimized,pure_NH3_phi1.0,0.14453125000000006,1041.810427612878,0.1077717496943452,0.1551521322643246,8.151664511798042e-06,0.00016497698622998722,6.947802722335497e-07,,0.09530592157663109,0.6338533559126424
Optimized,pure_NH3_phi1.0,0.14843750000000006,1068.462811168715,0.10452844679584378,0.15955954016002807,9.399809510538166e-06,0.00017264701301433557,9.776299504786788e-07,,0.09285828312761538,0.6350206840684877
Optimized,pure_NH3_phi1.0,0.15234375000000006,1095.3359493391913,0.10124522577761552,0.16400133621620935,1.086212564877896e-05,0.00018051985106594097,1.3670372617000564e-06,,0.09036889404855382,0.6362312250945444
Optimized,pure_NH3_phi1.0,0.15625000000000003,1122.4144300203536,0.09792218925984597,0.16847584016292882,1.2572726111896874e-05,0.00018859050111608703,1.8981915284446667e-06,,0.08783857140192569,0.6374850689634487
Optimized,pure_NH3_phi1.0,0.158203125,1136.0249674138818,0.09624591408697722,0.1707245302736536,1.3535469690533954e-05,0.00019269710796153387,2.2318993785569075e-06,,0.08655848806675775,0.6381281904314013
Optimized,pure_NH3_phi1.0,0.16015625,1149.6806760737163,0.0945597603394486,0.17298067295721034,1.4575217774098724e-05,0.00019685066152060664,2.6188685345803256e-06,,0.08526849449985874,0.6387822027314026
Optimized,pure_NH3_phi1.0,0.162109375,1163.3791167023899,0.09286382624404278,0.17524395207325352,1.5697111901793108e-05,0.00020104971565996238,3.0668190924295e-06,,0.08396876872567804,0.639447063481492
Optimized,pure_NH3_phi1.0,0.16406250000000003,1177.1177256141737,0.09115823891568313,0.1775140222114919,1.6906446159677993e-05,0.0002052925775010736,3.5841193221740463e-06,,0.08265951000499379,0.6401227134978993
Optimized,pure_NH3_phi1.0,0.16601562500000003,1190.8938076606369,0.08944315896827656,0.17979050597593646,1.8208652790746852e-05,0.00020957727832093245,4.1799690785510615e-06,,0.08134094066394489,0.6408090748699171
Optimized,pure_NH3_phi1.0,0.16796875000000003,1204.7045290312913,0.08771878516376559,0.1820729913915831,1.9609288462931155e-05,0.00021390154260152104,4.864475454994322e-06,,0.08001330792150052,0.6415060490398581
Optimized,pure_NH3_phi1.0,0.16992187500000003,1218.5469097302612,0.08598535911633066,0.18436102937374843,2.111402231934185e-05,0.00021826275553771206,5.648703292139481e-06,,0.07867688569162519,0.6422135149259875
Optimized,pure_NH3_phi1.0,0.17187500000000003,1232.4178156204769,0.08424316997457491,0.18665413127807204,2.2728627056148264e-05,0.00022265792942860186,6.544718408480551e-06,,0.0773319763331005,0.642931327131832
Optimized,pure_NH3_phi1.0,0.17382812500000003,1246.3139499440513,0.08249255897516765,0.1889517665662313,2.4458974333161222e-05,0.0002270836694955827,7.5656279885647545e-06,,0.07597891231851656,0.6436593142826522
Optimized,pure_NH3_phi1.0,0.17578125000000003,1260.2318442358317,0.08073392375116903,0.1912533606251304,2.6311035811159725e-05,0.0002315361397870395,8.725620130655308e-06,,0.0746180577943521,0.6443972775217889
Optimized,pure_NH3_phi1.0,0.17773437500000003,1274.1678485599239,0.07896772227870985,0.19355829277504455,2.8290891007546832e-05,0.00023601102993739615,1.0040004715484952e-05,,0.07324981000627966,0.6451449891869642
Optimized,pure_NH3_phi1.0,0.17968750000000003,1288.1181210184552,0.07719447635687608,0.19586589449599773,3.040474294720131e-05,0.00024050352363961578,1.1525259436297134e-05,,0.07187460056765212,0.6459021916704685
Optimized,pure_NH3_phi1.0,0.18164062500000003,1302.0786165037464,0.07541477454107591,0.1981754478885661,3.26589422389565e-05,0.00024500826975746795,1.3199090658103434e-05,,0.07049289655446579,0.64666859644845
Optimized,pure_NH3_phi1.0,0.18359375000000003,1316.0450746695624,0.07362927450203256,0.20048618435239363,3.506001970480355e-05,0.00024951935704006165,1.5080540155705359e-05,,0.0691052014164485,0.6474438832446373
Optimized,pure_NH3_phi1.0,0.18554687500000003,1330.0130070110868,0.07183870490619067,0.20279728336472128,3.761472696954869e-05,0.0002540302933979361,1.719024836110493e-05,,0.06771205570088519,0.6482276992703185
Optimized,pure_NH3_phi1.0,0.18750000000000003,1343.9776825052556,0.07004386727494066,0.205107870894971,4.033008329289651e-05,0.0002585339906322,1.955127840571582e-05,,0.06631403759195191,0.6490196584425811
Optimized,pure_NH3_phi1.0,0.19140625000000003,1371.882820282205,0.06644374147349295,0.2097251072267228,4.6263508908362134e-05,0.0002674978864875428,2.5109680413702777e-05,,0.06350500309675972,0.6506268710328871
Optimized,pure_NH3_phi1.0,0.1953125,1399.712413720448,0.06283790991261098,0.21432861408979487,5.292669627762657e-05,0.0002763349392382277,3.196626268867014e-05,,0.06068445137749633,0.6522609894445556
Optimized,pure_NH3_phi1.0,0.19921875,1427.4190722126866,0.05923521825389003,0.2189095886839723,6.039105179123832e-05,0.0002849688029340588,4.035166174546037e-05,,0.057858320123171526,0.6539177058875972
Optimized,pure_NH3_phi1.0,0.203125,1454.9504943087409,0.055645549380681156,0.22345842379395212,6.873854271185358e-05,0.0002933154309130993,5.053060349413112e-05,,0.05503312908552862,0.6555921118447631
Optimized,pure_NH3_phi1.0,0.20703125,1482.2492939489844,0.0520797502819225,0.22796474786043933,7.806382003257506e-05,0.0003012846480055127,6.280487443871648e-05,,0.05221595438103623,0.6572786743028547
Optimized,pure_NH3_phi1.0,0.2109375,1509.2529841974724,0.04854955250434979,0.2324174753667244,8.847586733211156e-05,0.0003087820989195098,7.751794353949904e-05,,0.049414393106784235,0.6589712254242052
Optimized,pure_NH3_phi1.0,0.21484375000000003,1535.8941452521951,0.04506748146668427,0.23680486965981715,0.00010009895436735697,0.000315711353192211,9.505978448532169e-05,,0.046636517501138244,0.6606629753309918
Optimized,pure_NH3_phi1.0,0.21875000000000003,1562.1007866517202,0.04164674668532401,0.24111462042308435,0.00011307266792340039,0.0003219758886803148,0.00011587132275394693,,0.043890817607591115,0.6623465542281571
Optimized,pure_NH3_phi1.0,0.22265625000000003,1587.796904123669,0.038301103255036384,0.24533393924139144,0.00012755076820753704,0.00032748065210575183,0.000140447605765309,,0.04118613120250227,0.6640140861528984
Optimized,pure_NH3_phi1.0,0.22656250000000003,1612.903231390052,0.03504467432372961,0.24944967876319926,0.00014369861330742692,0.00033213291327277567,0.0001693375980862352,,0.03853155951114066,0.6656572939526132
Optimized,pure_NH3_phi1.0,0.23046875000000003,1637.3382010385383,0.031891719866592075,0.25344848781370727,0.00016168901296118122,0.0003358421646904921,0.0002031330952177958,,0.035936366883788234,0.6672676345598838
Optimized,pure_NH3_phi1.0,0.23242187500000003,1649.2710369493,0.030359626432203468,0.25539865978476767,0.0001714413872716884,0.00033730827248401916,0.00022208952684374872,,0.034664780272592774,0.6680570928623982
Optimized,pure_NH3_phi1.0,0.23437500000000003,1661.0037666852747,0.02885883687744009,0.2573144249712835,0.00018172284442941769,0.0003385026377276055,0.00024251496964012586,,0.03341164294994672,0.6688349884425498
Optimized,pure_NH3_phi1.0,0.23632812500000003,1672.526031890589,0.02739106842902808,0.2591941252954625,0.000192553856729284,0.00033941366721856333,0.00026449755810764033,,0.03217811189442695,0.6696002453899144
Optimized,pure_NH3_phi1.0,0.23828125000000003,1683.8275913806954,0.025957987304710033,0.2610361314340283,0.0002039538048496059,0.0003400294849171559,0.0002881237126036206,,0.03096532892715399,0.6703518061146605
Optimized,pure_NH3_phi1.0,0.24023437500000003,1694.8983753574503,0.024561198073577546,0.26283885026410514,0.00021594052757550924,0.00034033789067436447,0.0003134782555681596,,0.029774415483856866,0.6710886381550667
Optimized,pure_NH3_phi1.0,0.24218750000000006,1705.728545134111,0.023202231579416626,0.264600733906102,0.0002285298534734912,0.0003403263254112062,0.00034064355133386903,,0.028606467066697377,0.6718097413540894
Optimized,pure_NH3_phi1.0,0.24414062500000006,1716.3085570749927,0.021882532079187125,0.2663202897523278,0.000241735112790317,0.00033998185468027636,0.0003696981663598646,,0.027462547404589463,0.6725141552424094
Optimized,pure_NH3_phi1.0,0.24609375000000006,1726.629230029235,0.02060344395231486,0.26799609121526113,0.0002555666330821949,0.0003392911813306764,0.00040071523155626516,,0.026343682356653332,0.6732009665154475
Optimized,pure_NH3_phi1.0,0.24804687500000006,1736.681815634475,0.019366198254643013,0.2696267890295889,0.0002700312260295734,0.0003382406968856821,0.0004337605858428031,,0.025250853603162676,0.6738693165003852
Optimized,pure_NH3_phi1.0,0.25000000000000006,1746.4580707755476,0.01817189938500179,0.2712111229550668,0.00028513167601446136,0.0003368165800088336,0.00046889075211234215,,0.024184992180327027,0.6745184085016585
Optimized,pure_NH3_phi1.0,0.25195312500000006,1755.950331320098,0.017021512152456314,0.27274793370835304,0.0003008662435552621,0.00033500494887839585,0.0005061507956054623,,0.023146971928570285,0.6751475149007334
Optimized,pure_NH3_phi1.0,0.25390625000000006,1765.1515860660584,0.01591584955852556,0.2742361749209059,0.0003172281986674652,0.00033279207228117973,0.0005455721231640362,,0.022137602937843778,0.675755983874035
Optimized,pure_NH3_phi1.0,0.25585937500000006,1774.0555496508337,0.014855561631268476,0.2756749248873982,0.00033420540060442167,0.00033016464171859176,0.0005871702931206542,,0.021157625087103907,0.6763432455829226
Optimized,pure_NH3_phi1.0,0.25781250000000006,1782.6567330061803,0.013841125661061021,0.2770633978387056,0.0003517799411360744,0.00032711010380554026,0.0006309429164275721,,0.020207701787512494,0.6769088176847305
Optimized,pure_NH3_phi1.0,0.25976562500000006,1790.950509811064,0.012872838186755428,0.2784009544502955,0.00036992786844072546,0.00032361704882020943,0.000676867737979757,,0.0192884140491912,0.6774523100144418
Optimized,pure_NH3_phi1.0,0.26171875000000006,1798.9331773107644,0.011950809062541022,0.27968711128338647,0.00038861900772959023,0.0003196756475729696,0.0007249009913997034,,0.01840025499854829,0.6779734282941772
Optimized,pure_NH3_phi1.0,0.26367187500000006,1806.6020098459633,0.011074957898389335,0.28092154885559323,0.0004078168928555073,0.0003152781250059926,0.0007749761196445025,,0.017543624976425087,0.6784719767425306
Optimized,pure_NH3_phi1.0,0.26562500000000006,1813.9553034795035,0.010245013110188474,0.28210411805141755,0.0004274788203945842,0.0003104192553502565,0.0008270029469128012,,0.01671882734580559,0.6789478594785222
Optimized,pure_NH3_phi1.0,0.26757812500000006,1820.992410226164,0.009460513741083329,0.2832348446127381,0.00044755603412199776,0.00030509686051731494,0.000880867374236463,,0.015926065131130897,0.679401080643858
Optimized,pure_NH3_phi1.0,0.26953125000000006,1827.7137605825337,0.008720814126384544,0.2843139314933653,0.0004679940435901275,0.00029931229095566395,0.0009364316522099725,,0.015165438599105985,0.6798317432031178
Optimized,pure_NH3_phi1.0,0.27148437500000006,1834.1208733151423,0.008025091375690945,0.2853417589205154,0.0004887330758784734,0.0002930708666980513,0.0009935352605345792,,0.014436943873412144,0.680240046420192
Optimized,pure_NH3_phi1.0,0.27343750000000006,1840.2163517853858,0.0073723555436257466,0.2863188820743569,0.000509708654783693,0.0002863822559636275,0.0010519963969751853,,0.01374047265348058,0.6806262820512157
Optimized,pure_NH3_phi1.0,0.27539062500000006,1846.0038664549127,0.006761462261638272,0.28724602637300695,0.0005308522970354321,0.0002792607695818691,0.0011116140498990778,,0.01307581308120898,0.6809908293347218
Optimized,pure_NH3_phi1.0,0.27734375000000006,1851.4881236069596,0.006191127514318969,0.2881240804286942,0.0005520923108322632,0.0002717255517143011,0.0011721706009228164,,0.012442651770410009,0.6813341488975778
Optimized,pure_NH3_phi1.0,0.27929687500000006,1856.6748207175428,0.00565994417051196,0.28895408681654944,0.0005733546783285591,0.000263800650808042,0.0012334348794305083,,0.011840576983220252,0.6816567757282205
Optimized,pure_NH3_phi1.0,0.28125000000000006,1861.5705892950018,0.005166399826747556,0.28973723086741715,0.0005945640008474567,0.0002555149592706122,0.0012951655706386408,,0.011269082907122464,0.6819593113935298
Optimized,pure_NH3_phi1.0,0.28320312500000006,1866.18292635799,0.004708895490798567,0.29047482775434985,0.0006156444836541884,0.00024690201576912403,0.0013571148647886725,,0.010727574957168053,0.6822424156932069
Optimized,pure_NH3_phi1.0,0.28515625000000006,1870.5201160241804,0.004285764627254237,0.2911683081880554,0.0006365209361359095,0.000237999670023405,0.0014190322276769226,,0.010215376001759814,0.6825067979530797
Optimized,pure_NH3_phi1.0,0.28710937500000006,1874.591142922017,0.003895292103634207,0.2918192030663238,0.0006571197631626383,0.00022884961612789246,0.0014806681721559242,,0.009731733388158078,0.6827532081580652
Optimized,pure_NH3_phi1.0,0.2890625000000001,1878.405599307571,0.0035357326118909877,0.2924291274368733,0.0006773699241692929,0.00021949680643330624,0.0015417779159934194,,0.009275826626573397,0.6829824281159907
Optimized,pure_NH3_phi1.0,0.2910156250000001,1881.9735878642803,0.003205328192087413,0.2929997641318437,0.0006972038379803072,0.00020998876348531404,0.0016021248225869154,,0.008846775579865272,0.6831952628274741
Optimized,pure_NH3_phi1.0,0.2929687500000001,1885.3056221858042,0.002902324547865831,0.2935328474173012,0.0007165582134690421,0.00020037481213012301,0.001661483536255868,,0.00844364899966731,0.6833925322154691
Optimized,pure_NH3_phi1.0,0.2949218750000001,1888.4125268959328,0.0026249859121654476,0.2940301469748137,0.0007353747886794141,0.0001907052573915723,0.0017196427417786276,,0.008065473249106463,0.6835750633427538
Optimized,pure_NH3_phi1.0,0.2968750000000001,1891.3053392520703,0.0023716082919192434,0.29449345249667286,0.0007536009639245456,0.00018103053590986035,0.001776407497119565,,0.007711241056778236,0.6837436832186317
Optimized,pure_NH3_phi1.0,0.2988281250000001,1893.9952139200493,0.002140530988262122,0.29492455913465704,0.0007711903175293491,0.000171400369506337,0.0018316011076724057,,0.007379920155643329,0.6838992122687758
Optimized,pure_NH3_phi1.0,0.3007812500000001,1896.493332409066,0.0019301463510236875,0.29532525399707765,0.0007881029962210797,0.0001618629487890636,0.0018850665287845215,,0.007070461673254173,0.6840424585158581
Optimized,pure_NH3_phi1.0,0.3027343750000001,1898.8108184279843,0.0017389077808278167,0.29569730384240017,0.0008043059756267013,0.00015246417271796026,0.0019366673000462383,,0.006781808155349599,0.6841742124946371
Optimized,pure_NH3_phi1.0,0.3046875000000001,1900.9586601796275,0.0015653360377248342,0.2960424440724241,0.0008197731898391306,0.0001432469668668352,0.00198628802929761,,0.006512901122459544,0.6842952429039205
Optimized,pure_NH3_phi1.0,0.3066406250000001,1902.947640358692,0.0014080239514743286,0.29636236908527147,0.0008344855324820098,0.00013425069898046008,0.002033834456215029,,0.006262688077906218,0.6844062929799666
Optimized,pure_NH3_phi1.0,0.3085937500000001,1904.788274371226,0.001265639655550404,0.2966587240094046,0.0008484307350409042,0.00012551070560800248,0.0020792331345788825,,0.006030128904672622,0.6845080775616662
Optimized,pure_NH3_phi1.0,0.31054687500000006,1906.4907570574035,0.001136928485285125,0.29693309780598215,0.0008616031313265677,0.00011705793840790717,0.0021224307789287494,,0.005814201607351864,0.6846012808066338
Optimized,pure_NH3_phi1.0,0.31250000000000006,1908.0649179812679,0.0010207136912350355,0.2971870176978619,0.0008740033196754695,0.00010891873347755283,0.0021633933254249288,,0.0056139073732191964,0.6846865545095739
Optimized,pure_NH3_phi1.0,0.31445312500000006,1909.5201851562633,0.0009158961229412986,0.29742194486011797,0.0008856377367571072,0.00010111470205912513,0.0022021047585618937,,0.005428274942930104,0.6847645169691855
Optimized,pure_NH3_phi1.0,0.31640625,1910.8655569071977,0.0008214530368892719,0.29763927128897416,0.000896518158545343,9.366273646653606e-05,0.0022385657551676325,,0.005256364296112991,0.6848357523470296
Optimized,pure_NH3_phi1.0,0.318359375,1912.1095814298099,0.000736436176737062,0.2978403177530663,0.0009066611450448541,8.657512126297265e-05,0.0022727921951098285,,0.0050972696699716725,0.6849008104611346
Optimized,pure_NH3_phi1.0,0.3203125,1913.2603434990929,0.0006599692647296762,0.2980263327231196,0.0009160874457045279,7.985973671905674e-05,0.002304813584509672,,0.00495012193983998,0.68496020695779
Optimized,pure_NH3_phi1.0,0.322265625,1914.3254576966817,0.0005912450313987793,0.2981984921727869,0.0009248213821015621,7.352033943873785e-05,0.002334671432136491,,0.004814090399411635,0.6850144238071311
Optimized,pure_NH3_phi1.0,0.32421875,1915.3120674749962,0.0005295218966403954,0.2983579001451419,0.0009328902234976644,6.755690370849697e-05,0.0023624176129316047,,0.004688383985197057,0.6850639100708276
Optimized,pure_NH3_phi1.0,0.32617187500000006,1916.2268493503889,0.0004741203991252823,0.2985055899855184,0.0009403235693623521,6.196600646861081e-05,0.0023881127438874507,,0.004572251994809581,0.6851090828944294
Optimized,pure_NH3_phi1.0,0.32812500000000006,1917.0760215190448,0.0004244194521488872,0.29864252615486114,0.0009471527511145389,5.674123859662188e-05,0.0024118245859154905,,0.004464984352252849,0.6851503286811474
Optimized,pure_NH3_phi1.0,0.33007812500000006,1917.8653562206441,0.00037985248083611205,0.2987696065594991,0.0009534102634639109,5.187362512141823e-05,0.0024336264693112586,,0.004365911475953611,0.6851880044102158
Optimized,pure_NH3_phi1.0,0.33203125000000006,1918.6001952495499,0.0003399034646069908,0.29888766536926614,0.0009591292344592914,4.7352036681837394e-05,0.0024535957177245836,,0.004274403807621238,0.6852224390727266
Optimized,pure_NH3_phi1.0,0.33593750000000006,1919.9212171223285,0.0002724482470971145,0.29909904599984577,0.0009690517096912583,3.930800298306052e-05,0.0024882764709003866,,0.00411230815307894,0.6852824943921538
Optimized,pure_NH3_phi1.0,0.33984375000000006,1921.0795063209987,0.0002183214985859537,0.29928301072006386,0.0009772315104570367,3.246658001664739e-05,0.0025166573458581722,,0.003973707384496805,0.685332989189397
Optimized,pure_NH3_phi1.0,0.34375000000000006,1922.103949122326,0.00017491641993149252,0.29944416132252827,0.0009839203943810592,2.6697127851214498e-05,0.0025394182320871727,,0.0038549305203745203,0.6853756762458924
Optimized,pure_NH3_phi1.0,0.34765625000000006,1923.0185731172287,0.00014011071473402575,0.29958637455904774,0.0009893498053606961,2.186736239093551e-05,0.0025572171853216028,,0.0037528182349374586,0.6854120089842849
Optimized,pure_NH3_phi1.0,0.35156250000000006,1923.843227074401,0.00011218368743313828,0.2997128986674738,0.0009937269807816667,1.784997498219975e-05,0.002570674438168829,,0.0036646698842139067,0.6854431855089068
Optimized,pure_NH3_phi1.0,0.35937500000000006,1925.2716225120216,7.27821230516973e-05,0.2999270331219897,0.000999868269510511,1.189794288734834e-05,0.0025862701163842264,,0.003523372766225805,0.685493021540382
Optimized,pure_NH3_phi1.0,0.36718750000000006,1926.5018940914156,4.735192858662774e-05,0.300105657528533,0.0010037066790966388,7.8844231527822e-06,0.0025908536264619723,,0.003414301120287512,0.6855320220694717
Optimized,pure_NH3_phi1.0,0.37500000000000006,1927.5954927768687,3.088137659533126e-05,0.3002596221073651,0.0010060408579255456,5.204742892104198e-06,0.002587532942686585,,0.003327679849350783,0.6855638641787859
Optimized,pure_NH3_phi1.0,0.38281250000000006,1928.5925998195742,2.01496028152374e-05,0.30039626891058335,0.0010074117917831383,3.4234961964220656e-06,0.0025786730585559063,,0.0032566999575112275,0.6855909486871488
Optimized,pure_NH3_phi1.0,0.390625,1929.5195002162025,1.3084911978438863e-05,0.3005205590373738,0.0010081769859567847,2.236989461943491e-06,0.002566030134014196,,0.0031966448678274954,0.6856148408784518
Optimized,pure_NH3_phi1.0,0.40625,1931.2148303309252,5.931577826061347e-06,0.3007421917942748,0.0010085888750534825,1.0249353685623277e-06,0.002533229437693805,,0.003099504642060826,0.6856561311127626
Optimized,pure_NH3_phi1.0,0.421875,1932.7730506308844,2.73473045785839e-06,0.3009426039681636,0.0010084245633833252,4.828994240793194e-07,0.0024964200283614734,,0.003018412277696668,0.6856929373543452
Optimized,pure_NH3_phi1.0,0.43750000000000006,1934.2273846894577,1.2802235061783002e-06,0.301128522071016,0.0010080395033301786,2.3810735702111193e-07,0.0024585117606713185,,0.002946708424037131,0.6857270018101387
Optimized,pure_NH3_phi1.0,0.45312500000000006,1935.5953559085042,6.041335238326254e-07,0.3013033357188581,0.0010075748823161392,1.256523762104934e-07,0.0024209012441852367,,0.0028811338311221053,0.6857591302919315
Optimized,pure_NH3_phi1.0,0.46875000000000006,1936.8875424287055,2.776085618794131e-07,0.3014689008402956,0.0010070864293179637,7.207903374588538e-08,0.0023842333919743327,,0.002820028343268778,0.6857897246493432
Optimized,pure_NH3_phi1.0,0.5000000000000001,1939.266567084817,7.786849674682716e-08,0.30177564052483086,0.00100610467803081,3.9834393097592483e-08,0.0023146334908146654,,0.0027084980451631776,0.685846986500702
Optimized,pure_NH3_phi1.0,0.5312500000000001,1941.4220599524338,2.432223891182436e-08,0.3020559726580776,0.0010051532485194734,3.130504625878173e-08,0.0022500642001356814,,0.0026075079752735397,0.6858999052211326
Optimized,pure_NH3_phi1.0,0.5625000000000001,1943.3841980937502,9.314639571248264e-09,0.30231337124143776,0.0010042357092884318,2.8896156513522783e-08,0.0021901936402150975,,0.002515388228249574,0.6859490310602244
Optimized,pure_NH3_phi1.0,0.5937500000000002,1945.1774364546663,4.93096505520748e-09,0.30255056790386914,0.0010033500753706733,2.8131497661726347e-08,0.002134589937396817,,0.002430975156015698,0.6859947893050844
Optimized,pure_NH3_phi1.0,0.6250000000000001,1946.8220899641326,3.599067562457998e-09,0.3027698295086799,0.0010024937968669825,2.782818073507779e-08,0.0020828399220232945,,0.0023533507270554295,0.6860375336196071
Optimized,pure_NH3_phi1.0,0.6562500000000001,1948.3352231897331,3.1774194869181417e-09,0.30297307668555845,0.0010016645503152207,2.7660791438903484e-08,0.0020345742636676584,,0.0022817544918839767,0.6860775661817677
Optimized,pure_NH3_phi1.0,0.6875000000000001,1949.731262401508,3.0364728195586815e-09,0.3031619523444114,0.0010008603113643992,2.7536260176656215e-08,0.001989468604358909,,0.0022155445786578164,0.6861151482703585
Optimized,pure_NH3_phi1.0,0.7187500000000001,1951.0224543704342,2.98436512671742e-09,0.3033378693707068,0.0010000793248756406,2.7426978509058673e-08,0.001947238856225967,,0.002154175407844229,0.6861505073268567
Optimized,pure_NH3_phi1.0,0.7500000000000001,1952.2192216995506,2.9604551378640275e-09,0.30350204575816436,0.000999320071857883,2.732447400471628e-08,0.0019076349563541654,,0.0020971839325943297,0.6861838422302252
Optimized,pure_NH3_phi1.0,0.8125,1954.3559909226574,2.9358579411153403e-09,0.3037982063479339,0.0009978628336545405,2.7132396481145295e-08,0.0018357430876463025,,0.001995175346386452,0.6862449591321576
Optimized,pure_NH3_phi1.0,0.8750000000000001,1956.230690142125,2.9139659070817335e-09,0.3040605774005918,0.0009964708315390587,2.694943036070113e-08,0.001771574094985658,,0.0019054057208651113,0.6862998498439612
Optimized,pure_NH3_phi1.0,0.9375000000000001,1957.8878920127665,2.891268818775738e-09,0.3042945492046125,0.0009951361377018284,2.6774605847894687e-08,0.001713968937820253,,0.0018258493002239241,0.6863494366328906
Optimized,pure_NH3_phi1.0,1.0000000000000002,1959.3624734012162,2.8676713127628256e-09,0.30450440482230096,0.000993852229786235,2.6607501498878526e-08,0.0016619955355357445,,0.0017549080163275787,0.6863944646583052
Optimized,pure_NH3_phi1.0,1.0625000000000002,1960.6820253971412,2.843527391156219e-09,0.3046935826363856,0.000992613726781905,2.6447796638549976e-08,0.0016148961924667387,,0.001691310178026943,0.6864355434578661
Optimized,pure_NH3_phi1.0,1.1250000000000002,1961.868544440879,2.8191743114342483e-09,0.3048648658352846,0.000991416201017139,2.6295230718375742e-08,0.0015720509318744287,,0.0016340368676047395,0.6864731770480401
Optimized,pure_NH3_phi1.0,1.1875,1962.9396259788482,2.794873057520352e-09,0.30502051977819294,0.0009902560507997146,2.6149617597028684e-08,0.0015329506128447263,,0.0015822696337423224,0.6865077860688882
Optimized,pure_NH3_phi1.0,1.25,1963.9093009117867,2.770822612978514e-09,0.30516239084740865,0.0009891304251607462,2.6010875151847795e-08,0.0014971758530190546,,0.0015353556072813554,0.6865397241295659
Optimized,pure_NH3_phi1.0,1.375,1965.5773716819995,2.7240668233755797e-09,0.30540913084257476,0.000986976356129289,2.575597700992234e-08,0.0014346683392024925,,0.0014545907647122852,0.6865964783440017
Optimized,pure_NH3_phi1.0,1.5,1966.9914760139186,2.679761593979212e-09,0.3056200023771107,0.0009849182510174147,2.5520221069000373e-08,0.0013809634736764896,,0.001386044826550957,0.6866456796306418
Optimized,pure_NH3_phi1.0,1.625,1968.2018978580707,2.6382315052562315e-09,0.305801817992554,0.000982942997162616,2.5302169970366246e-08,0.001334451473909449,,0.0013273397085710045,0.6866887047330092
Optimized,pure_NH3_phi1.0,1.7500000000000002,1969.2447130198316,2.5995466197011934e-09,0.3059595962366112,0.0009810412334690028,2.5101048588659784e-08,0.0012939381133102732,,0.0012767607855131754,0.6867266138800004
Optimized,pure_NH3_phi1.0,2.0,1970.9019717674612,2.5309526065288438e-09,0.3062136964299818,0.0009774412179333971,2.4754725312564452e-08,0.0012284539690947058,,0.0011965224726800876,0.6867895634873327
Optimized,pure_NH3_phi1.0,2.25,1972.212677228148,2.4722991962299874e-09,0.3064159602112288,0.0009740195454331075,2.4451155934678485e-08,0.001176147135204536,,0.001133160263463319,0.6868402859612788
Optimized,pure_NH3_phi1.0,2.5,1973.2682588349812,2.4225018649294748e-09,0.3065795441385054,0.000970743050712496,2.4184648177330187e-08,0.001133758719005216,,0.0010822574840205785,0.6868816588780935
Optimized,pure_NH3_phi1.0,2.75,1974.1302053227066,2.380471398246044e-09,0.30671338487656025,0.0009675901345001552,2.3950575734398394e-08,0.0010990513508850257,,0.0010408254424300442,0.6869156508310802
Optimized,pure_NH3_phi1.0,3.0,1974.8399177293793,2.3452808668027943e-09,0.3068235682088077,0.0009645526850542266,2.3745531100385245e-08,0.0010704868204985726,,0.0010068401858620473,0.6869436289108949
Optimized,pure_NH3_phi1.0,3.4999999999999996,1975.8763592866908,2.293502606801816e-09,0.30698419094035284,0.0009588733592400809,2.3424759840322374e-08,0.0010289821890405561,,0.0009576419209514987,0.686984380448675
Optimized,pure_NH3_phi1.0,4.25,1976.8368041735355,2.252894726867103e-09,0.30712708175915676,0.000951834025594432,2.3095861081612444e-08,0.000992280001206325,,0.0009124689586137475,0.6870170495910543
Optimized,pure_NH3_phi1.0,5.0,1976.8368041735355,2.252894726894948e-09,0.3071270817629527,0.0009518340256061963,2.30958610818979e-08,0.0009922800012185894,,0.0009124689586250253,0.6870170495871859
Full,pure_NH3_phi1.2,0.0,298.0,0.22698999599646844,0.027135274797176003,2.410284867402081e-05,2.660767945667889e-05,4.344023054639296e-12,,0.14617340013485935,0.5852001596741124
Full,pure_NH3_phi1.2,0.007812500000000002,324.74296648985427,0.2235021926040116,0.03179790010247108,2.8510479734367855e-05,3.3048286413980104e-05,4.852059986527821e-12,,0.14438131146242297,0.5851076337000272
Full,pure_NH3_phi1.2,0.015625000000000003,353.6543483817667,0.21978923162808325,0.036811614583642155,3.338021728837771e-05,4.046847025730838e-05,1.0021496981985565e-11,,0.1424151564107118,0.5850724158080889
Full,pure_NH3_phi1.2,0.023437500000000003,384.6055557078265,0.215865124222619,0.04214978563297601,3.871853996629613e-05,4.891839983122724e-05,2.3239425613351832e-11,,0.14027606533085124,0.5851065446450222
Full,pure_NH3_phi1.2,0.03125000000000001,417.46423982713833,0.2117421904402383,0.04778770441556592,4.453385158048865e-05,5.844520251117775e-05,5.2012015825097626e-11,,0.1379652668434981,0.5852213197678043
Full,pure_NH3_phi1.2,0.03906250000000001,452.1022602590013,0.20743090217588778,0.053703334138494534,5.0838898508396e-05,6.909378229843194e-05,1.1022352072897861e-10,,0.13548384904210115,0.585427065708433
Full,pure_NH3_phi1.2,0.04296875000000001,470.0668227479808,0.20520647324787583,0.05676051671413307,5.4185601429606845e-05,7.486155924574262e-05,1.604270576326327e-10,,0.13417836641599337,0.5855676180945295
Full,pure_NH3_phi1.2,0.04687500000000001,488.4445972749248,0.20293686290782945,0.059881961723889494,5.766816907528307e-05,8.093866457760535e-05,2.2910915634165235e-10,,0.13282905676932885,0.5857352120977756
Full,pure_NH3_phi1.2,0.05078125,507.2217438023497,0.20062298729579178,0.06306555101257982,6.129163623761917e-05,8.733054935085972e-05,3.2220706404061677e-10,,0.13143599632876454,0.5859309106305163
Full,pure_NH3_phi1.2,0.05468750000000001,526.3852990979108,0.1982656684902816,0.06630933370126674,6.506234046369808e-05,9.404251380870914e-05,4.4713244904882237e-10,,0.12999924259456425,0.586155715664954
Full,pure_NH3_phi1.2,0.05859375000000001,545.9231750603824,0.1958656425091906,0.06961151410822414,6.89881861650867e-05,0.00010107969279000089,6.130927286358879e-10,,0.12851883549617876,0.5864105722618761
Full,pure_NH3_phi1.2,0.06250000000000001,565.8241401251051,0.19342356710335268,0.07297043920632865,7.307893051418779e-05,0.0001084470384970565,8.315056184857144e-10,,0.12699479890175142,0.5866963726546427
Full,pure_NH3_phi1.2,0.06640625000000001,586.0777874568538,0.19094002915911035,0.07638458608146834,7.734649038058794e-05,0.00011614930111540006,1.1165424647664663e-09,,0.12542714237086164,0.5870139602438064
Full,pure_NH3_phi1.2,0.07031250000000001,606.6744928085369,0.18841555159932402,0.07985254968734032,8.18052691461683e-05,0.00012419100735716696,1.4858734278742583e-09,,0.12381586309243271,0.5873641333912819
Full,pure_NH3_phi1.2,0.07421875000000003,627.6053643306326,0.18585059968739892,0.08337303110872542,8.647250177734352e-05,0.00013257643673255005,1.961731415083752e-09,,0.12216094795750156,0.5877476489518709
Full,pure_NH3_phi1.2,0.07812500000000001,648.8621857640065,0.18324558668828977,0.08694482642040448,9.136861491645595e-05,0.00014130959461074378,2.5724823566884907e-09,,0.1204623757702361,0.5881652254861461
Full,pure_NH3_phi1.2,0.08203125000000001,670.437353888978,0.18060087882396827,0.09056681619479685,9.651759529637925e-05,0.00015039418071828364,3.355003698646945e-09,,0.11872011959883624,0.5886175461347026
Full,pure_NH3_phi1.2,0.08593750000000001,692.3238102079589,0.17791679949732855,0.0942379556073027,0.00010194735261615304,0.00015983355081398387,4.3583549228309664e-09,,0.11693414933066586,0.5891052611179426
Full,pure_NH3_phi1.2,0.08984375000000001,714.5149662561846,0.17519363272159968,0.0979572650782822,0.00010769005136732303,0.00016963066901181447,5.6495059940838875e-09,,0.11510443449006544,0.589628989855263
Full,pure_NH3_phi1.2,0.09375000000000001,737.0046209478018,0.17243162573070214,0.10172382128036417,0.00011378236847476901,0.0001797880476448393,7.322309546466222e-09,,0.11323094744951424,0.5901893226643434
Full,pure_NH3_phi1.2,0.09765625,759.7868677560318,0.16963099070959944,0.10553674832355132,0.00012026561194724711,0.00019030767222909982,9.511492724263158e-09,,0.11131366714449638,0.5907868220297625
Full,pure_NH3_phi1.2,0.1015625,782.8559885531603,0.1667919056537837,0.10939520878250009,0.00012718561344250793,0.00020119090987177516,1.241417835243023e-08,,0.10935258346064028,0.5914220233831025
Full,pure_NH3_phi1.2,0.10546875,806.2063305521027,0.1639145143690632,0.11329839417620506,0.00013459229582599963,0.00021243840205787242,1.632119042790787e-08,,0.10734770239161308,0.592095435366067
Full,pure_NH3_phi1.2,0.10742187500000001,817.9861655108733,0.16246155516973287,0.1152663886419185,0.00013849864604779276,0.00021819846198396406,1.8802749751846914e-08,,0.10632887836275334,0.5924466398666828
Full,pure_NH3_phi1.2,0.10937500000000001,829.83483784534,0.16099896090600044,0.11724537626428955,0.0001425484318160456,0.00022405074876231357,2.171920933582834e-08,,0.10529898618532017,0.5928076933814759
Full,pure_NH3_phi1.2,0.11132812500000001,841.7515464001186,0.15952674425446245,0.11923525174765191,0.0001467485740816874,0.00022999504316830325,2.5162624137129755e-08,,0.10425803893469561,0.593178649333278
Full,pure_NH3_phi1.2,0.11328125000000001,853.7354966110997,0.15804490839396146,0.12123591750742084,0.00015110608317469876,0.0002360311187647014,2.924411171434391e-08,,0.10320604433325742,0.5935595658635017
Full,pure_NH3_phi1.2,0.11523437500000001,865.7858224825407,0.1565534613500415,0.12324726649269327,0.0001556277763460509,0.000242158610459127,3.4098791009021234e-08,,0.1021430208114394,0.593950492309058
Full,pure_NH3_phi1.2,0.11718750000000001,877.9016490820838,0.1550524015393469,0.12526919814961596,0.00016032041155912392,0.0002483771388474997,3.989047447954838e-08,,0.10106898200677465,0.5943514827423314
Full,pure_NH3_phi1.2,0.11914062500000001,890.0820137529485,0.15354173247569122,0.1273016010007092,0.00016519037659018423,0.000254686177011712,4.681737716793357e-08,,0.09998395317752297,0.5947625819844894
Full,pure_NH3_phi1.2,0.12109375000000003,902.3259270460638,0.152021448131096,0.1293443684726266,0.00017024384531307823,0.0002610851764360159,5.511821667460928e-08,,0.09888795550577681,0.5951838394992116
Full,pure_NH3_phi1.2,0.12304687500000003,914.6322934828258,0.1504915480356102,0.13139738124651265,0.00017548645123949556,0.00026757343248289716,6.507968962503574e-08,,0.09778102283897189,0.5956152949700176
Full,pure_NH3_phi1.2,0.12500000000000003,926.9999706291877,0.14895202253330914,0.13346052284758494,0.00018092348048357254,0.00027415021066775497,7.70444088821622e-08,,0.09666318588468982,0.5960569924991992
Full,pure_NH3_phi1.2,0.12695312500000003,939.4276899088372,0.14740286832736543,0.13553366178107118,0.00018655954875649485,0.00028081461087012423,9.142049435624836e-08,,0.0955344892656841,0.5965089657705435
Full,pure_NH3_phi1.2,0.12890625000000003,951.9141135414767,0.14584407373230887,0.1376166667647062,0.00019239884733511918,0.0002875656922072855,1.086917365631279e-07,,0.09439497572112111,0.5969712524905678
Full,pure_NH3_phi1.2,0.13085937500000003,964.4577561464343,0.14427563471564894,0.13970938868942215,0.0001984448445352664,0.00029440233572686117,1.294296843410056e-07,,0.09324470345728887,0.5974438791680174
Full,pure_NH3_phi1.2,0.13281250000000003,977.0570393133838,0.14269754025245904,0.14181167537948566,0.00020470059852263614,0.00030132336562318157,1.5430676343895655e-07,,0.09208373048071117,0.5979268757367687
Full,pure_NH3_phi1.2,0.13476562500000003,989.7102148948104,0.14110978892707066,0.143923353426524,0.00021116849982676157,0.00030832740959210427,1.8411369928262808e-07,,0.09091213223784486,0.5984202599791089
Full,pure_NH3_phi1.2,0.13671875000000003,1002.4154168745001,0.13951237453509935,0.14604424232590327,0.00021785065590575645,0.00031541301335432476,2.1979414364462445e-07,,0.08972998623167673,0.5989240522541502
Full,pure_NH3_phi1.2,0.14062500000000003,1027.9741766151815,0.13628836229924443,0.15031332004331208,0.00023186158016871042,0.00032982523803247937,3.1243641162148667e-07,,0.08733418428106397,0.5999629644554328
Full,pure_NH3_phi1.2,0.14257812500000003,1040.821876091806,0.1346621385759225,0.1524604147981179,0.0002391930561452379,0.00033714335585143066,3.7268584255690096e-07,,0.08612118692457442,0.6004978432919243
Full,pure_NH3_phi1.2,0.14453125000000006,1053.7125129903616,0.13302630431578574,0.154615788147514,0.0002467453048314857,0.0003445353315058162,4.440741264609169e-07,,0.08489809950727532,0.6010431324821657
Full,pure_NH3_phi1.2,0.14648437500000006,1066.6433335083716,0.13138090329614774,0.156779139882433,0.0002545201253023466,0.0003519985987875587,5.284880467186898e-07,,0.08366508292400014,0.6015988095189071
Full,pure_NH3_phi1.2,0.14843750000000006,1079.6114031749657,0.12972598691506038,0.15895014614950273,0.0002625199470974947,0.00035953033838603045,6.280406393848782e-07,,0.082422311129725,0.6021648501215372
Full,pure_NH3_phi1.2,0.15039062500000006,1092.6135504737279,0.12806163308066953,0.16112844202768814,0.0002707476270426442,0.00036712731847882645,7.451153635611468e-07,,0.08116998930909035,0.6027412117069612
Full,pure_NH3_phi1.2,0.15234375000000006,1105.6464005125865,0.12638793378973057,0.16331363196605855,0.0002792068904916322,0.00037478594809911786,8.823893676509446e-07,,0.07990834094013718,0.6033278477269527
Full,pure_NH3_phi1.2,0.15429687500000006,1118.7063267863132,0.12470501428371207,0.1655052731636013,0.0002879020456586832,0.00038250211498444623,1.0428542888400828e-06,,0.07863762564652227,0.6039246910712947
Full,pure_NH3_phi1.2,0.15625000000000003,1131.7894783675779,0.12301302131342688,0.1677028847993494,0.0002968383346274019,0.0003902712183309344,1.2298317933971751e-06,,0.07735812707390934,0.6045316680633588
Full,pure_NH3_phi1.2,0.158203125,1144.8917412257208,0.12131214232968295,0.16990593256846376,0.0003060215191440772,0.00039808800855973886,1.4469883314876904e-06,,0.07607017012380543,0.6051486818802598
Full,pure_NH3_phi1.2,0.16015625,1158.008758259038,0.11960259448509171,0.1721138366354654,0.00031545810958575,0.00040594659971863745,1.698342097589281e-06,,0.07477410968100569,0.6057756260889182
Full,pure_NH3_phi1.2,0.162109375,1171.1359019322476,0.11788464350437877,0.17432595780317517,0.00032515479708416687,0.00041384031835756065,1.9882678490165504e-06,,0.07347034684670727,0.6064123682016905
Full,pure_NH3_phi1.2,0.16406250000000003,1184.2682867574501,0.11615859344470006,0.1765416041728013,0.0003351185533349616,0.00042176169690910675,2.3214912817377663e-06,,0.07215931852545633,0.6070587626492412
Full,pure_NH3_phi1.2,0.16601562500000003,1197.4007552391881,0.11442480480975309,0.17876001949964015,0.0003453559125702645,0.00042970234070419794,2.7030789341793876e-06,,0.07084151222843402,0.6077146346192805
Full,pure_NH3_phi1.2,0.16796875000000003,1210.5278826280119,0.11268368508062718,0.18098038857847776,0.0003558729619737585,0.0004376529040136223,3.138416309608821e-06,,0.0695174565235495,0.6083797923756089
Full,pure_NH3_phi1.2,0.16992187500000003,1223.6439782329662,0.11093570554366518,0.18320182840654248,0.0003666745082168941,0.0004456029855575325,3.633177566857917e-06,,0.06818773393606248,0.6090540115894334
Full,pure_NH3_phi1.2,0.17187500000000003,1236.7430823333225,0.10918139257432313,0.18542339234429892,0.00037776400145845857,0.00045354108890680657,4.193284878368346e-06,,0.06685297225391464,0.6097370469584387
Full,pure_NH3_phi1.2,0.17382812500000003,1249.8189846571315,0.10742134257554671,0.18764406471913686,0.0003891426471672355,0.0004614545576302826,4.824853178238237e-06,,0.06551385504695265,0.6104286172973195
Full,pure_NH3_phi1.2,0.17578125000000003,1262.8652131647345,0.10565621397331325,0.1898627638126175,0.00040080931987143974,0.00046932952173410567,5.534130713386053e-06,,0.06417111382589262,0.6111284164504933
Full,pure_NH3_phi1.2,0.17773437500000003,1275.8750709316432,0.10388673958681267,0.19207834050643935,0.000412759697480987,0.00047715088429154095,6.3274158762564834e-06,,0.06282553570987144,0.6118360994803463
Full,pure_NH3_phi1.2,0.17968750000000003,1288.8416161927346,0.10211371925625126,0.19428958012595685,0.0004249862225451485,0.00048490225600404755,7.2109827167702186e-06,,0.061477956441078146,0.6125512929177857
Full,pure_NH3_phi1.2,0.18164062500000003,1301.7577181353436,0.10033802893796792,0.19649520562610373,0.00043747734045717637,0.0004925660057455144,8.190970174910496e-06,,0.06012926478654679,0.6132735824253434
Full,pure_NH3_phi1.2,0.18359375000000003,1314.6160273481187,0.09856061387522352,0.19869387826755006,0.0004502175564015724,0.0005001231861974063,9.273301448132312e-06,,0.058780396434889706,0.6140025224499798
Full,pure_NH3_phi1.2,0.18554687500000003,1327.4090503721868,0.09678249373446215,0.2008842056776819,0.0004631868524721323,0.0005075536609887612,1.0463550057125304e-05,,0.05743233480740204,0.6147376257533739
Full,pure_NH3_phi1.2,0.18750000000000003,1340.129109733538,0.09500475625361088,0.20306474125891327,0.00047636087189180946,0.0005148360252437133,1.1766866858211823e-05,,0.056086105898862336,0.6154783725328129
Full,pure_NH3_phi1.2,0.18945312500000003,1352.7684367448176,0.09322855786416227,0.20523399723763505,0.0004897105747514036,0.0005219478211785405,1.3187831424379986e-05,,0.05474277531735943,0.6162242021652679
Full,pure_NH3_phi1.2,0.19140625000000003,1365.3191207381785,0.09145511784387624,0.2073904426164616,0.0005032025603199887,0.0005288654576593135,1.4730403674813662e-05,,0.053403444188998186,0.616974521821022
Full,pure_NH3_phi1.2,0.193359375,1377.7732195219533,0.08968571409283814,0.20953252106561737,0.0005167989997089064,0.000535564523318777,1.6397770660148845e-05,,0.05206924242539618,0.6177287006847424
Full,pure_NH3_phi1.2,0.1953125,1390.1226981293153,0.0879216779643361,0.211658647142986,0.0005304580852685715,0.0005420197079105862,1.8192339455799886e-05,,0.05074132587890452,0.6184860780284694
Full,pure_NH3_phi1.2,0.197265625,1402.3595563508159,0.08616438517922505,0.21376722861708805,0.0005441342519735838,0.0005482052167688947,2.0115588214338375e-05,,0.04942086604437547,0.6192459600423791
Full,pure_NH3_phi1.2,0.19921875,1414.4757579313155,0.08441525168006486,0.21585666062468986,0.0005577787213165121,0.0005540946938102876,2.2168112320821076e-05,,0.04810904871247344,0.6200076272600752
Full,pure_NH3_phi1.2,0.201171875,1426.4633742766634,0.08267572001112897,0.2179253517700271,0.0005713399944959891,0.0005596617334299373,2.4349484414600155e-05,,0.0468070605141662,0.620770333991232
Full,pure_NH3_phi1.2,0.203125,1438.3145051510533,0.08094725668165124,0.2199717158741929,0.0005847644396718044,0.0005648798005319823,2.6658358295078758e-05,,0.045516089355222354,0.6215333149326475
Full,pure_NH3_phi1.2,0.205078125,1450.021436890195,0.0792313346467452,0.22199420101582742,0.0005979970124594861,0.0005697228269958965,2.9092337544608406e-05,,0.04423730837833039,0.6222957870500833
Full,pure_NH3_phi1.2,0.20703125,1461.576555306514,0.07752943272093485,0.22399127858306814,0.0006109818230672387,0.0005741651195883896,3.1648133880287064e-05,,0.04297187844758803,0.6230569551689537
Full,pure_NH3_phi1.2,0.208984375,1472.9725155195454,0.07584301500964477,0.22596147431238126,0.0006236630184904811,0.0005781820192321996,3.432144037707014e-05,,0.04172093021145444,0.6238160160324902
Full,pure_NH3_phi1.2,0.2109375,1484.2021470711472,0.07417353286597399,0.2279033544585378,0.000635985263271464,0.0005817497839957667,3.710713554881557e-05,,0.040485568843795436,0.6245721626597691
Full,pure_NH3_phi1.2,0.21289062500000003,1495.2586313320412,0.07252240221489213,0.22981555787682942,0.0006478947069734184,0.0005848462826626171,3.999915637851618e-05,,0.03926685492455466,0.6253245902147073
Full,pure_NH3_phi1.2,0.21484375000000003,1506.1353983320182,0.07089100839497897,0.23169677928898483,0.0006593393203912248,0.000587450838813319,4.299073727389975e-05,,0.03806581153050218,0.6260724989439754
Full,pure_NH3_phi1.2,0.21679687500000003,1516.826306915004,0.06928068230429728,0.2335458015055081,0.0006702698728314274,0.0005895449264742704,4.607427994627453e-05,,0.03688340462407856,0.6268151014378556
Full,pure_NH3_phi1.2,0.21875000000000003,1527.3255326767703,0.06769270826476326,0.23536147593216172,0.0006806400825967888,0.0005911119626308516,4.924161680805556e-05,,0.035720552455875965,0.6275516240128705
Full,pure_NH3_phi1.2,0.22070312500000003,1537.6277460016188,0.06612829981670887,0.23714275414967126,0.0006904075393837959,0.0005921379731389374,5.248387607439299e-05,,0.03457810607047018,0.6282813149288955
Full,pure_NH3_phi1.2,0.22265625000000003,1547.7279909758192,0.06458861050604005,0.238888665983792,0.000699533649447241,0.0005926113253593093,5.579175300768732e-05,,0.03345686084283876,0.6290034441541713
Full,pure_NH3_phi1.2,0.22460937500000003,1557.6218569697903,0.06307470997414566,0.24059834983523973,0.0007079844536062184,0.0005925233367687276,5.915533297148696e-05,,0.03235753760612423,0.6297173121228242
Full,pure_NH3_phi1.2,0.22656250000000003,1567.3053493234495,0.06158759719916275,0.24227102895524702,0.000715730365198389,0.0005918679464936194,6.256417653940444e-05,,0.031280796030199086,0.6304222479124029
Full,pure_NH3_phi1.2,0.23046875000000003,1586.034494462835,0.05869577849357823,0.2455042193158955,0.000729041347864163,0.0005888494930194376,6.9482378694463e-05,,0.029196227966787853,0.6318037678468985
Full,pure_NH3_phi1.2,0.23437500000000003,1603.8922551548317,0.055920387005205255,0.24858334397312368,0.0007393181978171859,0.0005835806516908593,7.645700326396563e-05,,0.02720748595663905,0.6331428067002142
Full,pure_NH3_phi1.2,0.23828125000000003,1620.8655236679465,0.05326621310866587,0.2515058543212614,0.0007465017906906938,0.0005761192328941443,8.340259277225917e-05,,0.025317199938110477,0.6344354377863786
Full,pure_NH3_phi1.2,0.24218750000000006,1636.9492809350845,0.0507365982118209,0.2542707471718311,0.0007506063125148237,0.0005665668553131844,9.023475628194361e-05,,0.02352687349312031,0.6356784315042133
Full,pure_NH3_phi1.2,0.24609375000000006,1652.1462009993636,0.04833347446704332,0.2568784727947518,0.0007517118092821519,0.0005550642323364918,9.687313658962159e-05,,0.021836942260231907,0.6368692706886733
Full,pure_NH3_phi1.2,0.25000000000000006,1666.4660677029262,0.04605744054726637,0.259330812945925,0.0007499546472180009,0.0005417849408729966,0.00010324359005196267,,0.020246856515730695,0.6380061429239172
Full,pure_NH3_phi1.2,0.25390625000000006,1679.925051273387,0.0439078672774289,0.26163073648825325,0.0007455168294432212,0.000526928168532852,0.00010927999022116743,,0.018755181772624814,0.6390879129468218
Full,pure_NH3_phi1.2,0.25781250000000006,1692.5448919823436,0.0418830254444376,0.26378224059832334,0.0007386149728251498,0.0005107109654572207,0.0001149256177531333,,0.017359711261808165,0.6401140788693969
Full,pure_NH3_phi1.2,0.26171875000000006,1704.3520343694704,0.03998022800923233,0.2657901850053341,0.0007294895970636126,0.0004933604977709111,0.0001201340963331011,,0.016057584584540482,0.6410847161589153
Full,pure_NH3_phi1.2,0.26562500000000006,1715.3767503658962,0.038195979413299046,0.26766012587554117,0.0007183952178948878,0.0004751067304171492,0.00012486986428589573,,0.014845407464194507,0.6420004132627325
Full,pure_NH3_phi1.2,0.26953125000000006,1725.6522832838064,0.03652612553884373,0.2693981548894431,0.0007055915788484564,0.00045617587239964473,0.00012910820238599702,,0.013719368337952093,0.6428622024907172
Full,pure_NH3_phi1.2,0.27343750000000006,1735.2140380160522,0.03496599894213485,0.27101074792636676,0.0006913362140875614,0.0004367848123962375,0.00013283486441865162,,0.012675348395245556,0.6436714893556886
Full,pure_NH3_phi1.2,0.27734375000000006,1744.0988360975216,0.033510555161816426,0.27250462660117614,0.0006758784144714385,0.0004171366689807611,0.00013604537631399115,,0.011709022560416133,0.6444299830578561
Full,pure_NH3_phi1.2,0.28125000000000006,1752.3442481248494,0.032154497072032676,0.27388663480442693,0.0006594545742610649,0.0003974174871186773,0.00013874408090340612,,0.010815949749710237,0.6451396302502194
Full,pure_NH3_phi1.2,0.28515625000000006,1759.9880104771394,0.030892385356928738,0.27516363139826316,0.0006422848264205737,0.00037779403687608236,0.00014094300891625715,,0.009991651490674418,0.6458025536670375
Full,pure_NH3_phi1.2,0.2890625000000001,1767.0675286365702,0.029718734149040162,0.2763423993780668,0.0006245708288495644,0.00035841261437164417,0.00014266065368661847,,0.009231678630577755,0.6464209966821683
Full,pure_NH3_phi1.2,0.2929687500000001,1773.6194656215412,0.028628091685541278,0.27742957112099126,0.0006064945385074766,0.0003393987088209332,0.00014392071886311315,,0.008531666381062824,0.646997274402388
Full,pure_NH3_phi1.2,0.2968750000000001,1779.6794112048879,0.0276151064653035,0.27843156882559844,0.0005882178015930857,0.0003208573811941048,0.00014475089694841059,,0.007887378336094555,0.6475337315153513
Full,pure_NH3_phi1.2,0.3007812500000001,1785.2816255622315,0.026674579849897205,0.2793545588816404,0.0005698825915066429,0.0003028741963162305,0.00014518172354607058,,0.007294740375185943,0.6480327068013596
Full,pure_NH3_phi1.2,0.3046875000000001,1790.4588497367351,0.025801506345076344,0.2802044186856796,0.00055161173869633,0.0002855165574195573,0.0001452455395363035,,0.006749865530738868,0.648496503988928
Full,pure_NH3_phi1.2,0.3085937500000001,1795.2421746523362,0.024991102941141596,0.2809867143059018,0.0005335100148943428,0.00026883530624113335,0.0001449755835871163,,0.006249070978350653,0.6489273684798719
Full,pure_NH3_phi1.2,0.31250000000000006,1799.660960244396,0.024238828860450833,0.28170668736118654,0.0005156654584990612,0.0002528664685366359,0.00014440523068307725,,0.005788888314819171,0.6493274694035557
Full,pure_NH3_phi1.2,0.3203125,1807.4897539701922,0.0228954499399004,0.28297479405654835,0.00048095908018422703,0.0002231269341845442,0.00014246221673948415,,0.004980351498329046,0.6500418137884064
Full,pure_NH3_phi1.2,0.32812500000000006,1814.1831887683936,0.021734339263812404,0.28405046541854234,0.00044796086166695845,0.0001963353679429493,0.00013969411426642363,,0.0042963228262117075,0.6506585611276475
Full,pure_NH3_phi1.2,0.33593750000000006,1819.9125845721558,0.020728591769225795,0.28496382991092645,0.0004169092229930551,0.00017241728346872106,0.00013631411206597747,,0.0037169674339612114,0.6511913182237049
Full,pure_NH3_phi1.2,0.34375000000000006,1824.8247328004413,0.01985504430950284,0.28574054585298586,0.0003879171430727677,0.00015121600043088568,0.00013250556763956962,,0.0032254340925989954,0.651652020591929
Full,pure_NH3_phi1.2,0.35156250000000006,1829.0444967638246,0.01909391622892587,0.28640230093098945,0.00036100675280824167,0.00013252666447983064,0.0001284209009676914,,0.002807519766713994,0.652051023239831
Full,pure_NH3_phi1.2,0.35937500000000006,1832.6775355279833,0.01842841056683461,0.2869673285344374,0.00033613714182283556,0.0001161213445839107,0.00012418324771620385,,0.0024513210929105645,0.6523972378949683
Full,pure_NH3_phi1.2,0.36718750000000006,1835.8129423161895,0.017844317470619712,0.2874509025085636,0.0003132258689020161,0.00010176660106437868,0.00011988955817776595,,0.002146900171459103,0.652698290094697
Full,pure_NH3_phi1.2,0.37500000000000006,1838.5256784064807,0.017329643005565564,0.28786578922035305,0.00029216507752210407,8.92350967506333e-05,0.00011561429182794112,,0.0018859795467303434,0.6529606790042606
Full,pure_NH3_phi1.2,0.38281250000000006,1840.8787461780514,0.016874274804957783,0.2882226476470515,0.0002728332217673685,7.831273054639251e-05,0.00011141316745978605,,0.001661672852757749,0.6531899297042988
Full,pure_NH3_phi1.2,0.390625,1842.9250855425464,0.016469688571380318,0.28853037565863027,0.0002551033524638375,6.880254926792538e-05,0.00010732665809708836,,0.0014682523393302412,0.6533907324651707
Full,pure_NH3_phi1.2,0.3984375,1844.709202312328,0.016108695004130136,0.2887964050080282,0.00023884878582554412,6.052643510697403e-05,0.0001033830782614389,,0.0013009514636456955,0.653567066667553
Full,pure_NH3_phi1.2,0.40625,1846.26855018421,0.015785224308050773,0.2890269497816584,0.00022394682851374287,5.332532341836962e-05,9.960121265617389e-05,,0.0011557991936445326,0.6537223089784744
Full,pure_NH3_phi1.2,0.4140625,1847.634693870147,0.015494144314164881,0.28922721396122025,0.00021028109089421318,4.705850043789841e-05,9.599249524178306e-05,,0.001029482071260158,0.65385932651787
Full,pure_NH3_phi1.2,0.421875,1848.8342823043602,0.015231107913242146,0.2894015638440397,0.00019774279681180856,4.16023681198347e-05,9.256277947093559e-05,,0.0009192300426636527,0.6539805563340867
Full,pure_NH3_phi1.2,0.42968750000000006,1849.8898597462528,0.014992425688080173,0.2895536707197892,0.00018623139812655294,3.684894068172352e-05,8.931375566969692e-05,,0.0008227223236861855,0.654088072751084
Full,pure_NH3_phi1.2,0.43750000000000006,1850.8205403567183,0.014774960562112742,0.2896866285896292,0.00017565473076274868,3.270424957063733e-05,8.624411822559049e-05,,0.0007380099728020029,0.6541836441838375
Full,pure_NH3_phi1.2,0.45312500000000006,1852.3560881301619,0.014395649737583765,0.28990295990279213,0.0001570521496649389,2.599562410982927e-05,8.063714851098807e-05,,0.0005990324437374693,0.6543435010572642
Full,pure_NH3_phi1.2,0.46875000000000006,1853.5662191392587,0.014072405131981628,0.2900703299537126,0.00014119801583941733,2.0834539720160607e-05,7.567253841829927e-05,,0.0004897912070644326,0.6544722397929863
Full,pure_NH3_phi1.2,0.4843750000000001,1854.5249176354228,0.013792912387148425,0.29020037185891356,0.00012762400569923867,1.6844125908534416e-05,7.129022167787146e-05,,0.0004030956408912834,0.6545767945217386
Full,pure_NH3_phi1.2,0.5000000000000001,1855.287276889933,0.013547951824397301,0.2903016577689105,0.00011594908494808235,1.3741312723250318e-05,6.742986746279576e-05,,0.0003336799324534973,0.6546623616802155
Full,pure_NH3_phi1.2,0.5156250000000001,1855.8947762461023,0.013330547019813689,0.2903805741277679,0.00010586371033173068,1.1313390083167477e-05,6.40341143843417e-05,,0.0002776445329179094,0.6547328728283336
Full,pure_NH3_phi1.2,0.5312500000000001,1856.3789780557713,0.013135366416060862,0.290441930255041,9.711632844767689e-05,9.399929388983222e-06,6.105026571620545e-05,,0.00023207007137399658,0.6547913302930907
Full,pure_NH3_phi1.2,0.5625000000000001,1857.0503549208272,0.012799354644676986,0.2905229484409533,8.302026993611656e-05,6.750126035023739e-06,5.618089008726251e-05,,0.0001656685519018439,0.654879038208139
Full,pure_NH3_phi1.2,0.5937500000000002,1857.4683448587446,0.012511266326482112,0.29056911518892947,7.208625747841099e-05,5.017641952368651e-06,5.240725435503435e-05,,0.00011967839793911143,0.6549420996366014
Full,pure_NH3_phi1.2,0.6250000000000001,1857.7137584905806,0.012257257557622513,0.2905920874346028,6.350507385567456e-05,3.85878637577156e-06,4.9476057308254224e-05,,8.724438532184422e-05,0.6549881505163324
Full,pure_NH3_phi1.2,0.6562500000000001,1857.839337556507,0.012028256757935042,0.29059932337413574,5.670691794775605e-05,3.064744939328493e-06,4.71945542085823e-05,,6.402249174650664e-05,0.6550221672876592
Full,pure_NH3_phi1.2,0.6875000000000001,1857.8805548098578,0.01181814621339163,0.2905957399567705,5.128261222403116e-05,2.5062002071523412e-06,4.541533910170721e-05,,4.717421212180533e-05,0.6550474828018074
Full,pure_NH3_phi1.2,0.7500000000000001,1857.783437026578,0.011441921998248472,0.290566120309309,4.365795623960925e-05,1.8448553400326418e-06,4.3027137696858635e-05,,2.6863432483236533e-05,0.6550788814181558
Full,pure_NH3_phi1.2,0.8125,1857.5683169215267,0.011101901271992592,0.2905223279661118,3.8572872852404655e-05,1.46526089143669e-06,4.1542368729652974e-05,,1.5398522042906673e-05,0.6550971726735836
Full,pure_NH3_phi1.2,0.8750000000000001,1857.2924247682442,0.010787865713423286,0.2904716259299359,3.5146798171681925e-05,1.2339378040524306e-06,4.060485568397198e-05,,8.775302468453024e-06,0.6551075511752842
Full,pure_NH3_phi1.2,1.0000000000000002,1856.65709237906,0.010219854653138542,0.29036168558524433,3.1576542600639906e-05,1.0055530146634589e-06,3.972223204996601e-05,,3.34388943416448e-06,0.6551133369870433
Full,pure_NH3_phi1.2,1.1250000000000002,1856.0131727045907,0.00970330042240365,0.2902530835082811,2.987950973164676e-05,8.892927095405549e-07,3.9341779874528185e-05,,1.3186999478711286e-06,0.6551128799102716
Full,pure_NH3_phi1.2,1.25,1855.393204237203,0.00922824443766914,0.29014954236904344,2.909832775036861e-05,8.213798822091622e-07,3.917433296485618e-05,,5.635610247857175e-07,0.6551097349770917
Full,pure_NH3_phi1.2,1.375,1854.8081222861367,0.008789084063372133,0.290052165621111,2.8766835776825533e-05,7.756903910155072e-07,3.910168719137991e-05,,2.8217701113260614e-07,0.6551053462529577
Full,pure_NH3_phi1.2,1.5,1854.261042546052,0.008382426854965737,0.28996108479511173,2.8654961634332745e-05,7.409032518581059e-07,3.907353444249899e-05,,1.7528129711521603e-07,0.6551001075744989
Full,pure_NH3_phi1.2,1.7500000000000002,1853.283835627495,0.007661010947734282,0.28979720806611664,2.8732351832052708e-05,6.879946254709035e-07,3.908147281858597e-05,,1.2769882088681077e-07,0.655085877549676
Full,pure_NH3_phi1.2,2.0,1852.4248718377512,0.0070293743000258615,0.28965427656353593,2.8914312562001663e-05,6.43904162671361e-07,3.9126307972313624e-05,,1.1719932793090145e-07,0.6550749512927782
Full,pure_NH3_phi1.2,2.5,1851.0370633079704,0.0060126628502864985,0.2894251786333331,2.9351149174342344e-05,5.732654825608237e-07,3.927357016735289e-05,,1.1345999004846387e-07,0.6550587116733472
Full,pure_NH3_phi1.2,3.4999999999999996,1849.1904235001696,0.004669320008412964,0.2891501879190616,3.0167768656051777e-05,4.767056204216955e-07,3.965543770809915e-05,,1.1208526423662706e-07,0.6551036884879575
Full,pure_NH3_phi1.2,5.0,1849.1904235001696,0.0046693200089424226,0.28915018795184866,3.0167768659472533e-05,4.7670562047574964e-07,3.965543771259572e-05,,1.1208526424933653e-07,0.6551036884488494
Reduced,pure_NH3_phi1.2,0.0,298.0,0.23237472998128694,0.021657598296760578,5.7306196930800675e-06,7.359884889320409e-05,8.18658733633853e-13,,0.14873701728977165,0.5867016852512726
Reduced,pure_NH3_phi1.2,0.007812500000000002,319.0503895685296,0.2296085291400429,0.025422792240472603,6.7868753085225244e-06,9.157080029030177e-05,9.151429368896229e-13,,0.1473303628856816,0.586579136804372
Reduced,pure_NH3_phi1.2,0.015625000000000003,342.1511042200338,0.22661457521496003,0.029545689488830632,7.97553302880412e-06,0.0001126119171432346,1.6067470522729713e-12,,0.1457621802286007,0.5864861146055033
Reduced,pure_NH3_phi1.2,0.023437500000000003,367.2811933547852,0.22340082331374006,0.034012849763002034,9.303343352570246e-06,0.00013695956563318252,3.236835662010784e-12,,0.14402946829304633,0.5864321477711876
Reduced,pure_NH3_phi1.2,0.03125000000000001,394.39885624561765,0.21997610282101615,0.038808208636239204,1.0778759503760315e-05,0.00016483641715982314,6.644732685015341e-12,,0.14213031070046458,0.5864271496113251
Reduced,pure_NH3_phi1.2,0.03906250000000001,423.4454207918309,0.21634944005720422,0.043914462411134024,1.2412736410799132e-05,0.00019645199071851912,1.3437527949719733e-11,,0.14006357571326114,0.5864810354252848
Reduced,pure_NH3_phi1.2,0.04687500000000001,454.34978865211013,0.21252955084911435,0.04931417496928861,1.4219726542605469e-05,0.00023200482351773126,2.665612317274872e-11,,0.13782864788079366,0.5866034228653434
Reduced,pure_NH3_phi1.2,0.05468750000000001,487.03293107468943,0.2085245021053826,0.05499057144236398,1.621873473825898e-05,0.0002716848301914575,5.2114259414288555e-11,,0.13542520983283704,0.5868034279146661
Reduced,pure_NH3_phi1.2,0.05859375000000001,504.0307610752111,0.20645393926077293,0.057928917139711336,1.73005325610238e-05,0.00029316389725971595,7.330790081173807e-11,,0.13415921266167416,0.586935753208281
Reduced,pure_NH3_phi1.2,0.06250000000000001,521.4540270645359,0.2043385862006622,0.060932405806763415,1.8442058649047503e-05,0.00031578857877976766,1.0293877923512186e-10,,0.13284964862120993,0.5870913749198027
Reduced,pure_NH3_phi1.2,0.06640625000000001,539.2916997734363,0.2021792652100443,0.06399918674121115,1.9647597097920546e-05,0.0003395827471900149,1.4452542234206893e-10,,0.13149650660191037,0.5872713034892497
Reduced,pure_NH3_phi1.2,0.07031250000000001,557.5329362100689,0.19997673595961077,0.06712751165769738,2.092184749070836e-05,0.0003645700430699508,2.031147764759012e-10,,0.13009977316927177,0.5874765042459604
Reduced,pure_NH3_phi1.2,0.07421875000000003,576.1671551576187,0.19773169681656338,0.07031573411371547,2.2269906091680144e-05,0.0003907739220704078,2.859994201989637e-10,,0.1286594312059952,0.5877078985480675
Reduced,pure_NH3_phi1.2,0.07812500000000001,595.1840975056514,0.19544478677616062,0.07356230717406692,2.3697230670662486e-05,0.00041821769502768793,4.0376457050632387e-10,,0.12717545916387707,0.587966365297711
Reduced,pure_NH3_phi1.2,0.08203125000000001,614.5738712793384,0.19311658778940244,0.07686577969868685,2.520959061257633e-05,0.0004469245617433176,5.718401186921344e-10,,0.12564783087361966,0.5882527426973192
Reduced,pure_NH3_phi1.2,0.08593750000000001,634.3269812201403,0.1907476272849175,0.08022479157117571,2.6813006942007565e-05,0.0004769176390343848,8.128067537856948e-10,,0.12407651587740302,0.5885678301314177
Reduced,pure_NH3_phi1.2,0.08984375000000001,654.434342647301,0.18833838070311107,0.08363806811577087,2.851369059902903e-05,0.0005082199837381963,1.1598217512477502e-09,,0.12246148026835846,0.5889123900759259
Reduced,pure_NH3_phi1.2,0.09375000000000001,674.8872791186755,0.1858892738788722,0.08710441387931045,3.0317991442875444e-05,0.0005408546113883369,1.661691958025999e-09,,0.12080268803998002,0.5892871499523982
Reduced,pure_NH3_phi1.2,0.09765625,695.6775031579493,0.1834006851282439,0.09062270588141356,3.2232374552646696e-05,0.0005748445112538532,2.390338890768046e-09,,0.1191001029627736,0.5896928038583207
Reduced,pure_NH3_phi1.2,0.1015625,716.7970790905667,0.18087294691893424,0.0941918863593898,3.426344378804044e-05,0.0006102126583153339,3.4516835862857964e-09,,0.1173536910099884,0.5901300141169576
Reduced,pure_NH3_phi1.2,0.10546875,738.2383669134869,0.1783063470404551,0.09781095495298879,3.641803448244929e-05,0.0006469820224754972,5.001310094633725e-09,,0.11556342334502996,0.5905994126019093
Reduced,pure_NH3_phi1.2,0.10937500000000001,759.9939461907279,0.17570112924250306,0.10147896018828573,3.870339669180898e-05,0.0006851755747579678,7.265699747636751e-09,,0.11372927985932588,0.5911016018029391
Reduced,pure_NH3_phi1.2,0.11132812500000001,770.9884326267279,0.17438413498398575,0.10333095341252248,3.989824487695957e-05,0.0007048152169991434,8.778589717859748e-09,,0.11279575298216482,0.5913652066428297
Reduced,pure_NH3_phi1.2,0.11328125000000001,782.0595667920854,0.17305746099490596,0.10519495980228537,4.1129335527632464e-05,0.0007248250253333927,1.060764973880228e-08,,0.11185112153121793,0.5916373276183207
Reduced,pure_NH3_phi1.2,0.11523437500000001,793.2064088457786,0.1717211266879965,0.10707086634759296,4.2397906441903566e-05,0.0007452079440654883,1.2819484960213795e-08,,0.11089538803906626,0.5919180333786441
Reduced,pure_NH3_phi1.2,0.11718750000000001,804.4280103464578,0.17037514864042985,0.10895856113440203,4.370530336633254e-05,0.0007659669152432528,1.5492969073304212e-08,,0.10992855652185461,0.5922073907637468
Reduced,pure_NH3_phi1.2,0.11914062500000001,815.7234091678285,0.16901954060410257,0.1108579328954313,4.505299869333887e-05,0.00078710487716343,1.872223178300766e-08,,0.10895063269422556,0.5925054647965501
Reduced,pure_NH3_phi1.2,0.12109375000000003,827.0916241268174,0.16765431352924276,0.11276887052235927,4.644261099635828e-05,0.0008086247621766934,2.261948016051343e-08,,0.10796162419755609,0.5928123186688744
Reduced,pure_NH3_phi1.2,0.12304687500000003,838.5316493263282,0.16627947560814768,0.1146912625338506,4.78759247861261e-05,0.0008305294935246926,2.7318198788750417e-08,,0.10696154084759908,0.5931280137200784
Reduced,pure_NH3_phi1.2,0.12500000000000003,850.0424482228624,0.16489503234633024,0.11662499649410521,4.935490972586488e-05,0.0008528219808580383,3.2976903780749175e-08,,0.10595039490778674,0.5934526094074402
Reduced,pure_NH3_phi1.2,0.12695312500000003,861.6229474332717,0.16350098666961188,0.11856995837595624,5.0881738383780906e-05,0.0008755051139726943,3.9783998316247646e-08,,0.10492820139514916,0.593786163267143
Reduced,pure_NH3_phi1.2,0.12890625000000003,873.2720302912481,0.16209733908005444,0.12052603185834804,5.2458801434763705e-05,0.0008985817541556489,4.7967620314539075e-08,,0.10389497842683533,0.5941287308643985
Reduced,pure_NH3_phi1.2,0.13281250000000003,896.7699709744196,0.15926113300671238,0.12447128416741345,5.577110626175286e-05,0.0009459251044735486,6.938083175431544e-08,,0.10179545279963188,0.5948410910667535
Reduced,pure_NH3_phi1.2,0.13671875000000003,920.5251108533967,0.15638682392876785,0.12845912017718455,5.9315497969288035e-05,0.000994853969428108,9.998895836816884e-08,,0.09965259834713647,0.5955897056567121
Reduced,pure_NH3_phi1.2,0.14062500000000003,944.526525350819,0.15347434989992143,0.13248846647550447,6.311831743426629e-05,0.001045388250215565,1.4343391260262547e-07,,0.09746670747354995,0.5963749340299052
Reduced,pure_NH3_phi1.2,0.14453125000000006,968.7619357769681,0.15052364776566043,0.13655812102527087,6.720852855992083e-05,0.0010975452014178103,2.0465753634656656e-07,,0.09523817293720352,0.59719709549655
Reduced,pure_NH3_phi1.2,0.14843750000000006,993.2174639527946,0.1475346775992109,0.14066671051005575,7.161610571388783e-05,0.001151337637255807,2.9026865338501973e-07,,0.09296751553098481,0.5980564636649044
Reduced,pure_NH3_phi1.2,0.15234375000000006,1017.8773761278096,0.14450745530839945,0.14481264041446903,7.636946877776414e-05,0.0012067711756459584,4.0897480668435705e-07,,0.09065541876181782,0.5989532589800093
Reduced,pure_NH3_phi1.2,0.15625000000000003,1042.7238599989798,0.14144209416395637,0.14899403767406028,8.149192107373188e-05,0.0012638401672009408,5.719854884662941e-07,,0.08830277090087026,0.5998876390078478
Reduced,pure_NH3_phi1.2,0.158203125,1055.2102187799778,0.13989530121162586,0.1510970726769021,8.419697540658953e-05,0.001292977503011888,6.74843265556629e-07,,0.08711174313745741,0.600368920341497
Reduced,pure_NH3_phi1.2,0.16015625,1067.7358411650237,0.13833901250763403,0.15320817260658487,8.69992117321917e-05,0.0013225176680003831,7.944654062121745e-07,,0.08591093661799452,0.6008597190656991
Reduced,pure_NH3_phi1.2,0.162109375,1080.2978268859408,0.13677329638306363,0.15532699008292455,8.989812340055095e-05,0.0013524534506961226,9.332836808657907e-07,,0.0847005462476934,0.6013600310853803
Reduced,pure_NH3_phi1.2,0.16406250000000003,1092.8931177595512,0.13519823880592202,0.15745314691078277,9.289197835592747e-05,0.0013827753228853354,1.0939442291896518e-06,,0.08348079043025479,0.6018698452686209
Reduced,pure_NH3_phi1.2,0.16601562500000003,1105.5184916138096,0.1336139458818074,0.15958623161822874,9.59776728218117e-05,0.0014134710064255833,1.2793574662109752e-06,,0.08225191311837222,0.6023891427147928
Reduced,pure_NH3_phi1.2,0.16796875000000003,1118.170556811765,0.13202054643438618,0.16172579705275023,9.91506002769763e-05,0.001444524991482923,1.4927138248103036e-06,,0.0810141858744762,0.6029178959548905
Reduced,pure_NH3_phi1.2,0.16992187500000003,1130.8457474342904,0.13041819467932778,0.16387135803863015,0.00010240454219483436,0.0014759180061311846,1.737492260270103e-06,,0.07976790991667275,0.6034560680803415
Reduced,pure_NH3_phi1.2,0.17187500000000003,1143.540319227364,0.12880707297740313,0.16602238912935943,0.00010573158703248649,0.0015076264397089667,2.017464772357347e-06,,0.07851341812023055,0.6040036117991501
Reduced,pure_NH3_phi1.2,0.17382812500000003,1156.2503464215758,0.1271873946457523,0.1681783224952224,0.00010912208372073674,0.0015396217250877788,2.3366968349290255e-06,,0.07725107694097816,0.6045604684198276
Reduced,pure_NH3_phi1.2,0.17578125000000003,1168.971719523213,0.12555940680223482,0.17033854598848758,0.00011256463538807366,0.0015718696881006258,2.6995431447768838e-06,,0.07598128822368494,0.6051265667653076
Reduced,pure_NH3_phi1.2,0.17773437500000003,1181.7001441624516,0.12392339321365581,0.17250240142972856,0.00011604613822267634,0.0016043298757903188,3.1106380542070615e-06,,0.07470449085594094,0.6057018220210367
Reduced,pure_NH3_phi1.2,0.17968750000000003,1194.4311410659438,0.12227967711413823,0.17466918315898858,0.00011955186922402363,0.001636954878782213,3.574880089939241e-06,,0.07342116222629679,0.606286134523768
Reduced,pure_NH3_phi1.2,0.18164062500000003,1207.1600471992865,0.12062862395494081,0.1768381368947542,0.00012306562512456838,0.0016696896668351479,4.09741003864052e-06,,0.07213181944455194,0.6068793885001718
Reduced,pure_NH3_phi1.2,0.18359375000000003,1219.882018100758,0.11897064404168423,0.17900845894199224,0.00012656991299764007,0.0017024709602942942,4.683582193541671e-06,,0.07083702028220287,0.6074814507672711
Reduced,pure_NH3_phi1.2,0.18554687500000003,1232.5920314030755,0.117306195009395,0.1811792957878025,0.0001300461910584791,0.0017352266635313404,5.3389285088097105e-06,,0.06953736379227654,0.608092169409707
Reduced,pure_NH3_phi1.2,0.18750000000000003,1245.2848915167265,0.11563578408028015,0.18334974411958552,0.00013347515598340897,0.001767875389245035,6.0691155991918966e-06,,0.06823349057018635,0.6087113724519736
Reduced,pure_NH3_phi1.2,0.18945312500000003,1257.9552354289626,0.11395997004406182,0.18551885129604728,0.00013683707081370395,0.001800326104419484,6.879894749654022e-06,,0.06692608262091956,0.6093388665467548
Reduced,pure_NH3_phi1.2,0.19140625000000003,1270.597539558992,0.11227936489652428,0.18768561629594316,0.00014011212529315762,0.0018324779295072551,7.77704535735535e-06,,0.06561586280284229,0.6099744357033015
Reduced,pure_NH3_phi1.2,0.193359375,1283.206127604136,0.11059463506919505,0.18984899116327156,0.00014328081844543666,0.0018642201217491771,8.76631250606981e-06,,0.06430359382467142,0.6106178400821433
Reduced,pure_NH3_phi1.2,0.1953125,1295.7751793149923,0.10890650218242484,0.19200788296075155,0.00014632435147124174,0.00189543227124348,9.853339656233398e-06,,0.06299007677964344,0.6112688148841975
Reduced,pure_NH3_phi1.2,0.197265625,1308.2987401503756,0.10721574325612628,0.19416115623595354,0.00014922501777640113,0.0019259847342940931,1.104359770312306e-05,,0.06167614920946105,0.6119270693633323
Reduced,pure_NH3_phi1.2,0.19921875,1320.7707317842167,0.10552319031761673,0.19630763599650278,0.00015196657625626302,0.001955739322670186,1.2342311889078776e-05,,0.06036268270001264,0.6125922859915393
Reduced,pure_NH3_phi1.2,0.201171875,1333.1849634648293,0.10382972935471906,0.1984461111824503,0.00015453459395746205,0.001984550259794291,1.3754388229775409e-05,,0.05905058002084096,0.6132641198049746
Reduced,pure_NH3_phi1.2,0.203125,1345.5351442588942,0.10213629857464929,0.200575338615353,0.000156916744973314,0.0020122654057848147,1.52843412073359e-05,,0.0577407718305429,0.6139421979572024
Reduced,pure_NH3_phi1.2,0.205078125,1357.8148962442374,0.10044388594507922,0.2026940473950075,0.00015910305391095058,0.002038727743091521,1.6936224476947452e-05,,0.05643421298031922,0.6146261195030934
Reduced,pure_NH3_phi1.2,0.20703125,1370.0177687424793,0.09875352601261789,0.2048009437063481,0.00016108607444674164,0.002063777103685867,1.8713566218713428e-05,,0.0551318784573405,0.6153154554330897
Reduced,pure_NH3_phi1.2,0.208984375,1382.1372537005263,0.09706629601500953,0.2068947159910219,0.00016286099625266107,0.0020872521080025535,2.0619310546746145e-05,,0.05383475901805406,0.6160097489731066
Reduced,pure_NH3_phi1.2,0.2109375,1394.1668023348034,0.09538331132557745,0.20897404043086779,0.0001644256767658669,0.0021089922757252196,2.265576610852638e-05,,0.05254385656867003,0.6167085161604551
Reduced,pure_NH3_phi1.2,0.21289062500000003,1406.099843141466,0.09370572029085128,0.21103758668409087,0.00016578059767414092,0.0021288402597174987,2.482456291371875e-05,,0.0512601793555741,0.6174112467010486
Reduced,pure_NH3_phi1.2,0.21484375000000003,1417.929801347113,0.09203469854483524,0.21308402380841562,0.00016692874934360542,0.0021466441475163018,2.7126619833113164e-05,,0.04998473703221346,0.6181174051079533
Reduced,pure_NH3_phi1.2,0.21679687500000003,1429.650119819024,0.09037144291135589,0.2151120262918947,0.00016787544940745775,0.002162259770323276,2.9562135072950105e-05,,0.048718535671187765,0.6188264321157846
Reduced,pure_NH3_phi1.2,0.21875000000000003,1441.2542813181585,0.08871716507298082,0.2171202800517772,0.0001686281039276119,0.0021755529577112106,3.213066657936534e-05,,0.04746257279114124,0.6195377463568137
Reduced,pure_NH3_phi1.2,0.22265625000000003,1464.0975851922728,0.08543861618003781,0.2210744470382797,0.00016958070044855944,0.002194832214214174,3.766467975674479e-05,,0.04498377505074226,0.6209657077578399
Reduced,pure_NH3_phi1.2,0.22656250000000003,1486.403374432674,0.08221034160918425,0.22493484796547056,0.00016988868564021654,0.002203631151108986,4.370568341185772e-05,,0.042557153114782705,0.6223954085052552
Reduced,pure_NH3_phi1.2,0.23046875000000003,1508.123581010987,0.0790418332800637,0.22869201875752548,0.00016965361920482042,0.002201432447794028,5.0221872473994255e-05,,0.04018986119941652,0.6238216615368378
Reduced,pure_NH3_phi1.2,0.23437500000000003,1529.2132000037552,0.07594217989893984,0.23233722264459866,0.0001689795520829494,0.0021880253029776435,5.7169703765675816e-05,,0.03788849469969063,0.6252391626018603
Reduced,pure_NH3_phi1.2,0.23828125000000003,1549.6310998104211,0.07291988383705922,0.23586259711197302,0.00016796450496067513,0.0021635160793648787,6.449453389717961e-05,,0.03565898455034312,0.6266425880550388
Reduced,pure_NH3_phi1.2,0.24218750000000006,1569.340758279066,0.06998270471613915,0.23926127596351068,0.00016669422026287616,0.0021283180508546015,7.213156925526038e-05,,0.033506514064863456,0.6280266967928124
Reduced,pure_NH3_phi1.2,0.24609375000000006,1588.3108861885655,0.0671375326706308,0.24252748394698298,0.00016523850364447967,0.002083122653654342,8.000714571091353e-05,,0.0314354590000235,0.6293864321972602
Reduced,pure_NH3_phi1.2,0.25000000000000006,1606.5159102427892,0.06439029228820976,0.24565660251157945,0.00016364999015349016,0.0020288562359665656,8.80403705313524e-05,,0.02944935061442145,0.6307170197565356
Reduced,pure_NH3_phi1.2,0.25390625000000006,1623.9362990480224,0.06174587706225059,0.24864520622238998,0.00016196486819285093,0.0019666271329343084,9.614512179014113e-05,,0.02755086079515559,0.6320140560880696
Reduced,pure_NH3_phi1.2,0.25781250000000006,1640.5587257464244,0.05920811352192803,0.25149107023033673,0.00016020496394888298,0.0018976680392634548,0.00010423235109019793,,0.025741807801640527,0.6332735854829126
Reduced,pure_NH3_phi1.2,0.26171875000000006,1656.3760695503765,0.05677975370984829,0.2541931500554627,0.0001583805924765796,0.0018232782605017072,0.0001122125890611889,,0.02402318074655228,0.6344921608238177
Reduced,pure_NH3_phi1.2,0.26562500000000006,1671.387265476922,0.054462494141373434,0.2567515357973913,0.00015649366942547686,0.00174476966912211,0.00011999851993207168,,0.0223951805625499,0.6356668867374581
Reduced,pure_NH3_phi1.2,0.26953125000000006,1685.597017350697,0.05225701874419806,0.2591673836999997,0.00015454070353650468,0.0016634192384360114,0.00012750747619938788,,0.020857274888161425,0.6367954440022722
Reduced,pure_NH3_phi1.2,0.27343750000000006,1699.015393712291,0.05016306259861565,0.26144282870104263,0.00015251542077541157,0.0015804300155747625,0.0001346637075613113,,0.01940826406732463,0.6378760954099582
Reduced,pure_NH3_phi1.2,0.27734375000000006,1711.6573295608748,0.04817949268974628,0.2635808821222165,0.00015041088616433206,0.0014969014325972702,0.000141400297707257,,0.018046355320243124,0.6389076743449121
Reduced,pure_NH3_phi1.2,0.28125000000000006,1723.5420587513058,0.04630440145175221,0.26558531894882603,0.00014822108003499984,0.0014138090186910086,0.00014766063434518546,,0.016769242127447955,0.639889558207292
Reduced,pure_NH3_phi1.2,0.28515625000000006,1734.6925022984226,0.04453520870249886,0.2674605591871081,0.00014594194995597715,0.0013319929130336673,0.0001533993770502974,,0.015574185980216607,0.640821629406309
Reduced,pure_NH3_phi1.2,0.2890625000000001,1745.134636881555,0.04286876765765385,0.26921154757871335,0.00014357200046594866,0.0012521541069520402,0.0001585829087802543,,0.014458097880410036,0.6417042269739212
Reduced,pure_NH3_phi1.2,0.2929687500000001,1754.896865685028,0.04130147105339616,0.2708436355303057,0.00014111250423834738,0.001174857062690214,0.00016318929524114953,,0.01341761730070111,0.6425380919114618
Reduced,pure_NH3_phi1.2,0.2968750000000001,1764.0094106449515,0.03982935394243242,0.27236246853491547,0.00013856742509483314,0.0011005372441206939,0.00016720780777643727,,0.01244918671317266,0.6433243092232719
Reduced,pure_NH3_phi1.2,0.3007812500000001,1772.5037415351335,0.03844819038851694,0.2737738816829864,0.00013594313978770506,0.0010295121204178179,0.00017063808765918113,,0.011549120227861158,0.6440642492668052
Reduced,pure_NH3_phi1.2,0.3046875000000001,1780.4120534518108,0.03715358199771347,0.275083805147189,0.00013324803550925714,0.0009619943299782825,0.00017348904177783453,,0.010713665321272828,0.6447595106175312
Reduced,pure_NH3_phi1.2,0.3085937500000001,1787.7668004466211,0.035941036926081985,0.2762981808309519,0.00013049204679887888,0.0008981058815400928,0.00017577756231454753,,0.00993905705066185,0.6454118661657
Reduced,pure_NH3_phi1.2,0.31250000000000006,1794.600289546164,0.034806038643148886,0.2774228907390917,0.0001276861814016158,0.0008378924892395736,0.00017752715774485905,,0.00922156452174274,0.6460232136786123
Reduced,pure_NH3_phi1.2,0.31640625,1800.9443363471883,0.033744104273134776,0.27846369708891766,0.0001248420717317137,0.0007813373612520315,0.0001787665715649712,,0.00855752969152348,0.6465955316129358
Reduced,pure_NH3_phi1.2,0.3203125,1806.8299808763802,0.03275083275625942,0.27942619374667316,0.0001219715789786953,0.0007283739676663607,0.0001795284511011592,,0.007943398836939843,0.6471308405716563
Reduced,pure_NH3_phi1.2,0.32421875,1812.2872604687163,0.03182194334037682,0.28031576824939414,0.00011908647374790315,0.0006788974884149801,0.00017984811285662317,,0.00737574720209192,0.647631170485322
Reduced,pure_NH3_phi1.2,0.32812500000000006,1817.3450350100513,0.030953304944895017,0.2811375734614272,0.00011619822758211503,0.0006327747758551313,0.0001797624059994799,,0.006851297452159671,0.6480985333717885
Reduced,pure_NH3_phi1.2,0.33593750000000006,1826.347326796058,0.029384437395574805,0.28259308107248243,0.00011044454676962491,0.000550101188214565,0.00017848641866396702,,0.005922318086602204,0.6489405373769045
Reduced,pure_NH3_phi1.2,0.34375000000000006,1834.0798860282205,0.028009347307870275,0.2838350913496751,0.00010478838147693514,0.0004787181332185003,0.00017603275489997287,,0.005129078329068336,0.6496754600428895
Reduced,pure_NH3_phi1.2,0.35156250000000006,1840.7220071299075,0.02680204819657376,0.28489495260209585,9.928649162884516e-05,0.0004172597902898095,0.00017266560547035776,,0.0044516346652394324,0.6503169775856582
Reduced,pure_NH3_phi1.2,0.35937500000000006,1846.4306504930555,0.025739678206256042,0.28579989793059984,9.398254217730328e-05,0.0003644152307778431,0.0001686195674583082,,0.003872652461765587,0.650877378033211
Reduced,pure_NH3_phi1.2,0.36718750000000006,1851.3418263317596,0.024802332511978546,0.2865733484746236,8.890737297643647e-05,0.0003189831867095074,0.00016409514918861527,,0.003377218165775928,0.6513675343923006
Reduced,pure_NH3_phi1.2,0.37500000000000006,1855.572485407226,0.023972809595651092,0.28723529625836136,8.408058468888803e-05,0.00027989529325121737,0.00015925852608009622,,0.00295259938416976,0.6517969603253928
Reduced,pure_NH3_phi1.2,0.38281250000000006,1859.2226203178607,0.023236321470852205,0.2878027134673848,7.951251513038707e-05,0.0002462200821986483,0.00015424386676937186,,0.00258798684733738,0.6521739128584757
Reduced,pure_NH3_phi1.2,0.390625,1862.3773797427787,0.022580199046763748,0.28828995404689917,7.520621184740988e-05,0.00021715613737882135,0.00014915699341097558,,0.002274240194571365,0.6525055174300184
Reduced,pure_NH3_phi1.2,0.3984375,1865.1090748734896,0.02199361120711492,0.28870912777288615,7.115921700538579e-05,0.00019201988969796843,0.00014407953178969282,,0.002003650488000699,0.6527978991056479
Reduced,pure_NH3_phi1.2,0.40625,1867.4790125340137,0.02146730755152196,0.28907043688853057,6.73650915939897e-05,0.00017023141915908224,0.00013907302446777964,,0.0017697260182767938,0.6530563100733626
Reduced,pure_NH3_phi1.2,0.4140625,1869.5391268144174,0.020993389080328547,0.28938247190488997,6.38146691369058e-05,0.00015130019824800297,0.00013418271380648543,,0.0015670037774571273,0.6532852479195336
Reduced,pure_NH3_phi1.2,0.421875,1871.333404745988,0.02056510760187824,0.28965246713995546,6.049706533299602e-05,0.0001348117872240087,0.0001294408602995663,,0.0013908863898559806,0.6534885620909827
Reduced,pure_NH3_phi1.2,0.42968750000000006,1872.8991155776102,0.020176692764344632,0.2898865187816055,5.7400494182745967e-05,0.00012041592531920333,0.00012486956296079262,,0.0012375028304467102,0.6536695477746554
Reduced,pure_NH3_phi1.2,0.43750000000000006,1874.2678608647675,0.019823205816429653,0.2900897692002141,5.4512970893845384e-05,0.00010781613733653036,0.0001204831898153331,,0.0011035905504068405,0.6538310274615211
Reduced,pure_NH3_phi1.2,0.45312500000000006,1876.4952495556695,0.01920827792093574,0.29041694800269724,4.9329961702824426e-05,8.724579641784021e-05,0.00011230020687764073,,0.0008858789313634206,0.6541027740694839
Reduced,pure_NH3_phi1.2,0.46875000000000006,1878.2209710042064,0.018687154137094545,0.2906666867946474,4.481191710139299e-05,7.119828349490922e-05,0.00010487485618577766,,0.000716806327193809,0.6543233076722587
Reduced,pure_NH3_phi1.2,0.4843750000000001,1879.5657859768387,0.01823996706845978,0.29085816583064955,4.0868214909509726e-05,5.858272850989751e-05,9.817080799840534e-05,,0.0005842991334656798,0.6545038520700432
Reduced,pure_NH3_phi1.2,0.5000000000000001,1880.61870510558,0.01785169721044082,0.291005416228145,3.74200133298198e-05,4.859093390548957e-05,9.21364702321695e-05,,0.0004795417713527619,0.6546528607946822
Reduced,pure_NH3_phi1.2,0.5156250000000001,1881.4459136489002,0.017510871948560002,0.291118795324361,3.4399127972170554e-05,4.062030452952057e-05,8.671436765777935e-05,,0.0003960387306902316,0.6547767585366118
Reduced,pure_NH3_phi1.2,0.5312500000000001,1882.0970586525896,0.017208640293403937,0.2912060181075157,3.174707450139965e-05,3.4218020710127166e-05,8.184674181916788e-05,,0.00032896000047252924,0.6548804723559432
Reduced,pure_NH3_phi1.2,0.5468750000000001,1882.60970432384,0.016938108042324363,0.29127288296381276,2.941406618405324e-05,2.904072155327966e-05,7.74786670689086e-05,,0.0002746813961917591,0.6549678142828541
Reduced,pure_NH3_phi1.2,0.5625000000000001,1883.0125106655582,0.016693857081650717,0.2913237859952477,2.7358169097753366e-05,2.4825123679935786e-05,7.355975289951994e-05,,0.00023045939280270602,0.6550417588356725
Reduced,pure_NH3_phi1.2,0.5937500000000002,1883.554792333349,0.016271343864978197,0.2913877959873188,2.3974494068669346e-05,1.866300759059649e-05,6.693980065672404e-05,,0.0001658913996131784,0.6551564934235414
Reduced,pure_NH3_phi1.2,0.6250000000000001,1883.8752195544248,0.015909766021104305,0.2914205391586023,2.1291183663938265e-05,1.439245647895678e-05,6.15667274487413e-05,,0.0001210882564239739,0.6552422368368856
Reduced,pure_NH3_phi1.2,0.6562500000000001,1884.0466158931545,0.015593275816241807,0.29143275281800235,1.9146021179891682e-05,1.1380441470632872e-05,5.7186421650218705e-05,,8.941770580159625e-05,0.6553072662660131
Reduced,pure_NH3_phi1.2,0.6875000000000001,1884.1158947540507,0.015311002575766895,0.2914312617142409,1.7418966839452555e-05,9.217809544302821e-06,5.360253125063014e-05,,6.666616375838092e-05,0.6553571598229018
Reduced,pure_NH3_phi1.2,0.7187500000000001,1884.1140846961496,0.015055300878936093,0.29142051048221335,1.6019981178271454e-05,7.637313806822695e-06,5.0661343512258855e-05,,5.008811714351971e-05,0.6553957660768397
Reduced,pure_NH3_phi1.2,0.7500000000000001,1884.062205065755,0.014820676795564139,0.29140346024358094,1.4881084802397577e-05,6.460841025385895e-06,4.8241795046675394e-05,,3.7851712952465024e-05,0.6554257946565836
Reduced,pure_NH3_phi1.2,0.8125,1883.8518879002045,0.014402631361196704,0.29135651204578167,1.323170647383782e-05,4.946664775456166e-06,4.468404499705734e-05,,2.2648555547857003e-05,0.6554659553728338
Reduced,pure_NH3_phi1.2,0.8750000000000001,1883.572510827187,0.014028933350125327,0.2913020461252581,1.2092982479541096e-05,4.01370537697633e-06,4.221672463520892e-05,,1.373989356720691e-05,0.6554916361357944
Reduced,pure_NH3_phi1.2,0.9375000000000001,1883.2585345379928,0.013687883781204554,0.29124437853016205,1.1298015060177324e-05,3.414407184298573e-06,4.048581155275224e-05,,8.40823191399831e-06,0.6555079651964079
Reduced,pure_NH3_phi1.2,1.0000000000000002,1882.9295905960755,0.01337214827175817,0.2911858410103583,1.0737062006416514e-05,3.0121938827526343e-06,3.9256649510159854e-05,,5.150052367052022e-06,0.6555179882312772
Reduced,pure_NH3_phi1.2,1.1250000000000002,1882.262140983796,0.012802360225393796,0.2910700985172298,1.009780874046515e-05,2.5555622464970074e-06,3.782866170651996e-05,,2.212233384248032e-06,0.6555246416350983
Reduced,pure_NH3_phi1.2,1.25,1881.6174253215122,0.012286771589693476,0.29096010748331924,9.752192388061066e-06,2.2911801818500613e-06,3.703576665513206e-05,,9.905368643586784e-07,0.6555249643129272
Reduced,pure_NH3_phi1.2,1.375,1881.0076078687907,0.011814657435344109,0.29085675696266927,9.558743052878947e-06,2.1190253683656502e-06,3.6565313046578365e-05,,4.780783611021068e-07,0.6555219913746766
Reduced,pure_NH3_phi1.2,1.5,1880.4365211646254,0.011379775167705573,0.29076006546733507,9.444362259376034e-06,1.9938672459753417e-06,3.626229917806501e-05,,2.5829354179765225e-07,0.6555169699854609
Reduced,pure_NH3_phi1.2,1.7500000000000002,1879.4144402770369,0.010611005796747336,0.2905858460943195,9.335722852817027e-06,1.8175256326356023e-06,3.591698370619049e-05,,1.4227762482434783e-07,0.6555010830034104
Reduced,pure_NH3_phi1.2,2.0,1878.5129510876477,0.009936955865264512,0.2904333630698851,9.279157028540834e-06,1.6817677481640864e-06,3.5698340896830305e-05,,1.1228220633904076e-07,0.6554880189554946
Reduced,pure_NH3_phi1.2,2.5,1877.042799352209,0.00884244545772072,0.2901870929461993,9.231525193012354e-06,1.481449652674887e-06,3.544660393939594e-05,,1.0065609375148235e-07,0.655468691336296
Reduced,pure_NH3_phi1.2,3.4999999999999996,1875.0379517001206,0.007359023750443859,0.2898861537235625,9.228264179068394e-06,1.233933979137293e-06,3.527595307066123e-05,,9.466152733040755e-08,0.6555207593995079
Reduced,pure_NH3_phi1.2,5.0,1875.0379517001206,0.007359023750432362,0.2898861537231096,9.228264179053977e-06,1.2339339791353655e-06,3.527595307060612e-05,,9.466152733025966e-08,0.6555207594000461
Optimized,pure_NH3_phi1.2,0.0,298.0,0.2279490487204729,0.027379298257368328,2.141038768418175e-07,1.1500268835740331e-05,1.7273504409852457e-12,,0.14647303236213483,0.5866173948923585
Optimized,pure_NH3_phi1.2,0.007812500000000002,324.7243982989753,0.2245306947127957,0.0320840426225977,2.532603760893652e-07,1.428453251126166e-05,1.9293544067086813e-12,,0.14467600149616408,0.5865633653573082
Optimized,pure_NH3_phi1.2,0.015625000000000003,353.5791757981083,0.2208879111992388,0.03714443863525888,3.0621886145820655e-07,1.7493387800771727e-05,2.8829632895383353e-12,,0.14270191081757447,0.5865627437635719
Optimized,pure_NH3_phi1.2,0.023437500000000003,384.47868290896446,0.21703493962807055,0.042533659088771554,3.7465752698698076e-07,2.1148652956340013e-05,4.821012062417902e-12,,0.14055186085398166,0.5866274539709997
Optimized,pure_NH3_phi1.2,0.03125000000000001,417.3239661401932,0.21298467054290365,0.04822624648206646,4.611880895986172e-07,2.5270602648711377e-05,8.932852761185723e-12,,0.13822725722433316,0.586768806908396
Optimized,pure_NH3_phi1.2,0.03906250000000001,452.00881383716626,0.20874832901585907,0.05419907001183658,5.693419351677503e-07,2.9878461622119908e-05,1.8762125386176006e-11,,0.13572951609679018,0.5869972246052669
Optimized,pure_NH3_phi1.2,0.04687500000000001,488.42524919742164,0.2043353959074811,0.06043175318932366,7.036567856676627e-07,3.499080906076441e-05,4.472121333717936e-11,,0.13305988086605963,0.5873221334211877
Optimized,pure_NH3_phi1.2,0.05078125,507.26482720669196,0.20206441665443955,0.0636410633191484,7.829170968046886e-07,3.774579178737484e-05,7.275298562042483e-11,,0.1316599393269358,0.5875240699646151
Optimized,pure_NH3_phi1.2,0.05468750000000001,526.5094760217098,0.19975101615104082,0.06691054069249437,8.712532633163243e-07,4.063917445195748e-05,1.1878918758861639e-10,,0.13021598078705268,0.5877541204559088
Optimized,pure_NH3_phi1.2,0.05859375000000001,546.1462279352855,0.1973960035392192,0.07023826747592495,9.69617855038174e-07,4.36733659013529e-05,1.9367857905881824e-10,,0.12872809876578528,0.5880132463086686
Optimized,pure_NH3_phi1.2,0.06250000000000001,566.1626845781951,0.19500009785624953,0.07362248483513369,1.079051996721575e-06,4.685077061075298e-05,3.1369437383793617e-10,,0.12719636749794455,0.5883023547772257
Optimized,pure_NH3_phi1.2,0.06640625000000001,586.5470581914273,0.1925639346107572,0.07706158122304144,1.200688446685565e-06,5.017379107645404e-05,5.031014939512866e-10,,0.12562084313714778,0.5886223031415007
Optimized,pure_NH3_phi1.2,0.07031250000000001,607.2881933748552,0.19008807204670253,0.08055408023677224,1.3357573373878286e-06,5.36448287043633e-05,7.978759279209141e-10,,0.12400156539375946,0.5889739028715905
Optimized,pure_NH3_phi1.2,0.07421875000000003,628.3755697183508,0.18757299689857074,0.08409862832929067,1.4855977443555021e-06,5.7266283030234026e-05,1.2511384767555341e-09,,0.12233855956156398,0.5893579236657889
Optimized,pure_NH3_phi1.2,0.07812500000000001,649.7992856103883,0.18501912944578333,0.08769398257803446,1.6516793527891834e-06,6.104054905199808e-05,1.9410112669668484e-09,,0.12063183889327726,0.5897750973072894
Optimized,pure_NH3_phi1.2,0.08203125000000001,671.5500229685845,0.1824268277230534,0.0913389985650874,1.835639377262997e-06,6.497001215242876e-05,2.9818174096500437e-09,,0.1188814073459869,0.5902261212907801
Optimized,pure_NH3_phi1.2,0.08593750000000001,693.6189923909899,0.17979639072355624,0.09503261836726741,2.039340453538593e-06,6.905703992446137e-05,4.539792257238209e-09,,0.11708726270959151,0.5907116622155084
Optimized,pure_NH3_phi1.2,0.08984375000000001,715.9978576466824,0.17712806047802868,0.0987738585145576,2.2649553690248635e-06,7.33039696969821e-05,6.85476681913259e-09,,0.11524940019226175,0.5912323589291093
Optimized,pure_NH3_phi1.2,0.09375000000000001,738.6786383749555,0.17442202286936273,0.10256179774131556,2.5150843203418483e-06,7.771309018860536e-05,1.0269649552077021e-08,,0.11336781651409054,0.5917888254471776
Optimized,pure_NH3_phi1.2,0.09765625,761.6535896245346,0.17167840711513754,0.10639556422253064,2.7929098262495438e-06,8.228661488126495e-05,1.5270060668716008e-08,,0.11144251462805214,0.5923816536413199
Optimized,pure_NH3_phi1.2,0.1015625,784.9150573608653,0.16889728386324007,0.11027432197799165,3.1023933738505673e-06,8.702664402436813e-05,2.2537303994676374e-08,,0.10947350916943639,0.5930114157198901
Optimized,pure_NH3_phi1.2,0.10546875,808.4553094445039,0.16607866199827476,0.11419725600478357,3.448515710250829e-06,9.193511092520987e-05,3.301921778145722e-08,,0.10746083284442301,0.5936786664645325
Optimized,pure_NH3_phi1.2,0.10937500000000001,832.2663427015666,0.1632224843741894,0.11816355570240406,3.8375587049109395e-06,9.701370710196314e-05,4.8025511193057777e-08,,0.10540454400157866,0.5943839451956378
Optimized,pure_NH3_phi1.2,0.11328125000000001,856.3396675016561,0.1603286230027096,0.12217239600904954,4.277419948873256e-06,0.00010226377910516152,6.935704280152092e-08,,0.10330473582551457,0.5951277773347259
Optimized,pure_NH3_phi1.2,0.11718750000000001,880.6660724606587,0.15739687453866438,0.12622291561823026,4.777941599964388e-06,0.00010768618817263488,9.948176959909587e-08,,0.10116154770359428,0.5959106754021039
Optimized,pure_NH3_phi1.2,0.12109375000000003,905.235372280828,0.15442695745392288,0.1303141913877746,5.351222903559742e-06,0.00011328112129313167,1.417729493775625e-07,,0.0989751795881465,0.5967331391186803
Optimized,pure_NH3_phi1.2,0.12500000000000003,930.0361420991231,0.1514185128268335,0.13444520786916497,6.011873369333869e-06,0.000119047839526471,2.0082608045131212e-07,,0.09674591031211004,0.5975956541857214
Optimized,pure_NH3_phi1.2,0.12890625000000003,955.0554410486518,0.14837111140102063,0.13861482050869078,6.777153073482717e-06,0.0001249843453335923,2.82868363440812e-07,,0.0944741210573035,0.598498689053826
Optimized,pure_NH3_phi1.2,0.13281250000000003,980.2785272648755,0.1452842701386262,0.14282171088501575,7.666941130306061e-06,0.00013108694629634202,3.962666699806002e-07,,0.0921603251865085,0.5994426888034644
Optimized,pure_NH3_phi1.2,0.13671875000000003,1005.6885658481903,0.14215748206172443,0.1470643321797884,8.70347483223699e-06,0.00013734968733726766,5.521271855338365e-07,,0.08980520567788354,0.6004280648968748
Optimized,pure_NH3_phi1.2,0.14062500000000003,1031.2663364740708,0.1389902632661175,0.15134084339022436,9.910812193104316e-06,0.00014376361993852986,7.649565634883835e-07,,0.0874096610910542,0.6014551793225478
Optimized,pure_NH3_phi1.2,0.14453125000000006,1056.9900711662478,0.1357822212412157,0.15564903121685372,1.13139894224336e-05,0.00015031587622428553,1.0533391055473703e-06,,0.08497486068093624,0.6025243212758882
Optimized,pure_NH3_phi1.2,0.14843750000000006,1082.8353575355127,0.13253314720052106,0.1599862200145873,1.2937871768277961e-05,0.00015698852436161218,1.440380749256193e-06,,0.08250230847544453,0.6036356745076757
Optimized,pure_NH3_phi1.2,0.15039062500000006,1095.7936870099938,0.13089337785902708,0.162164291033605,1.3841578779259554e-05,0.00016036042657064428,1.6803423888108363e-06,,0.08125269813595291,0.6042071445357948
Optimized,pure_NH3_phi1.2,0.15234375000000006,1108.7720542514191,0.12924334480371252,0.16434838751862244,1.4809504325326688e-05,0.00016375278208229864,1.9561011574213172e-06,,0.07999432561946447,0.6047892687191813
Optimized,pure_NH3_phi1.2,0.15429687500000006,1121.7665301925201,0.12758313034039412,0.1665379955472262,1.5844088403717214e-05,0.00016716118273544497,2.2722208616345837e-06,,0.07872750675399601,0.6053820220780101
Optimized,pure_NH3_phi1.2,0.15625000000000003,1134.7729732356504,0.12591286362754284,0.1687325470170726,1.6947415603292373e-05,0.00017058058313189424,2.6335114594974388e-06,,0.07745259969903404,0.6059853544193886
Optimized,pure_NH3_phi1.2,0.158203125,1147.787041756294,0.12423270990775467,0.17093142681081935,1.8121259656006536e-05,0.00017400526734805951,3.0450995360865234e-06,,0.07616999391265385,0.6065992037016956
Optimized,pure_NH3_phi1.2,0.16015625,1160.8041787279628,0.12254289261802606,0.1731339601802328,1.9366932744644536e-05,0.00017742877932519502,3.5124092202407255e-06,,0.07488012531732326,0.6072234778633322
Optimized,pure_NH3_phi1.2,0.162109375,1173.8196162542833,0.1208436832970236,0.17533941875389278,2.0685339755155195e-05,0.0001808438795309552,4.041145015662641e-06,,0.07358346616158942,0.6078580675879636
Optimized,pure_NH3_phi1.2,0.16406250000000003,1186.8283728397928,0.11913542280693595,0.17754701052941704,2.2076833713662736e-05,0.00018424250407760235,4.6372377512095285e-06,,0.07228053842481612,0.6085028284262396
Optimized,pure_NH3_phi1.2,0.16601562500000003,1199.825249401299,0.11741851177774319,0.17975588472325618,2.354128296111236e-05,0.00018761571732618272,5.306812399734863e-06,,0.07097190455037132,0.6091575929937713
Optimized,pure_NH3_phi1.2,0.16796875000000003,1212.8048401073813,0.11569343005640076,0.18196512496431205,2.5077941381434686e-05,0.00019095371410540943,6.056108209185635e-06,,0.06965817863156201,0.609822153766177
Optimized,pure_NH3_phi1.2,0.16992187500000003,1225.7615194436362,0.11396072741250506,0.18417375305354017,2.6685530645648905e-05,0.00019424577595076104,6.891436714551595e-06,,0.06834001798437074,0.6104962747804816
Optimized,pure_NH3_phi1.2,0.17187500000000003,1238.6894674362957,0.11222104021763345,0.18638072592310787,2.8362132898570316e-05,0.00019748033183088396,7.819076008493534e-06,,0.0670181316733657,0.611179675544092
Optimized,pure_NH3_phi1.2,0.17382812500000003,1251.5826474974385,0.11047508212799183,0.18858493834388385,3.010528843762386e-05,0.00020064492597425657,8.845225425352158e-06,,0.06569327290211294,0.6118720423373387
Optimized,pure_NH3_phi1.2,0.17578125000000003,1264.4348467612908,0.10872365700541667,0.19078522411187032,3.1911916440772594e-05,0.00020372635098371358,9.97587636442688e-06,,0.06436624449699811,0.612573013709733
Optimized,pure_NH3_phi1.2,0.17773437500000003,1277.2396446931657,0.10696764940612546,0.19298035766656937,3.377842592051359e-05,0.00020671063333321235,1.1216774166537509e-05,,0.06303789214429369,0.6132821914570301
Optimized,pure_NH3_phi1.2,0.17968750000000003,1289.9904692271111,0.10520803294143179,0.19516905978690743,3.5700666919619926e-05,0.00020958324810179424,1.257327742382896e-05,,0.061709106568944225,0.6139991281425301
Optimized,pure_NH3_phi1.2,0.18164062500000003,1302.6805563973576,0.10344586064490681,0.19734999794911087,3.7674049962845546e-05,0.00021232912389894417,1.4050377174789717e-05,,0.060380817710398965,0.6147233377754354
Optimized,pure_NH3_phi1.2,0.18359375000000003,1315.303022606388,0.1016822684804254,0.1995217963771654,3.969352635382383e-05,0.00021493294052156979,1.5652754692712477e-05,,0.05905399349076883,0.6154542857074574
Optimized,pure_NH3_phi1.2,0.18750000000000003,1340.3260955188452,0.09815392828726659,0.20383445792899027,4.385488165267844e-05,0.00021967049991947825,1.9248904495735335e-05,,0.05640726070735269,0.6169349294777933
Optimized,pure_NH3_phi1.2,0.19140625000000003,1364.995237948049,0.09463520144748121,0.20809343859454105,4.813145653531093e-05,0.00022366234234631448,2.3381328488759013e-05,,0.05377863166879519,0.6184349845877445
Optimized,pure_NH3_phi1.2,0.1953125,1389.2519662271695,0.09113735877263769,0.21228677761334389,5.2474132614874824e-05,0.00022679507774107084,2.8057685835962277e-05,,0.051176689685497705,0.6199488125266045
Optimized,pure_NH3_phi1.2,0.19921875,1413.0375443277262,0.08767224350605408,0.21640247270606316,5.683295343315272e-05,0.00022897071113735132,3.327131617654064e-05,,0.048610136150742736,0.6214702878204367
Optimized,pure_NH3_phi1.2,0.203125,1436.2939935280428,0.08425195156975056,0.22042875100411782,6.11589388991821e-05,0.00023011346757541976,3.900024437838527e-05,,0.04608759882355008,0.6229929266180736
Optimized,pure_NH3_phi1.2,0.20703125,1458.9652060783399,0.08088850525642664,0.2243543356849371,6.54055420085286e-05,0.00023017532904245135,4.5207193819686716e-05,,0.04361744039839927,0.6245100349447098
Optimized,pure_NH3_phi1.2,0.2109375,1480.9981056101929,0.07759353990613087,0.22816869512084695,6.952969826191214e-05,0.00022913962706547607,5.184032297940026e-05,,0.04120757717187079,0.6260148680990306
Optimized,pure_NH3_phi1.2,0.21484375000000003,1502.3437853306934,0.07437801926868313,0.23186226337613586,7.349248769247101e-05,0.00022702229280535349,5.883460230320198e-05,,0.038865316117,0.627500792205459
Optimized,pure_NH3_phi1.2,0.21875000000000003,1522.958553059854,0.0712519907788543,0.23542662358804123,7.725947697154618e-05,0.00022387067832208663,6.611374022336558e-05,,0.03659721677279774,0.6289614392251701
Optimized,pure_NH3_phi1.2,0.22265625000000003,1542.804820427342,0.06822438774515592,0.2388546487685356,8.080083111581377e-05,0.00021976017178968927,7.35925525790419e-05,,0.03440898224071803,0.6303908476913211
Optimized,pure_NH3_phi1.2,0.22656250000000003,1561.8517881549774,0.06530288195660304,0.24214059730891943,8.409128336885009e-05,0.00021478907862830358,8.117965614552064e-05,,0.03230538158580375,0.6317835829351786
Optimized,pure_NH3_phi1.2,0.23046875000000003,1580.0758983379221,0.06249378729416194,0.24528016306379383,8.71100351375627e-05,0.0002090723969423038,8.878035952213603e-05,,0.030290204072286345,0.6331348324271315
Optimized,pure_NH3_phi1.2,0.23437500000000003,1597.4610434795516,0.05980201265409975,0.24827048198239102,8.98406331406977e-05,0.00020273516358192576,9.629961793352619e-05,,0.028366244125803793,0.6344404738187994
Optimized,pure_NH3_phi1.2,0.23828125000000003,1613.998539596143,0.057231060570508537,0.25111009905877446,9.227084602843711e-05,0.00019590599802830766,0.00010364491636727819,,0.026535314608073377,0.6356971151774474
Optimized,pure_NH3_phi1.2,0.24218750000000006,1629.6868844099913,0.05478306647417071,0.25379890065153554,9.439254226731331e-05,0.00018871134807852587,0.00011072895063863398,,0.024798285050935575,0.6369021085540172
Optimized,pure_NH3_phi1.2,0.24609375000000006,1644.5313318965366,0.052458872381269006,0.25633801818484103,9.62015581955566e-05,0.0001812707783123718,0.00011747198776868866,,0.02315514079881684,0.6380535393758096
Optimized,pure_NH3_phi1.2,0.25000000000000006,1658.5433202864035,0.050258128130411354,0.2587297097102105,9.769753966506197e-05,0.00017369347070823538,0.00012380380851858698,,0.021605058649912075,0.6391501951064219
Optimized,pure_NH3_phi1.2,0.25390625000000006,1671.7397932603083,0.04817941295705815,0.2609772259711483,9.88837417710267e-05,0.00016607595364037415,0.00012966516272297098,,0.020146494444139466,0.6401915172125255
Optimized,pure_NH3_phi1.2,0.25781250000000006,1684.1424533577042,0.04622037032025555,0.2630846673620034,9.976677630345466e-05,0.00015850095683140749,0.0001350087015462992,,0.01877727818159727,0.6411775406971894
Optimized,pure_NH3_phi1.2,0.26171875000000006,1695.776983889982,0.04437784932915908,0.26505683768956195,0.0001003563038429027,0.00015103721291599942,0.00013979938500194972,,0.017494712552469108,0.6421088253949125
Optimized,pure_NH3_phi1.2,0.26562500000000006,1706.6722710410065,0.04264804687971086,0.26689909989028704,0.00010066467463922373,0.00014373998936251925,0.00014401439559730254,,0.01629567124235002,0.64298638289821
Optimized,pure_NH3_phi1.2,0.26953125000000006,1716.8596524879629,0.04102664553775711,0.2686172379955639,0.00010070652848278341,0.00013665213079565726,0.00014764261574999737,,0.015176693938860165,0.6438116025048788
Optimized,pure_NH3_phi1.2,0.27343750000000006,1726.3722129493203,0.039508943266813194,0.270217328670888,0.00010049836777030889,0.0001298054116042011,0.00015068374620104958,,0.014134075605876654,0.6445861789793785
Optimized,pure_NH3_phi1.2,0.27734375000000006,1735.244141369465,0.03808997215227825,0.2717056247168378,0.00010005811988217229,0.00012322203231116203,0.00015314715359103658,,0.0131639482239431,0.6453120442988615
Optimized,pure_NH3_phi1.2,0.28125000000000006,1743.5101590517354,0.03676460429096734,0.273088452015174,9.94047048845696e-05,0.00011691613216492232,0.00015505053821785814,,0.012262353813604868,0.645991304935492
Optimized,pure_NH3_phi1.2,0.28515625000000006,1751.2050234179414,0.035527643903576496,0.2743721206180515,9.855762298873953e-05,0.00011089522853692738,0.00015641850865859131,,0.011425308105027591,0.6466261856671269
Optimized,pure_NH3_phi1.2,0.2890625000000001,1758.363108147956,0.03437390548481161,0.27556285000449043,9.753657355849922e-05,0.00010516152717181093,0.00015728114025217172,,0.01064885469407509,0.647218980419009
Optimized,pure_NH3_phi1.2,0.2929687500000001,1765.0180574290637,0.033298278393521986,0.2766667080049632,9.636111431709967e-05,9.971307420782527e-05,0.000157672581248846,,0.0099291099040901,0.6477720102433011
Optimized,pure_NH3_phi1.2,0.2968750000000001,1771.202509775521,0.032295778724573086,0.27768956250004195,9.505036612804067e-05,9.454474085404507e-05,0.00015762975563017747,,0.009262298865975386,0.6482875882341269
Optimized,pure_NH3_phi1.2,0.3007812500000001,1776.9478853831881,0.03136158959530056,0.27863704473837453,9.362276568930873e-05,8.964904518263371e-05,0.00015719119687027883,,0.008644783530742944,0.6487679909555608
Optimized,pure_NH3_phi1.2,0.3046875000000001,1782.2842300806803,0.030491091159404217,0.27951452296256857,9.209586599017081e-05,8.501682367352465e-05,0.00015639603448980714,,0.008073083456554475,0.6492154358116224
Optimized,pure_NH3_phi1.2,0.3085937500000001,1787.240108549795,0.0296798817636521,0.2803270849568576,9.048618306806567e-05,8.06377687166525e-05,0.0001552831543279806,,0.007543890271816831,0.6496320637013928
Optimized,pure_NH3_phi1.2,0.31250000000000006,1791.842539340261,0.028923791805442318,0.2810795280245799,8.880908915622137e-05,7.650084705857826e-05,0.00015389062378489443,,0.0070540767236676434,0.6500199262562711
Optimized,pure_NH3_phi1.2,0.3203125,1800.0654852983675,0.02756483379814756,0.2824179613000511,8.529474614038139e-05,6.891688730053986e-05,0.00015037939990697837,,0.006183497290567338,0.650715399009032
Optimized,pure_NH3_phi1.2,0.32812500000000006,1807.1739294574506,0.02638017302774156,0.2835682985503065,8.166668940275304e-05,6.215457127757154e-05,0.00014615818642785562,,0.005435792779954354,0.6513196027449694
Optimized,pure_NH3_phi1.2,0.33593750000000006,1813.3274347487063,0.025345100557889987,0.28455843604512265,7.800336332374161e-05,5.612822324348596e-05,0.00014144889181237706,,0.004792689264733906,0.6518451170329258
Optimized,pure_NH3_phi1.2,0.34375000000000006,1818.663683901495,0.024438286261080418,0.2854122948349972,7.436642745118264e-05,5.075728026552684e-05,0.0001364361821090418,,0.004238495913347196,0.6523029205119556
Optimized,pure_NH3_phi1.2,0.35156250000000006,1823.300711125549,0.02364143955447368,0.2861502523440586,7.080273989335728e-05,4.596797803391539e-05,0.000131268644092481,,0.003759838044376281,0.6527025104497076
Optimized,pure_NH3_phi1.2,0.35937500000000006,1827.3392418472433,0.022938948273132684,0.2867895871589832,6.734657249114335e-05,4.169386209567765e-05,0.00012606232959803642,,0.003345374215432005,0.6530520510059654
Optimized,pure_NH3_phi1.2,0.36718750000000006,1830.8649670069015,0.02231752569412586,0.28734490586834754,6.40218123361568e-05,3.787566843342695e-05,0.00012090526330785697,,0.0029855205304928135,0.6533585299957885
Optimized,pure_NH3_phi1.2,0.37500000000000006,1833.95065197285,0.02176588281959609,0.28782853457783,6.084400247514346e-05,3.4460881395254855e-05,0.00011586214353953927,,0.002672195360858338,0.6536279116563343
Optimized,pure_NH3_phi1.2,0.38281250000000006,1836.6580315011888,0.021274434125415794,0.28825086727425653,5.782214413088787e-05,3.1403144501042334e-05,0.00011097878344751229,,0.002398590820331927,0.6538652784140332
Optimized,pure_NH3_phi1.2,0.390625,1839.0394755718182,0.020835039343158897,0.28862066928306546,5.4960233234357563e-05,2.866162157931721e-05,0.00010628606047666925,,0.0021589729187682424,0.6540749583177792
Optimized,pure_NH3_phi1.2,0.3984375,1841.1394312560342,0.02044078068005496,0.28894533762856534,5.2258538222019856e-05,2.6200359809399238e-05,0.00010180329108543019,,0.0019485096703900674,0.6542606371129477
Optimized,pure_NH3_phi1.2,0.40625,1842.9956572732915,0.020085774488315965,0.2892311218123549,4.971464894464202e-05,2.3987681595788134e-05,9.754115822558759e-05,,0.0017631250033325262,0.6544254552247722
Optimized,pure_NH3_phi1.2,0.421875,1846.0737993103041,0.0194784389323205,0.2897019819848,4.5086921938501556e-05,2.0223472769644487e-05,8.970220003421447e-05,,0.0014572002201509635,0.6547005901342752
Optimized,pure_NH3_phi1.2,0.43750000000000006,1848.5212945230728,0.018974202611385764,0.2900732926945182,4.100623359091695e-05,1.714528375694028e-05,8.271520103741439e-05,,0.0012148440542099888,0.6549217548631442
Optimized,pure_NH3_phi1.2,0.45312500000000006,1850.4840961007899,0.01855007197823431,0.29036864792773337,3.7414123662426536e-05,1.4616440607834628e-05,7.651390617836714e-05,,0.0010208412899815797,0.6551011620934286
Optimized,pure_NH3_phi1.2,0.46875000000000006,1852.0705098773437,0.018188882469469817,0.2906054224056871,3.425266067384976e-05,1.2528901794968965e-05,7.102054044768494e-05,,0.0008640246169493524,0.6552479193349114
Optimized,pure_NH3_phi1.2,0.4843750000000001,1853.361702031105,0.01787768249248679,0.2907965459880698,3.1467963204048804e-05,1.0797462753248759e-05,6.615627006306838e-05,,0.0007361110661906169,0.655368884654044
Optimized,pure_NH3_phi1.2,0.5000000000000001,1854.4190986795359,0.01760659751131353,0.29095174177038907,2.901169636843087e-05,9.354764203454961e-06,6.18467198943542e-05,,0.0006308922545138664,0.6554692722688408
Optimized,pure_NH3_phi1.2,0.5156250000000001,1855.2896319891026,0.017368023242646333,0.29107839624254456,2.684144841957161e-05,8.147267796003363e-06,5.802447233687617e-05,,0.0005436669195778979,0.6555530838301857
Optimized,pure_NH3_phi1.2,0.5312500000000001,1856.0094893997439,0.017156048326646252,0.2911821759399626,2.4920588251204084e-05,7.132051137811685e-06,5.462989533110662e-05,,0.0004708399474624632,0.6556234178473092
Optimized,pure_NH3_phi1.2,0.5625000000000001,1857.0817499259188,0.016798001829673437,0.2913342902851616,2.1733628017803994e-05,5.573546288479707e-06,4.897296055089077e-05,,0.000360040545134738,0.6557309250589666
Optimized,pure_NH3_phi1.2,0.5937500000000002,1857.8334216203064,0.016499292492616394,0.29143828896047147,1.9185300805456685e-05,4.436106954296792e-06,4.444078468457564e-05,,0.00027917176845308945,0.6558096852117666
Optimized,pure_NH3_phi1.2,0.6250000000000001,1858.361501505384,0.016243411487439203,0.29150902404298684,1.7130470391846548e-05,3.595883869810054e-06,4.077975808552925e-05,,0.0002189804748475359,0.6558680846578635
Optimized,pure_NH3_phi1.2,0.6562500000000001,1858.7300648752803,0.016019237129959597,0.2915562523279802,1.5461043855503796e-05,2.9672970035992104e-06,3.780248789602164e-05,,0.00017341378834450513,0.6559117149244228
Optimized,pure_NH3_phi1.2,0.6875000000000001,1858.9825714931474,0.015819076952231656,0.29158655553404494,1.4096205664906755e-05,2.4906989471106626e-06,3.536840846969685e-05,,0.00013840474069035894,0.6559443999959168
Optimized,pure_NH3_phi1.2,0.7500000000000001,1859.2300160963846,0.015474493165627743,0.2916100393635143,1.209968381277294e-05,1.8628831980409145e-06,3.1812218024167005e-05,,9.165102444085825e-05,0.6559849641314639
Optimized,pure_NH3_phi1.2,0.8125,1859.2907338875086,0.015174366970106549,0.2916069344182928,1.0702785429839504e-05,1.4703101963402725e-06,2.9350655275964483e-05,,6.163752157242038e-05,0.6560077519950612
Optimized,pure_NH3_phi1.2,0.8750000000000001,1859.2390638327327,0.014904379434604143,0.29158811088754993,9.713312903873076e-06,1.2163155506172903e-06,2.762280303815676e-05,,4.179204484892844e-05,0.656019405228965
Optimized,pure_NH3_phi1.2,1.0000000000000002,1858.9304033827896,0.014428742830452798,0.2915224268576484,8.583964065978941e-06,9.489628977813997e-07,2.5674173972803017e-05,,2.1045960649774385e-05,0.6560211668035434
Optimized,pure_NH3_phi1.2,1.1250000000000002,1858.5193725552463,0.013999516399985671,0.29144366299051283,7.987291468914791e-06,8.123943269417724e-07,2.465853372105923e-05,,1.071756265301961e-05,0.6560125348158543
Optimized,pure_NH3_phi1.2,1.25,1858.0691932046948,0.013602201875169934,0.29136069680209886,7.680113820458346e-06,7.373368727319627e-07,2.4128686658128893e-05,,5.486078214787808e-06,0.655999352133166
Optimized,pure_NH3_phi1.2,1.375,1857.609944466469,0.013229385644191292,0.2912776993100998,7.532063231689232e-06,6.928285894184934e-07,2.3858090284669824e-05,,2.812842775408261e-06,0.6559844284049136
Optimized,pure_NH3_phi1.2,1.5,1857.1568006066366,0.012877185339628647,0.291196701349638,7.471067339503178e-06,6.640662201130437e-07,2.3726231559497776e-05,,1.427701649221424e-06,0.6559690687323879
Optimized,pure_NH3_phi1.2,1.7500000000000002,1856.2945723702853,0.012228976217220393,0.29104381948703983,7.485368461258679e-06,6.30317620441084e-07,2.3677458784310906e-05,,4.787661800155467e-07,0.6559382519241839
Optimized,pure_NH3_phi1.2,2.0,1855.495728917698,0.011636750433022888,0.29090476887744526,7.551110254125741e-06,6.064865554127305e-07,2.371247229736121e-05,,1.768071008819867e-07,0.6559137387483337
Optimized,pure_NH3_phi1.2,2.5,1854.1088314693477,0.01061616981674708,0.29066991020211597,7.716192689011037e-06,5.702743601281583e-07,2.3851146220423515e-05,,6.938065859840512e-08,0.6558831248326713
Optimized,pure_NH3_phi1.2,3.4999999999999996,1852.0674960735573,0.00912325457981841,0.29036562105495733,7.998597351812673e-06,5.172594641160219e-07,2.4131527394564e-05,,5.080851011123961e-08,0.6559321486236742
Optimized,pure_NH3_phi1.2,5.0,1852.0674960735573,0.009123254579192335,0.2903656210350313,7.998597351263777e-06,5.172594640805255e-07,2.4131527392907994e-05,,5.0808510107752925e-08,0.6559321486472857
